rainfall_intensity,rainfall_duration,elevation,drainage_capacity,previous_rainfall,impervious_surface,risk_level,net_water_balance
16.31,1.91,34.67,42.27,24.52,36.89,MODERATE,-1.4400000000000048
18.35,1.38,49.91,30.45,15.41,16.05,MODERATE,3.310000000000006
29.73,3.89,59.68,40.49,3.6,58.94,HIGH,-7.160000000000004
32.72,2.05,28.42,27.99,31.77,81.21,CRITICAL,36.5
4.99,3.48,45.39,31.05,9.1,67.33,MODERATE,-16.96
15.15,4.82,62.59,27.4,37.5,22.76,HIGH,25.25
13.21,8.82,56.45,49.1,1.23,49.57,HIGH,-34.66
18.57,2.13,21.26,37.8,46.66,63.18,CRITICAL,27.429999999999993
7.09,1.42,31.3,21.01,10.29,80.0,MODERATE,-3.6300000000000026
36.0,5.65,58.45,37.09,19.3,43.03,CRITICAL,18.209999999999994
3.52,2.01,40.63,56.49,14.51,57.9,LOW,-38.46
6.46,5.03,44.68,37.81,14.61,59.56,HIGH,-16.740000000000002
4.6,2.77,30.93,50.27,7.43,76.5,LOW,-38.24
17.15,7.15,15.0,35.18,10.55,49.2,CRITICAL,-7.48
4.3,4.75,48.76,25.28,81.05,45.22,CRITICAL,60.06999999999999
21.46,0.8,29.23,11.21,10.29,10.0,HIGH,20.54
20.14,8.9,16.94,37.83,26.1,20.07,CRITICAL,8.410000000000004
19.23,5.73,47.85,35.67,51.12,48.94,CRITICAL,34.67999999999999
5.26,1.65,43.31,58.24,3.91,28.6,LOW,-49.07
6.58,3.26,28.34,29.56,24.14,40.0,HIGH,1.1600000000000001
12.4,0.58,32.84,40.61,22.23,55.52,LOW,-5.979999999999997
15.62,2.36,28.32,40.16,6.01,64.73,MODERATE,-18.529999999999998
22.14,1.59,61.73,29.2,16.07,90.96,HIGH,9.010000000000002
5.39,4.29,25.98,5.0,0.79,91.77,CRITICAL,1.1799999999999997
10.49,1.39,45.83,36.03,13.51,68.9,LOW,-12.030000000000001
4.5,1.23,70.86,23.26,6.15,82.99,LOW,-12.610000000000001
11.25,3.99,72.38,28.14,50.45,32.23,HIGH,33.56
22.21,2.4,38.4,23.34,29.9,83.12,CRITICAL,28.77
24.53,2.11,37.51,31.17,1.03,98.0,HIGH,-5.609999999999999
7.72,4.04,34.79,53.09,6.34,16.8,LOW,-39.03
20.43,5.04,36.48,36.88,18.93,62.51,CRITICAL,2.479999999999997
58.38,5.14,49.27,28.61,0.09,20.75,CRITICAL,29.860000000000007
21.85,6.78,35.18,22.24,17.54,96.81,CRITICAL,17.150000000000002
1.74,4.07,49.2,47.52,9.32,64.33,LOW,-36.46
32.1,3.33,51.82,46.89,2.83,79.74,HIGH,-11.96
17.53,3.44,22.88,22.24,3.64,31.47,HIGH,-1.0699999999999967
1.5,3.08,46.14,59.65,32.41,36.61,LOW,-25.740000000000002
12.26,1.12,72.8,17.58,14.93,44.87,MODERATE,9.61
10.6,0.63,39.02,36.73,16.61,60.06,LOW,-9.519999999999996
28.24,1.56,48.35,24.18,13.96,22.38,MODERATE,18.020000000000003
13.16,1.48,33.77,48.0,7.71,90.9,LOW,-27.13
6.34,3.6,49.43,44.64,7.37,67.67,MODERATE,-30.93
29.77,1.86,59.3,48.33,9.13,70.63,MODERATE,-9.43
16.08,1.31,72.09,31.91,0.44,62.98,LOW,-15.39
37.82,2.35,54.46,36.95,13.3,69.14,HIGH,14.170000000000002
9.73,6.82,47.67,31.56,35.2,26.61,CRITICAL,13.370000000000008
32.16,3.46,19.2,52.12,58.71,74.44,CRITICAL,38.75000000000001
21.22,2.72,16.04,15.53,0.6,72.85,CRITICAL,6.290000000000001
9.49,0.84,56.16,34.41,23.93,34.75,LOW,-0.9899999999999949
13.35,4.8,38.55,11.43,6.45,39.74,HIGH,8.370000000000001
32.06,3.47,67.45,29.91,3.98,64.89,HIGH,6.129999999999999
7.67,2.64,39.85,23.04,11.16,70.61,MODERATE,-4.210000000000001
16.25,3.24,44.71,33.04,26.45,10.46,HIGH,9.660000000000004
18.93,8.95,45.28,36.87,3.67,46.17,CRITICAL,-14.269999999999996
3.75,3.01,55.96,58.86,8.74,42.39,LOW,-46.37
3.23,0.6,22.89,44.25,48.52,41.38,LOW,7.5
3.66,0.85,49.71,63.69,14.5,28.46,LOW,-45.53
7.95,2.18,64.67,31.11,1.26,11.66,LOW,-21.9
17.5,3.19,37.62,25.03,29.42,24.83,HIGH,21.89
6.32,2.57,65.18,38.84,12.15,22.96,LOW,-20.370000000000005
16.57,1.47,30.72,36.93,14.97,29.95,MODERATE,-5.390000000000001
8.33,1.95,51.03,38.43,33.88,35.1,LOW,3.780000000000001
31.36,8.06,58.96,45.23,6.14,47.34,CRITICAL,-7.729999999999997
17.76,6.54,28.38,17.23,16.67,22.8,CRITICAL,17.200000000000006
38.32,2.47,78.17,58.27,11.22,77.81,MODERATE,-8.730000000000004
23.08,2.29,66.86,15.4,29.78,10.67,HIGH,37.46
18.41,0.72,45.24,17.79,2.99,53.04,MODERATE,3.6099999999999994
0.18,1.24,67.62,51.93,13.98,56.74,LOW,-37.769999999999996
14.21,3.59,75.57,33.28,26.91,38.58,MODERATE,7.840000000000003
1.36,4.0,48.51,23.24,15.69,20.63,MODERATE,-6.189999999999998
25.36,7.12,25.56,32.13,1.9,51.26,CRITICAL,-4.8700000000000045
13.12,0.64,58.41,50.19,23.66,87.75,LOW,-13.409999999999997
21.53,1.32,27.39,26.69,15.31,58.87,HIGH,10.150000000000002
6.71,4.45,48.09,7.29,10.11,91.19,CRITICAL,9.530000000000001
8.38,1.35,26.64,11.41,32.96,96.84,HIGH,29.930000000000003
5.87,1.89,63.22,25.18,8.61,31.61,LOW,-10.7
19.19,1.29,36.66,14.11,92.45,70.6,CRITICAL,97.53
33.88,3.67,48.69,41.07,7.69,75.08,CRITICAL,0.5
6.12,0.6,43.18,38.14,0.42,10.0,LOW,-31.6
2.12,0.98,49.91,46.22,3.65,83.5,LOW,-40.45
5.42,3.25,46.63,35.99,19.97,56.21,MODERATE,-10.600000000000001
12.64,1.23,39.46,69.65,20.88,95.91,LOW,-36.13000000000001
6.25,3.51,76.28,16.57,40.02,65.68,HIGH,29.700000000000003
11.42,0.57,52.29,7.85,0.12,45.02,MODERATE,3.6899999999999995
13.84,1.39,76.02,40.2,23.93,43.29,LOW,-2.430000000000007
22.91,10.89,44.09,42.94,10.09,42.0,CRITICAL,-9.939999999999998
14.2,5.56,25.5,36.43,11.1,50.92,CRITICAL,-11.130000000000003
18.93,10.29,30.81,5.0,34.08,10.0,CRITICAL,48.01
16.84,0.25,52.89,23.86,49.42,52.48,HIGH,42.400000000000006
14.87,1.66,15.0,29.99,1.54,57.21,MODERATE,-13.579999999999998
18.65,1.76,54.77,32.13,5.0,48.13,MODERATE,-8.480000000000004
1.82,2.13,25.43,43.96,20.05,96.33,MODERATE,-22.09
11.27,7.71,43.88,50.22,60.74,34.6,CRITICAL,21.790000000000006
20.43,0.77,45.36,27.38,27.51,43.1,HIGH,20.56
2.5,1.67,58.03,38.73,17.63,45.96,LOW,-18.599999999999998
6.95,5.67,39.2,45.44,4.99,55.92,MODERATE,-33.5
38.23,2.16,45.26,42.45,13.8,65.84,CRITICAL,9.579999999999998
10.13,3.16,76.93,76.05,22.8,47.7,LOW,-43.12
24.52,7.68,32.97,17.16,37.11,81.86,CRITICAL,44.47
21.73,4.36,24.74,16.3,3.73,52.95,CRITICAL,9.16
8.02,5.97,87.71,5.0,43.15,77.81,CRITICAL,46.17
2.19,0.25,39.9,34.49,8.42,63.03,LOW,-23.880000000000003
51.24,3.32,45.61,41.15,2.2,96.6,CRITICAL,12.290000000000006
51.03,6.22,57.41,32.61,2.84,70.82,CRITICAL,21.260000000000005
8.94,4.56,33.56,47.92,6.07,55.32,MODERATE,-32.910000000000004
16.48,4.33,24.05,30.98,28.22,49.11,CRITICAL,13.720000000000002
9.94,4.72,22.54,64.33,20.78,46.4,MODERATE,-33.61
19.47,1.35,31.83,8.2,34.32,67.3,CRITICAL,45.59
15.28,3.68,39.39,14.71,31.93,47.97,CRITICAL,32.5
15.87,3.61,50.73,8.55,3.34,71.65,CRITICAL,10.66
4.23,4.15,47.55,20.82,52.28,70.49,CRITICAL,35.690000000000005
28.18,1.53,60.13,48.23,36.36,20.9,MODERATE,16.309999999999995
26.2,3.67,26.47,9.31,11.38,39.46,CRITICAL,28.269999999999996
6.15,2.26,33.19,63.78,24.28,37.21,LOW,-33.35
18.36,2.42,32.95,32.8,31.75,66.83,HIGH,17.310000000000002
11.18,3.6,52.49,49.11,13.95,51.96,MODERATE,-23.98
6.42,1.18,53.04,37.8,19.52,65.07,LOW,-11.86
6.53,4.89,73.24,46.77,8.04,10.0,LOW,-32.2
17.5,2.46,28.03,32.85,59.83,81.15,CRITICAL,44.48
11.56,0.56,48.68,59.2,33.35,30.8,LOW,-14.29
1.42,3.92,41.84,35.25,1.66,41.47,LOW,-32.17
39.82,1.53,42.55,45.98,51.98,10.0,HIGH,45.82
1.44,1.14,42.55,31.43,12.55,76.92,LOW,-17.439999999999998
32.74,4.13,33.29,45.54,4.78,23.35,HIGH,-8.019999999999996
2.97,11.07,54.19,43.67,7.39,10.0,HIGH,-33.31
4.63,0.99,49.43,41.57,13.25,49.84,LOW,-23.69
10.64,2.58,53.08,46.94,2.05,56.82,LOW,-34.25
10.42,4.13,56.0,36.33,5.58,71.66,HIGH,-20.33
37.46,1.57,57.07,52.37,5.9,73.56,HIGH,-9.009999999999998
6.63,2.86,22.73,21.48,4.34,63.69,MODERATE,-10.510000000000002
25.77,2.44,32.19,13.96,38.24,57.72,CRITICAL,50.050000000000004
3.2,2.64,38.61,36.29,25.09,79.52,MODERATE,-8.0
13.13,4.44,48.59,54.37,15.31,46.81,MODERATE,-25.929999999999996
3.94,1.92,27.61,45.26,64.25,54.77,HIGH,22.93
10.24,3.33,48.39,45.33,7.43,81.5,MODERATE,-27.659999999999997
5.6,3.04,42.31,58.53,41.99,62.43,MODERATE,-10.939999999999998
18.95,6.17,24.57,58.74,31.73,20.42,HIGH,-8.060000000000002
23.58,1.53,27.97,44.75,1.01,53.35,MODERATE,-20.16
28.43,4.95,37.88,35.25,21.11,76.28,CRITICAL,14.29
7.25,3.55,37.42,44.05,25.45,46.27,MODERATE,-11.349999999999994
4.14,2.1,15.16,59.53,37.59,56.83,MODERATE,-17.799999999999997
27.22,3.54,49.22,26.55,5.22,86.72,CRITICAL,5.889999999999997
9.87,1.46,27.73,39.97,1.53,74.12,LOW,-28.57
15.97,4.14,51.47,24.32,1.2,62.49,HIGH,-7.149999999999999
32.61,2.68,25.07,54.36,29.76,79.7,CRITICAL,8.010000000000005
12.69,6.02,65.71,55.32,15.0,72.15,HIGH,-27.630000000000003
30.07,1.9,44.92,39.95,11.82,65.61,HIGH,1.9399999999999977
14.79,1.15,65.93,36.61,55.43,66.93,MODERATE,33.61
11.23,0.84,58.96,55.34,24.08,56.73,LOW,-20.03
20.67,0.41,56.8,44.41,3.85,67.13,LOW,-19.889999999999993
29.27,2.49,40.93,40.53,5.38,65.23,HIGH,-5.880000000000003
6.61,0.74,51.73,54.85,25.83,90.69,LOW,-22.410000000000004
13.13,2.46,59.94,46.68,7.23,95.54,MODERATE,-26.32
16.87,1.41,86.88,32.66,35.53,46.06,MODERATE,19.74000000000001
17.12,3.39,51.47,40.99,19.2,85.94,HIGH,-4.670000000000002
0.78,1.85,31.19,26.34,7.67,21.19,LOW,-17.89
7.79,3.34,50.67,28.69,11.0,53.32,MODERATE,-9.900000000000002
7.13,1.58,58.68,33.6,0.0,97.69,LOW,-26.470000000000002
15.63,0.25,45.7,61.76,7.18,67.68,LOW,-38.949999999999996
7.83,3.13,38.87,31.07,0.97,66.03,MODERATE,-22.27
12.75,3.81,30.34,49.92,3.43,11.21,LOW,-33.74
12.87,2.5,57.11,48.24,4.95,54.24,LOW,-30.42
21.08,2.37,47.94,42.58,34.06,71.78,HIGH,12.560000000000002
16.05,4.57,67.37,29.98,17.15,46.72,HIGH,3.2200000000000024
22.41,7.05,15.0,29.93,4.11,62.7,CRITICAL,-3.41
8.9,1.42,50.22,33.59,33.91,19.7,MODERATE,9.219999999999992
5.48,3.57,30.03,57.89,8.41,43.95,LOW,-44.0
2.22,2.44,66.25,20.95,8.38,22.97,LOW,-10.349999999999998
4.09,7.22,31.7,12.38,3.95,78.6,CRITICAL,-4.340000000000002
4.6,1.82,23.31,37.39,5.29,67.89,LOW,-27.5
8.91,2.31,30.6,9.47,31.59,16.62,HIGH,31.03
12.64,2.0,41.63,10.95,11.39,58.45,HIGH,13.080000000000002
12.73,0.83,47.85,27.48,101.18,27.52,CRITICAL,86.43
3.52,2.04,21.79,29.14,10.85,57.95,LOW,-14.770000000000001
5.63,2.8,55.53,16.81,11.75,24.52,MODERATE,0.5700000000000003
29.31,5.37,44.02,25.29,19.06,61.08,CRITICAL,23.08
12.44,3.69,32.14,36.02,38.31,52.97,CRITICAL,14.729999999999997
8.42,1.92,46.35,26.23,23.64,15.37,MODERATE,5.830000000000002
14.24,5.41,40.96,18.09,11.63,33.49,CRITICAL,7.780000000000001
3.35,1.12,68.35,45.3,3.41,78.36,LOW,-38.54
6.17,1.9,43.63,60.19,7.99,92.43,LOW,-46.03
43.63,3.84,56.13,39.4,33.95,56.54,CRITICAL,38.180000000000014
9.79,0.42,62.43,26.12,0.86,35.16,LOW,-15.470000000000002
8.37,2.54,41.57,35.91,38.08,97.63,HIGH,10.54
37.48,3.95,63.29,43.18,21.63,41.37,CRITICAL,15.93
38.25,0.99,68.86,20.69,8.95,44.78,HIGH,26.51
12.3,2.31,47.72,17.87,11.6,58.74,HIGH,6.029999999999998
13.08,0.33,27.72,46.6,2.67,91.83,LOW,-30.85
14.17,2.78,53.42,47.65,11.57,96.38,MODERATE,-21.909999999999997
8.77,2.36,27.33,29.9,6.58,98.0,MODERATE,-14.549999999999999
12.68,1.25,56.43,21.51,25.46,88.78,MODERATE,16.63
13.17,3.16,57.11,19.37,16.61,17.02,HIGH,10.41
5.41,3.93,58.62,21.46,24.25,65.77,HIGH,8.2
3.14,7.93,37.57,32.84,33.17,44.89,CRITICAL,3.469999999999999
3.04,0.99,31.75,10.42,39.67,12.92,MODERATE,32.29
5.23,0.25,45.84,21.97,1.33,63.14,LOW,-15.409999999999998
7.47,6.45,39.18,17.9,3.75,70.87,CRITICAL,-6.68
6.98,0.25,46.18,35.47,28.65,34.93,LOW,0.1599999999999966
16.23,2.66,18.96,39.44,11.6,41.81,MODERATE,-11.61
30.67,1.58,42.67,38.99,22.03,77.66,HIGH,13.71
6.07,5.13,66.79,31.96,52.61,81.56,CRITICAL,26.72
16.69,1.08,30.19,61.11,9.84,49.95,LOW,-34.58
12.69,4.53,35.64,35.37,25.68,38.82,HIGH,3.0
20.65,1.03,50.41,36.59,23.73,29.86,MODERATE,7.789999999999992
16.7,3.01,59.19,55.23,10.97,23.58,LOW,-27.559999999999995
29.44,1.89,56.11,32.96,43.39,79.48,CRITICAL,39.87
4.6,0.38,15.79,46.6,4.15,73.47,LOW,-37.85
21.44,4.79,31.7,16.76,11.07,61.47,CRITICAL,15.750000000000004
8.04,0.29,42.86,53.7,0.8,73.83,LOW,-44.86
16.08,2.34,43.89,35.17,3.8,31.89,LOW,-15.290000000000003
7.1,2.44,30.83,36.32,0.78,64.0,LOW,-28.44
36.2,2.04,85.4,36.87,9.21,86.61,HIGH,8.540000000000006
21.5,3.99,50.92,14.27,11.58,78.62,CRITICAL,18.81
30.5,3.53,50.03,49.97,60.66,77.03,CRITICAL,41.19
16.62,2.66,30.69,29.67,0.27,43.63,MODERATE,-12.780000000000001
13.14,0.72,43.47,30.82,8.89,16.97,LOW,-8.79
25.37,3.62,32.06,45.31,7.78,76.0,HIGH,-12.160000000000004
13.14,0.81,42.6,5.0,6.8,26.91,MODERATE,14.940000000000001
23.98,2.75,32.8,19.71,5.97,26.34,HIGH,10.239999999999998
17.85,3.95,37.03,23.84,0.02,88.95,HIGH,-5.969999999999999
17.89,2.72,43.48,43.48,28.07,27.2,MODERATE,2.480000000000004
24.84,1.15,49.64,56.53,2.19,53.39,LOW,-29.5
4.41,2.7,29.99,40.71,17.03,76.93,MODERATE,-19.27
19.09,6.31,54.49,13.1,26.51,38.91,CRITICAL,32.5
11.72,5.12,29.68,39.84,18.02,80.16,HIGH,-10.100000000000001
5.11,9.47,31.27,41.65,26.01,14.68,CRITICAL,-10.529999999999998
3.78,1.5,27.96,35.94,17.07,77.59,LOW,-15.089999999999996
32.82,6.3,40.6,36.19,26.77,26.53,CRITICAL,23.400000000000006
10.83,3.21,56.27,46.8,1.15,45.61,LOW,-34.81999999999999
17.73,2.1,15.0,65.45,0.59,68.26,LOW,-47.13
23.9,5.35,41.25,43.3,11.84,65.47,CRITICAL,-7.560000000000002
16.53,2.58,50.51,39.2,1.17,97.07,MODERATE,-21.5
9.2,0.8,60.32,44.14,11.03,81.91,LOW,-23.910000000000004
32.93,4.45,42.83,38.95,7.89,95.28,CRITICAL,1.8699999999999974
13.49,3.25,55.06,15.82,7.3,71.56,HIGH,4.969999999999999
38.16,0.66,36.26,34.33,0.84,88.37,HIGH,4.670000000000002
32.82,5.38,20.12,23.6,46.44,98.0,CRITICAL,55.65999999999999
11.06,6.39,53.65,35.54,32.3,96.97,CRITICAL,7.82
1.47,4.7,54.98,46.72,1.92,25.63,LOW,-43.33
46.29,0.74,28.53,49.44,4.33,62.29,HIGH,1.1799999999999997
9.0,4.22,54.84,45.48,1.39,89.23,MODERATE,-35.089999999999996
11.76,0.25,36.72,63.73,2.86,83.32,LOW,-49.11
29.56,2.93,48.14,45.43,0.68,53.74,MODERATE,-15.190000000000001
0.18,2.89,15.0,31.38,8.58,69.11,MODERATE,-22.619999999999997
8.82,1.52,31.83,37.48,10.17,26.56,LOW,-18.489999999999995
25.56,1.25,47.17,29.65,15.23,31.08,MODERATE,11.14
12.43,6.34,18.3,49.02,31.92,69.05,CRITICAL,-4.670000000000002
10.3,2.39,54.79,58.02,5.37,84.5,LOW,-42.35
12.91,0.82,30.22,27.94,4.88,73.49,MODERATE,-10.150000000000002
34.96,2.79,49.14,26.9,1.87,25.98,HIGH,9.93
6.27,0.39,50.42,47.69,22.75,22.84,LOW,-18.669999999999998
10.82,3.25,55.59,34.66,25.64,65.09,HIGH,1.8000000000000043
37.48,0.78,43.25,26.31,23.63,74.98,CRITICAL,34.8
9.81,5.68,74.53,49.89,3.14,82.43,MODERATE,-36.94
11.34,0.33,42.99,27.02,19.27,58.97,MODERATE,3.59
24.91,5.99,45.34,40.92,31.18,58.37,CRITICAL,15.170000000000002
11.32,3.01,25.59,53.36,1.54,95.85,MODERATE,-40.5
24.17,3.44,33.63,34.69,2.11,94.53,HIGH,-8.409999999999997
21.27,1.0,47.62,45.2,53.48,17.0,MODERATE,29.549999999999997
10.02,4.64,41.52,13.97,16.58,53.71,HIGH,12.629999999999997
28.33,0.72,53.56,66.98,13.69,37.11,LOW,-24.960000000000008
8.73,6.89,54.39,41.25,51.27,85.52,CRITICAL,18.75
3.38,4.25,53.01,59.13,2.98,23.81,LOW,-52.77
8.9,1.24,69.0,45.71,32.44,65.89,LOW,-4.3700000000000045
6.67,6.81,30.98,58.01,14.21,35.84,HIGH,-37.129999999999995
28.07,5.28,65.13,26.08,3.92,49.15,CRITICAL,5.910000000000004
13.46,3.97,69.09,47.29,2.1,52.04,MODERATE,-31.729999999999997
4.12,0.32,19.12,26.98,2.54,46.6,LOW,-20.32
24.16,0.95,33.69,23.41,46.06,36.54,CRITICAL,46.81
7.74,1.26,40.19,44.88,16.92,85.65,LOW,-20.22
13.13,9.68,44.33,33.97,10.2,31.33,CRITICAL,-10.64
7.27,0.39,67.72,32.67,6.61,95.17,LOW,-18.790000000000003
8.56,5.87,31.46,14.67,22.15,46.39,CRITICAL,16.04
27.89,1.06,29.64,18.42,1.84,22.9,MODERATE,11.309999999999999
37.51,3.7,15.0,53.28,18.07,25.76,CRITICAL,2.299999999999997
23.15,2.47,54.4,23.67,11.36,30.99,MODERATE,10.839999999999996
23.62,0.82,18.22,24.85,26.94,73.71,HIGH,25.71
16.82,0.86,40.87,31.07,18.31,76.68,MODERATE,4.059999999999995
32.49,3.08,52.43,22.04,34.17,57.02,CRITICAL,44.62
3.94,4.64,30.78,47.73,7.59,32.26,MODERATE,-36.199999999999996
39.13,3.98,34.7,27.54,12.81,76.87,CRITICAL,24.400000000000006
17.76,11.6,38.31,45.02,16.86,63.86,CRITICAL,-10.399999999999999
33.27,2.31,72.49,38.57,4.06,65.42,HIGH,-1.2399999999999949
7.81,8.63,43.74,31.76,9.09,60.27,CRITICAL,-14.860000000000003
19.33,5.43,69.13,12.21,19.98,38.7,CRITICAL,27.1
2.65,0.31,55.2,49.98,44.17,23.19,LOW,-3.1599999999999966
10.03,4.02,35.01,14.79,11.71,86.66,CRITICAL,6.950000000000003
23.43,4.99,56.28,17.54,60.0,36.37,CRITICAL,65.89000000000001
21.68,1.02,35.54,21.59,13.87,50.33,HIGH,13.959999999999997
8.93,2.69,64.74,43.23,30.55,38.28,MODERATE,-3.749999999999993
16.45,1.98,47.57,20.47,9.97,70.66,HIGH,5.950000000000003
8.81,2.47,52.63,48.34,9.88,64.85,LOW,-29.650000000000002
13.57,2.32,52.72,35.08,33.64,59.36,HIGH,12.130000000000003
3.59,4.01,43.27,65.61,10.08,31.68,LOW,-51.94
15.28,1.95,22.43,38.39,23.15,46.86,MODERATE,0.03999999999999915
13.61,4.18,45.71,53.38,69.02,68.58,CRITICAL,29.249999999999993
14.17,0.53,62.31,5.0,49.32,63.82,HIGH,58.49
68.95,4.55,23.57,54.41,5.49,40.73,CRITICAL,20.03
11.14,2.93,60.79,65.46,3.48,59.7,LOW,-50.83999999999999
15.25,0.29,23.22,15.86,1.39,85.02,MODERATE,0.7800000000000011
27.79,1.83,69.52,57.34,54.62,51.56,HIGH,25.069999999999993
9.06,2.09,51.08,38.7,13.64,50.5,LOW,-16.0
18.15,1.99,58.15,39.09,17.23,89.23,MODERATE,-3.710000000000008
5.46,1.42,42.97,46.16,63.17,71.24,MODERATE,22.47
7.63,2.43,28.19,32.66,3.35,43.87,MODERATE,-21.679999999999996
8.6,0.7,37.26,5.0,28.47,86.26,HIGH,32.07
7.28,1.81,84.39,17.06,69.32,45.55,HIGH,59.53999999999999
9.71,3.05,70.19,48.11,25.23,80.64,MODERATE,-13.170000000000002
21.15,3.23,65.47,6.24,31.55,79.74,CRITICAL,46.46
29.09,1.69,40.0,13.95,5.45,15.29,HIGH,20.59
16.62,6.14,26.96,5.0,3.73,83.78,CRITICAL,15.350000000000001
4.69,0.4,49.99,28.54,9.64,71.53,LOW,-14.209999999999997
15.29,2.33,48.02,55.03,5.55,63.55,LOW,-34.19
10.68,1.27,59.54,27.98,20.05,82.29,MODERATE,2.75
47.95,1.8,61.74,26.03,30.67,55.13,CRITICAL,52.59
13.96,3.13,26.73,15.29,11.98,95.19,CRITICAL,10.650000000000002
12.09,2.19,59.49,40.51,5.13,84.1,LOW,-23.29
19.23,0.29,61.27,32.45,6.72,65.75,LOW,-6.5000000000000036
22.3,1.36,67.62,18.85,12.34,42.19,HIGH,15.79
19.18,1.21,39.91,35.21,26.02,63.0,MODERATE,9.990000000000002
25.27,1.52,42.5,26.4,1.99,73.57,HIGH,0.8599999999999994
6.35,0.59,45.71,60.42,21.7,74.29,LOW,-32.370000000000005
8.07,3.19,41.88,30.94,23.35,10.83,MODERATE,0.4800000000000004
42.07,4.1,26.34,18.29,30.3,61.59,CRITICAL,54.080000000000005
6.3,3.35,31.52,39.93,2.92,57.56,LOW,-30.71
54.08,0.35,35.29,24.78,60.43,84.79,CRITICAL,89.72999999999999
44.55,2.23,84.55,43.64,2.84,63.95,HIGH,3.75
10.48,0.92,44.37,49.02,8.7,68.08,LOW,-29.840000000000003
17.91,2.56,28.74,22.01,1.11,31.05,MODERATE,-2.990000000000002
10.17,4.41,66.2,6.13,25.82,80.73,CRITICAL,29.860000000000003
22.73,1.53,45.33,28.07,15.26,59.14,HIGH,9.920000000000002
14.55,2.81,34.36,34.62,9.34,73.3,MODERATE,-10.729999999999997
11.53,2.59,36.98,57.24,31.1,97.46,HIGH,-14.61
5.49,1.65,53.31,41.21,65.43,92.21,HIGH,29.71
14.19,4.97,30.71,5.45,31.65,61.09,CRITICAL,40.38999999999999
19.29,6.88,51.81,13.88,32.97,46.09,CRITICAL,38.379999999999995
15.06,0.73,45.69,38.87,52.16,87.71,HIGH,28.35
17.16,4.69,40.44,52.85,9.06,63.46,HIGH,-26.630000000000003
7.33,3.43,25.13,73.43,16.23,64.08,LOW,-49.870000000000005
8.58,1.0,57.31,25.61,39.02,34.95,MODERATE,21.990000000000002
27.05,4.31,62.12,9.69,57.2,39.33,CRITICAL,74.56
19.27,4.04,52.84,45.24,2.18,88.61,HIGH,-23.790000000000003
7.08,2.46,15.0,14.56,12.54,82.97,HIGH,5.059999999999997
20.81,1.83,43.17,22.83,6.26,42.15,MODERATE,4.240000000000002
29.02,2.14,51.76,31.98,46.46,62.62,CRITICAL,43.5
26.91,2.35,50.46,32.51,34.99,20.19,HIGH,29.390000000000008
7.79,0.62,70.76,28.73,14.36,29.99,LOW,-6.580000000000002
23.8,4.3,54.5,26.62,3.54,78.61,HIGH,0.7199999999999989
22.08,0.25,59.4,43.81,4.58,45.58,LOW,-17.150000000000006
8.53,8.19,50.65,35.18,23.25,80.02,CRITICAL,-3.3999999999999986
5.13,3.28,38.34,34.71,11.85,86.54,MODERATE,-17.73
19.59,5.15,41.97,37.53,4.7,37.69,HIGH,-13.240000000000002
13.19,2.79,31.92,23.03,64.08,50.53,CRITICAL,54.239999999999995
36.55,1.94,48.37,38.67,3.06,43.0,MODERATE,0.9399999999999977
67.58,8.48,15.0,58.63,5.04,69.32,CRITICAL,13.990000000000002
15.51,4.98,55.6,39.66,54.55,87.1,CRITICAL,30.400000000000006
15.35,6.28,49.37,45.2,5.93,90.53,HIGH,-23.92
18.26,1.25,27.01,33.54,6.37,95.71,MODERATE,-8.909999999999997
12.78,1.55,37.35,45.55,3.96,45.83,LOW,-28.81
22.78,4.06,25.05,58.55,4.86,64.49,HIGH,-30.909999999999997
2.96,4.12,60.73,30.2,5.53,53.59,MODERATE,-21.71
5.02,1.94,45.68,36.52,61.53,34.55,MODERATE,30.029999999999994
7.47,2.22,26.94,5.0,18.17,10.72,MODERATE,20.64
51.66,7.36,33.14,18.07,2.15,25.13,CRITICAL,35.739999999999995
12.57,0.8,48.81,16.12,5.55,30.98,MODERATE,2.0
3.01,3.37,26.47,34.03,32.68,53.86,HIGH,1.6599999999999966
1.74,2.22,41.98,38.16,36.24,90.5,MODERATE,-0.1799999999999926
21.24,1.98,39.15,28.78,12.89,81.05,HIGH,5.349999999999994
7.83,0.64,52.31,50.17,0.72,88.55,LOW,-41.620000000000005
13.54,5.1,17.05,47.84,17.74,95.33,CRITICAL,-16.560000000000006
11.35,0.51,34.16,27.55,10.09,75.73,LOW,-6.110000000000003
4.23,3.97,62.73,30.38,5.99,89.56,MODERATE,-20.159999999999997
8.57,1.76,45.32,19.39,47.99,69.39,HIGH,37.17
31.2,2.12,55.27,59.69,13.82,47.81,MODERATE,-14.670000000000002
10.42,1.27,15.0,24.17,20.7,33.53,MODERATE,6.949999999999996
30.5,3.52,72.37,45.92,18.79,13.38,MODERATE,3.3699999999999974
7.87,2.54,60.82,34.79,25.59,73.55,MODERATE,-1.3299999999999983
10.98,1.95,34.69,24.9,54.37,57.18,CRITICAL,40.449999999999996
1.23,3.06,15.0,39.45,28.78,64.99,MODERATE,-9.440000000000001
30.61,3.04,39.22,36.87,7.11,72.74,HIGH,0.8500000000000014
25.74,2.17,32.38,29.51,14.93,88.04,CRITICAL,11.16
26.05,2.18,42.8,28.37,25.9,49.31,HIGH,23.580000000000002
13.72,1.21,54.72,5.0,1.17,51.7,MODERATE,9.89
23.73,0.97,21.48,38.27,11.94,35.81,MODERATE,-2.6000000000000014
43.11,2.68,34.74,37.34,19.02,15.53,CRITICAL,24.789999999999992
27.36,1.18,15.0,56.57,9.29,10.0,LOW,-19.92
4.16,1.03,33.03,60.56,16.08,69.49,LOW,-40.32000000000001
13.79,6.87,24.39,44.89,5.1,24.55,HIGH,-26.0
22.41,8.7,54.76,52.26,7.55,20.52,HIGH,-22.299999999999997
12.82,2.09,56.7,43.64,0.86,31.13,LOW,-29.96
8.69,4.46,49.48,30.51,18.28,79.12,HIGH,-3.5400000000000027
11.67,3.85,35.93,18.46,17.09,86.2,CRITICAL,10.299999999999997
13.0,4.58,67.51,21.95,20.49,78.64,HIGH,11.539999999999996
5.52,4.79,15.17,25.56,92.3,67.05,CRITICAL,72.25999999999999
1.31,2.41,19.01,49.25,3.15,22.68,LOW,-44.79
21.61,2.41,56.64,19.86,11.41,33.6,MODERATE,13.159999999999997
4.9,0.9,46.09,30.3,11.13,71.41,LOW,-14.27
36.69,7.12,32.51,48.23,11.59,92.29,CRITICAL,0.05000000000000426
21.85,2.74,44.37,59.96,3.18,49.86,LOW,-34.93
10.46,5.69,49.5,47.79,22.89,70.4,HIGH,-14.439999999999998
16.16,5.91,43.95,36.56,2.89,47.45,HIGH,-17.51
14.68,5.94,60.0,35.29,8.04,69.59,HIGH,-12.57
25.26,2.87,77.6,27.07,23.86,92.8,HIGH,22.050000000000004
3.86,1.52,48.97,15.42,33.8,90.05,HIGH,22.239999999999995
6.34,5.63,82.8,26.19,26.66,60.16,HIGH,6.809999999999999
9.15,5.5,29.79,47.62,6.69,35.1,HIGH,-31.779999999999998
12.27,12.93,45.92,48.31,9.9,47.4,CRITICAL,-26.14
8.76,2.42,56.33,45.43,16.97,61.26,LOW,-19.700000000000003
34.45,2.44,45.84,26.83,4.48,98.0,CRITICAL,12.100000000000009
1.46,3.04,66.41,35.16,0.94,40.14,LOW,-32.76
22.7,5.66,42.08,40.9,1.98,79.08,CRITICAL,-16.22
7.5,4.44,58.31,36.39,6.46,26.77,MODERATE,-22.43
48.03,8.1,28.38,35.95,18.23,82.4,CRITICAL,30.310000000000002
26.87,1.15,28.92,28.57,10.34,62.9,HIGH,8.64
5.43,1.24,31.55,33.52,31.19,64.38,MODERATE,3.1000000000000014
15.66,6.22,44.6,50.53,17.97,87.16,CRITICAL,-16.900000000000006
8.45,4.15,22.19,26.18,39.88,78.34,CRITICAL,22.15
35.64,1.25,26.54,27.53,4.96,15.74,HIGH,13.07
12.79,3.25,63.01,43.29,5.53,78.35,MODERATE,-24.97
20.44,3.11,57.05,56.05,45.1,69.69,HIGH,9.490000000000009
8.13,7.64,33.52,60.56,10.56,65.44,HIGH,-41.870000000000005
25.24,2.38,38.11,74.51,27.48,87.94,MODERATE,-21.790000000000006
8.76,5.89,55.98,62.66,31.33,25.94,MODERATE,-22.57
10.21,6.08,51.37,12.04,8.75,39.81,CRITICAL,6.920000000000002
30.76,2.66,33.54,40.7,6.94,65.97,HIGH,-3.0
25.75,2.94,60.63,22.84,3.47,61.74,HIGH,6.379999999999999
14.82,1.87,25.19,13.4,10.85,71.24,HIGH,12.270000000000001
20.03,0.63,44.62,23.49,73.48,68.08,CRITICAL,70.02000000000001
14.2,1.3,27.23,39.88,49.38,39.5,MODERATE,23.699999999999996
19.01,1.54,75.75,28.63,7.42,43.41,MODERATE,-2.1999999999999993
19.81,2.96,54.72,50.39,18.9,29.96,MODERATE,-11.680000000000007
8.61,7.02,23.88,38.38,4.05,95.45,CRITICAL,-25.720000000000002
7.75,2.26,32.52,14.06,17.28,28.77,HIGH,10.97
10.64,2.7,39.68,22.26,8.05,95.51,HIGH,-3.5700000000000003
2.95,5.53,27.9,40.89,11.18,76.29,HIGH,-26.76
33.83,0.26,19.23,39.64,12.36,78.41,HIGH,6.549999999999997
10.83,5.12,63.34,26.79,46.12,12.96,HIGH,30.159999999999997
13.4,4.42,52.45,37.16,14.23,43.91,HIGH,-9.529999999999994
8.87,4.99,27.99,53.73,6.18,61.16,MODERATE,-38.68
10.62,3.1,15.53,33.97,39.26,92.13,CRITICAL,15.909999999999997
11.65,4.47,70.77,53.08,16.55,95.82,MODERATE,-24.879999999999995
15.44,5.61,30.14,44.49,41.01,62.85,CRITICAL,11.959999999999994
32.68,3.02,18.46,29.92,45.72,53.64,CRITICAL,48.480000000000004
9.93,2.05,30.22,54.77,13.89,65.15,LOW,-30.950000000000003
18.85,1.41,45.49,63.85,2.25,89.74,LOW,-42.75
5.98,3.27,52.94,50.51,34.09,69.57,MODERATE,-10.43999999999999
10.69,1.61,44.78,46.81,14.23,79.39,LOW,-21.89
17.6,3.74,31.24,41.38,18.58,52.56,HIGH,-5.200000000000003
16.94,3.42,35.91,33.32,9.71,63.25,HIGH,-6.669999999999998
23.1,5.14,25.99,13.35,4.04,85.37,CRITICAL,13.790000000000001
1.94,4.56,48.13,21.83,1.54,60.7,MODERATE,-18.349999999999998
13.24,1.02,60.34,39.43,8.38,83.66,LOW,-17.81
18.62,1.17,42.83,19.91,16.08,77.69,HIGH,14.790000000000003
4.87,2.44,38.34,28.18,0.4,55.84,LOW,-22.91
20.33,2.05,29.77,50.82,14.52,33.13,MODERATE,-15.970000000000006
28.88,4.52,54.58,34.55,24.07,49.55,CRITICAL,18.400000000000006
26.0,3.36,35.0,29.73,19.85,71.79,CRITICAL,16.12
21.74,1.24,41.05,35.19,15.6,16.74,MODERATE,2.1499999999999986
14.51,3.41,42.35,17.67,31.3,79.38,CRITICAL,28.14
17.61,1.72,47.07,17.05,2.47,58.35,MODERATE,3.0299999999999976
19.63,3.92,48.98,30.47,9.49,33.15,HIGH,-1.3500000000000014
6.93,1.03,49.89,54.33,17.86,43.23,LOW,-29.54
36.06,1.53,47.77,16.26,7.4,36.23,HIGH,27.2
4.33,4.35,44.19,38.29,0.28,66.53,MODERATE,-33.68
16.77,1.8,41.26,42.77,8.58,18.88,LOW,-17.42
10.1,10.54,54.33,48.92,0.72,47.61,CRITICAL,-38.1
21.78,0.61,62.32,17.62,2.57,28.92,LOW,6.73
0.74,1.26,33.63,42.92,7.18,70.01,LOW,-35.0
6.21,0.57,53.36,41.59,52.55,85.6,MODERATE,17.169999999999995
5.11,2.9,38.8,5.0,30.02,34.61,HIGH,30.130000000000003
6.1,2.46,50.09,26.35,3.27,69.93,MODERATE,-16.980000000000004
7.24,1.93,32.58,57.08,43.02,20.78,LOW,-6.819999999999993
33.21,7.33,44.69,36.76,10.4,72.83,CRITICAL,6.850000000000001
7.18,2.3,46.07,20.02,10.34,71.32,MODERATE,-2.5
25.88,0.74,51.45,46.24,7.99,42.51,LOW,-12.370000000000005
24.5,0.37,30.0,20.3,3.05,58.95,MODERATE,7.25
11.71,9.25,34.04,31.24,65.74,42.85,CRITICAL,46.209999999999994
7.27,2.09,34.28,44.58,6.49,75.02,LOW,-30.82
9.49,5.16,28.82,46.48,1.3,56.05,MODERATE,-35.69
7.2,9.15,45.19,22.87,18.75,28.4,CRITICAL,3.0799999999999983
5.36,0.5,67.72,29.06,13.96,70.38,LOW,-9.739999999999998
13.63,4.38,28.9,36.71,8.89,60.37,HIGH,-14.189999999999998
34.94,4.63,42.15,40.73,0.51,59.39,CRITICAL,-5.280000000000001
44.63,6.17,31.8,21.61,2.07,74.19,CRITICAL,25.090000000000003
8.13,1.63,73.73,38.43,3.02,63.67,LOW,-27.28
8.37,1.07,49.44,63.79,3.7,51.06,LOW,-51.72
12.58,7.31,15.0,36.88,13.85,58.35,CRITICAL,-10.450000000000003
4.17,1.77,51.33,43.74,13.94,53.45,LOW,-25.630000000000003
3.09,2.84,64.29,52.63,16.53,10.37,LOW,-33.010000000000005
4.83,0.72,21.64,64.85,1.23,73.02,LOW,-58.78999999999999
3.93,2.09,26.39,14.52,47.19,21.4,HIGH,36.599999999999994
13.14,4.22,53.11,73.9,0.03,39.2,LOW,-60.730000000000004
43.17,1.47,56.04,13.14,0.03,78.27,CRITICAL,30.060000000000002
21.92,1.94,57.04,45.0,6.5,75.46,MODERATE,-16.58
14.64,0.55,57.91,12.32,46.81,76.08,HIGH,49.13
15.86,5.33,33.27,7.2,5.03,42.11,CRITICAL,13.690000000000001
9.96,1.78,33.47,28.03,3.07,67.56,MODERATE,-15.0
3.44,2.66,32.72,29.33,20.62,12.41,LOW,-5.269999999999996
12.56,0.96,35.36,33.05,25.26,53.61,MODERATE,4.770000000000003
13.98,2.46,23.76,43.24,8.82,47.66,MODERATE,-20.44
27.06,5.23,38.13,53.3,55.02,78.95,CRITICAL,28.78
13.79,1.92,18.24,18.44,18.68,80.85,HIGH,14.029999999999998
22.89,1.61,24.04,23.48,0.46,68.03,MODERATE,-0.129999999999999
14.88,0.88,42.57,46.69,15.61,12.89,LOW,-16.199999999999996
17.03,3.64,62.59,26.88,1.6,98.0,HIGH,-8.249999999999996
8.42,2.59,39.96,36.95,18.35,89.6,MODERATE,-10.18
28.13,1.99,44.43,39.56,6.99,73.57,MODERATE,-4.440000000000005
8.7,2.16,53.74,22.46,38.97,44.33,HIGH,25.21
21.1,0.75,59.17,33.74,27.97,33.49,MODERATE,15.329999999999998
6.33,1.41,45.64,34.4,16.69,45.27,LOW,-11.379999999999995
30.85,3.19,75.33,33.85,6.25,79.68,HIGH,3.25
28.21,1.13,42.86,28.14,18.33,91.94,HIGH,18.4
33.24,0.89,67.54,20.0,7.79,69.49,HIGH,21.03
17.85,2.76,62.59,62.24,10.96,55.81,LOW,-33.43
5.86,3.6,62.89,51.08,0.61,60.58,LOW,-44.61
6.4,1.67,36.33,51.22,68.45,81.42,HIGH,23.63000000000001
12.92,1.34,71.19,22.33,0.55,95.74,MODERATE,-8.859999999999998
6.87,3.91,41.27,31.72,13.84,67.69,HIGH,-11.009999999999998
6.75,2.54,76.14,24.13,11.69,81.04,MODERATE,-5.690000000000001
11.84,2.51,59.68,49.36,26.96,74.34,MODERATE,-10.560000000000002
25.41,6.29,48.86,52.9,50.16,29.3,CRITICAL,22.669999999999995
11.29,3.5,44.11,43.4,34.33,79.69,HIGH,2.219999999999999
13.96,1.24,28.87,39.49,12.85,34.45,LOW,-12.68
4.64,1.36,26.93,42.08,55.19,52.44,MODERATE,17.75
14.48,0.38,19.24,50.82,5.42,45.42,LOW,-30.92
19.37,0.55,38.54,51.42,22.35,60.58,MODERATE,-9.700000000000003
3.28,3.03,63.89,39.62,18.86,64.92,MODERATE,-17.479999999999997
17.77,3.92,43.0,36.2,79.64,42.31,CRITICAL,61.209999999999994
21.85,3.57,47.67,14.01,7.11,19.96,HIGH,14.950000000000001
10.72,2.83,32.62,33.68,2.4,51.5,MODERATE,-20.56
6.96,1.37,64.85,55.95,26.61,65.55,LOW,-22.380000000000003
2.83,0.89,41.61,21.11,6.01,46.58,LOW,-12.27
6.86,1.25,33.22,11.06,134.39,84.88,CRITICAL,130.19
2.58,2.08,47.77,23.6,52.25,10.0,MODERATE,31.229999999999997
14.43,7.5,54.4,20.56,7.39,41.99,CRITICAL,1.2600000000000016
8.58,2.55,24.51,5.0,10.93,75.15,HIGH,14.509999999999998
25.37,4.55,33.93,38.7,70.73,74.34,CRITICAL,57.400000000000006
22.9,4.39,17.13,50.19,19.38,15.74,HIGH,-7.909999999999997
12.27,3.46,48.62,10.53,6.76,81.69,HIGH,8.500000000000002
20.32,1.1,41.37,35.73,7.82,51.36,MODERATE,-7.589999999999996
6.17,3.02,64.12,34.16,35.92,35.42,MODERATE,7.930000000000007
3.55,5.88,40.82,24.12,31.78,56.49,CRITICAL,11.209999999999997
26.59,2.37,61.36,56.55,14.19,72.46,MODERATE,-15.769999999999996
7.09,0.42,28.27,61.71,15.7,10.0,LOW,-38.92
45.71,0.6,64.51,42.55,14.83,45.68,HIGH,17.990000000000002
8.4,3.26,59.2,34.66,5.74,80.8,MODERATE,-20.519999999999996
8.87,2.06,15.0,25.29,1.44,64.84,MODERATE,-14.98
34.46,0.39,53.4,26.81,18.53,88.81,HIGH,26.180000000000003
9.26,4.08,50.49,33.81,26.23,64.28,HIGH,1.6799999999999997
8.49,1.95,43.53,24.45,4.67,76.48,MODERATE,-11.29
4.51,1.29,70.88,37.7,19.22,96.36,LOW,-13.970000000000006
51.46,2.36,29.87,40.08,5.61,64.9,CRITICAL,16.990000000000002
24.15,1.45,36.35,31.24,10.64,13.75,MODERATE,3.5500000000000007
6.06,1.67,17.96,16.67,19.29,65.66,MODERATE,8.679999999999996
4.51,1.99,58.12,27.06,52.29,62.8,HIGH,29.74
8.17,0.52,58.24,41.8,21.32,58.37,LOW,-12.309999999999995
6.71,2.11,52.98,26.24,16.92,22.22,LOW,-2.609999999999996
11.9,1.31,51.34,29.92,7.9,67.23,MODERATE,-10.120000000000001
37.42,2.83,54.81,23.12,49.49,72.76,CRITICAL,63.78999999999999
17.21,3.78,44.37,36.67,33.65,10.0,HIGH,14.189999999999998
7.64,3.25,41.63,19.63,15.67,33.35,HIGH,3.6799999999999997
18.49,1.43,34.41,22.71,9.51,47.57,MODERATE,5.289999999999999
3.31,1.3,65.69,31.94,3.8,86.38,LOW,-24.830000000000002
34.68,2.84,40.12,51.94,2.75,76.22,HIGH,-14.509999999999998
31.77,2.53,50.53,57.23,1.0,87.99,HIGH,-24.46
17.82,5.78,40.54,55.05,21.09,30.34,HIGH,-16.14
3.95,1.47,53.95,30.39,75.82,44.69,HIGH,49.379999999999995
10.96,1.09,33.24,30.85,2.04,71.88,LOW,-17.85
7.82,2.66,39.45,23.86,74.35,48.75,CRITICAL,58.30999999999999
19.98,3.76,65.1,30.73,12.42,19.35,MODERATE,1.6699999999999982
13.11,1.81,40.66,47.94,3.76,84.9,LOW,-31.07
27.15,0.82,37.16,51.42,19.52,36.54,MODERATE,-4.75
12.37,3.1,29.55,19.89,4.83,23.1,MODERATE,-2.6900000000000013
10.28,4.34,48.62,51.29,12.25,83.16,MODERATE,-28.759999999999998
8.98,2.72,63.34,31.74,55.9,22.35,MODERATE,33.14
7.35,5.1,51.52,30.84,36.89,45.46,HIGH,13.400000000000002
11.67,1.21,25.3,19.1,28.12,18.68,MODERATE,20.689999999999998
22.07,1.13,22.99,34.67,38.19,43.73,HIGH,25.589999999999996
30.74,2.53,39.16,62.93,11.22,95.92,HIGH,-20.97
11.87,2.33,57.4,27.88,36.4,38.29,MODERATE,20.389999999999997
19.1,3.43,47.28,27.1,101.34,41.15,CRITICAL,93.34
8.81,2.89,38.08,30.02,10.07,72.47,MODERATE,-11.139999999999997
10.05,1.44,33.18,61.45,8.59,94.39,LOW,-42.81
6.4,7.81,59.05,24.97,24.75,70.06,CRITICAL,6.18
13.57,0.88,39.65,25.72,5.51,72.0,LOW,-6.640000000000001
23.28,1.14,15.0,6.83,28.93,67.6,CRITICAL,45.38
5.04,1.81,34.86,42.46,20.78,40.04,LOW,-16.64
21.36,1.16,58.02,40.65,60.58,83.97,HIGH,41.29
10.97,4.59,34.32,48.77,15.82,23.85,MODERATE,-21.980000000000004
7.4,9.22,62.48,28.6,10.5,85.07,CRITICAL,-10.700000000000003
12.58,3.36,31.54,38.54,29.82,72.65,HIGH,3.8599999999999994
7.82,3.61,38.01,63.91,18.69,37.09,LOW,-37.39999999999999
9.58,8.29,23.35,36.67,68.49,63.05,CRITICAL,41.39999999999999
10.73,1.46,45.97,36.66,8.38,50.36,LOW,-17.549999999999997
14.96,2.06,42.62,60.55,17.63,47.98,LOW,-27.959999999999994
4.73,2.44,19.08,17.59,150.13,82.26,CRITICAL,137.26999999999998
9.62,1.67,80.88,20.27,6.12,75.49,LOW,-4.530000000000001
23.7,4.01,53.6,21.88,6.65,53.81,CRITICAL,8.470000000000002
8.12,1.77,55.09,39.0,9.81,31.04,LOW,-21.07
20.86,1.79,30.56,28.46,2.54,78.81,MODERATE,-5.060000000000002
33.68,1.91,47.01,38.08,19.1,67.17,HIGH,14.700000000000003
1.67,2.47,42.58,15.93,2.74,56.38,MODERATE,-11.52
1.74,2.88,37.13,26.81,0.12,66.92,LOW,-24.95
24.11,7.87,30.29,55.26,33.09,40.31,CRITICAL,1.9400000000000048
19.38,4.17,39.03,44.89,0.95,68.6,HIGH,-24.560000000000002
22.43,0.5,51.53,29.16,128.57,40.86,CRITICAL,121.84
7.28,3.42,65.19,19.11,25.19,79.07,HIGH,13.36
15.8,2.46,49.45,33.25,12.21,75.37,MODERATE,-5.239999999999998
19.08,2.24,42.39,52.99,30.25,26.4,MODERATE,-3.6600000000000037
13.69,1.83,62.27,5.96,14.19,46.14,MODERATE,21.919999999999998
6.65,1.49,36.92,38.14,4.49,89.9,LOW,-27.0
18.84,3.42,19.94,41.11,3.98,84.76,HIGH,-18.29
19.9,1.45,55.64,15.16,8.07,75.63,HIGH,12.809999999999999
14.28,4.15,39.09,15.47,3.16,84.82,CRITICAL,1.969999999999997
10.85,4.86,49.61,26.84,0.62,27.74,MODERATE,-15.370000000000001
29.88,2.07,49.73,52.69,31.91,41.02,HIGH,9.100000000000001
13.93,6.8,31.93,36.59,35.83,65.39,CRITICAL,13.169999999999995
13.07,2.47,54.71,44.93,1.39,84.7,LOW,-30.47
3.03,3.39,45.66,23.77,9.83,66.3,HIGH,-10.91
15.39,3.15,39.24,52.99,36.7,71.09,HIGH,-0.8999999999999986
20.18,1.96,34.16,41.08,4.2,38.45,MODERATE,-16.7
25.98,1.29,45.12,29.36,10.98,45.56,HIGH,7.600000000000001
2.11,1.33,69.52,10.35,16.49,41.92,MODERATE,8.249999999999998
13.74,0.26,50.57,67.39,21.0,30.86,LOW,-32.65
9.67,1.96,46.78,18.22,12.36,75.11,MODERATE,3.8100000000000023
10.84,1.87,50.28,61.82,15.74,83.5,LOW,-35.24
12.97,5.19,57.3,32.71,5.28,70.65,HIGH,-14.46
21.27,7.35,60.35,58.14,6.35,24.71,HIGH,-30.520000000000003
10.28,0.53,15.0,48.03,22.54,39.33,LOW,-15.21
28.2,2.28,37.77,17.38,62.56,39.92,CRITICAL,73.38000000000001
9.48,4.59,32.98,49.96,48.6,27.99,HIGH,8.119999999999997
11.99,5.39,47.99,37.45,16.87,68.58,HIGH,-8.590000000000003
24.75,2.88,40.11,30.37,0.23,72.0,HIGH,-5.390000000000001
8.78,2.66,47.21,39.04,0.23,30.14,LOW,-30.03
21.88,9.05,32.58,25.45,3.18,24.66,CRITICAL,-0.39000000000000057
8.41,2.14,40.92,28.54,10.52,73.49,MODERATE,-9.61
1.58,0.81,46.37,15.14,9.57,39.96,LOW,-3.99
15.88,0.91,34.53,41.52,7.33,92.33,LOW,-18.310000000000002
25.8,1.38,47.27,72.76,4.35,29.17,LOW,-42.61000000000001
4.94,8.28,37.69,50.41,14.01,58.13,HIGH,-31.459999999999997
4.0,6.67,58.36,5.0,55.5,57.47,CRITICAL,54.5
10.56,8.87,32.08,34.66,9.81,96.0,CRITICAL,-14.289999999999996
18.02,1.77,40.66,31.3,29.5,71.3,HIGH,16.219999999999995
20.67,2.96,48.55,61.07,8.07,23.07,LOW,-32.33
10.6,1.75,29.87,32.77,4.57,61.0,LOW,-17.6
17.19,2.56,70.1,48.21,0.59,27.51,LOW,-30.43
12.25,4.79,60.21,21.35,55.53,80.55,CRITICAL,46.43
22.93,1.89,31.2,34.28,24.28,58.26,HIGH,12.93
30.38,0.7,54.7,31.34,24.48,62.85,HIGH,23.52
18.51,2.18,43.77,24.26,43.86,85.04,CRITICAL,38.11
33.04,5.03,32.05,5.0,29.73,10.0,CRITICAL,57.769999999999996
10.23,0.7,67.01,65.01,46.34,75.19,LOW,-8.439999999999998
11.96,4.56,37.87,21.75,7.1,52.93,HIGH,-2.6899999999999977
57.38,0.54,28.92,26.95,24.13,51.39,CRITICAL,54.56
3.47,4.32,47.5,21.38,13.79,32.93,HIGH,-4.120000000000001
21.13,6.17,50.29,37.03,30.0,93.68,CRITICAL,14.099999999999994
15.72,1.18,28.95,33.64,8.62,87.37,MODERATE,-9.3
25.7,5.89,15.0,5.0,70.4,26.79,CRITICAL,91.10000000000001
27.07,2.33,44.59,34.16,37.57,43.3,CRITICAL,30.480000000000004
31.64,6.21,46.97,55.75,32.48,10.0,HIGH,8.370000000000005
27.09,4.01,41.88,43.26,6.56,35.71,HIGH,-9.61
0.79,2.49,45.31,34.56,34.37,68.11,MODERATE,0.5999999999999943
25.84,1.03,15.0,52.26,2.91,77.42,MODERATE,-23.509999999999998
18.7,3.39,54.43,37.54,17.34,23.37,MODERATE,-1.5
9.04,5.71,32.63,46.28,12.56,76.06,HIGH,-24.68
54.64,7.3,61.05,45.9,18.49,84.59,CRITICAL,27.229999999999997
16.97,1.63,15.21,25.35,8.62,25.67,MODERATE,0.23999999999999488
13.83,2.06,40.7,29.18,32.63,74.67,HIGH,17.28
21.16,2.66,44.06,45.28,12.43,80.5,HIGH,-11.689999999999998
10.62,2.62,64.42,38.23,1.88,68.61,LOW,-25.729999999999997
42.66,4.4,35.58,24.03,34.33,10.0,CRITICAL,52.959999999999994
11.4,0.96,37.91,47.14,15.01,27.3,LOW,-20.73
8.55,1.45,54.73,31.35,21.2,68.44,MODERATE,-1.6000000000000014
13.36,7.22,76.91,54.89,2.94,29.84,MODERATE,-38.59
6.39,1.63,19.32,28.4,9.75,46.52,LOW,-12.259999999999998
5.42,7.27,81.09,26.48,3.08,57.41,HIGH,-17.98
20.86,3.36,46.61,32.1,25.17,57.2,HIGH,13.93
4.62,2.58,35.58,32.23,8.25,83.36,LOW,-19.359999999999996
14.55,0.76,25.81,37.66,1.55,76.06,LOW,-21.559999999999995
5.45,3.44,75.19,46.21,34.06,14.09,LOW,-6.699999999999996
41.55,5.56,29.21,23.86,35.01,63.09,CRITICAL,52.7
16.75,2.05,15.0,41.11,4.17,59.54,MODERATE,-20.189999999999998
15.87,1.49,45.68,22.18,8.35,10.82,MODERATE,2.039999999999999
17.58,8.55,48.37,37.49,31.98,50.36,CRITICAL,12.07
1.91,9.56,68.89,47.13,5.25,83.77,HIGH,-39.97
30.79,2.75,57.74,33.22,49.8,66.91,CRITICAL,47.370000000000005
18.96,4.3,39.96,27.87,56.82,72.25,CRITICAL,47.91
11.46,0.46,53.43,42.98,25.26,60.19,LOW,-6.259999999999998
8.42,5.9,32.8,59.97,10.63,77.57,HIGH,-40.92
24.3,1.58,31.4,57.78,44.48,26.46,MODERATE,11.0
2.79,4.85,36.39,27.92,0.86,36.8,MODERATE,-24.270000000000003
5.0,4.12,47.22,13.21,21.31,90.67,HIGH,13.099999999999998
12.51,5.43,58.2,39.86,47.98,45.42,CRITICAL,20.629999999999995
26.2,1.19,22.85,30.65,41.86,76.97,CRITICAL,37.410000000000004
1.58,1.63,62.3,56.61,4.85,70.93,LOW,-50.18
27.72,3.72,56.58,50.11,12.94,84.04,HIGH,-9.450000000000003
2.86,2.16,34.3,45.92,8.33,74.4,LOW,-34.730000000000004
6.22,3.19,61.87,28.15,28.34,50.47,HIGH,6.410000000000004
26.89,2.93,47.79,29.09,12.22,35.43,HIGH,10.02
40.13,4.82,19.46,41.59,12.58,32.15,CRITICAL,11.119999999999997
3.92,6.41,45.62,44.89,41.64,71.49,CRITICAL,0.6700000000000017
11.74,3.23,51.01,54.41,5.96,28.18,LOW,-36.709999999999994
8.35,5.73,48.31,30.7,41.25,56.61,CRITICAL,18.900000000000002
16.64,3.32,39.52,48.22,21.68,53.73,HIGH,-9.899999999999999
16.41,1.25,33.86,27.5,16.22,91.36,HIGH,5.1299999999999955
1.17,0.87,59.4,41.71,0.6,17.99,LOW,-39.94
27.08,2.63,72.19,29.44,5.5,40.95,MODERATE,3.139999999999997
10.42,3.1,52.13,25.08,30.16,59.62,HIGH,15.5
20.16,0.69,55.65,44.02,14.51,31.07,LOW,-9.350000000000001
15.97,0.25,57.57,10.22,7.02,21.93,MODERATE,12.770000000000001
20.26,1.03,40.57,5.0,16.12,79.21,HIGH,31.380000000000003
15.98,3.06,66.51,43.53,11.15,73.1,MODERATE,-16.4
14.73,1.21,35.74,40.77,4.05,28.9,LOW,-21.990000000000002
12.91,1.49,42.46,37.24,3.42,57.61,LOW,-20.910000000000004
7.44,2.5,43.66,34.51,27.46,15.38,MODERATE,0.39000000000000057
17.41,3.03,38.57,36.73,18.94,60.96,HIGH,-0.37999999999999545
22.17,6.44,36.31,41.24,4.36,61.08,CRITICAL,-14.71
34.63,1.01,34.04,53.87,43.66,81.4,CRITICAL,24.419999999999995
29.78,3.05,42.14,29.29,11.74,45.97,CRITICAL,12.230000000000004
32.31,1.15,50.05,29.96,26.75,38.88,HIGH,29.1
14.56,1.43,50.66,20.44,54.15,71.14,CRITICAL,48.269999999999996
20.8,2.89,55.65,5.15,30.96,63.57,CRITICAL,46.61000000000001
17.28,3.59,39.35,47.37,4.1,30.61,MODERATE,-25.989999999999995
15.67,1.26,29.32,36.96,48.47,57.18,HIGH,27.18
25.06,8.39,36.61,5.0,28.89,88.18,CRITICAL,48.95
8.0,4.01,52.98,41.72,4.31,39.03,LOW,-29.41
7.73,0.59,53.41,44.86,30.61,21.17,LOW,-6.519999999999996
7.04,2.51,78.07,25.29,20.85,16.52,LOW,2.6000000000000014
15.6,1.06,39.39,29.74,26.93,66.16,MODERATE,12.790000000000003
7.72,6.45,49.62,36.85,23.44,44.99,HIGH,-5.690000000000001
4.57,1.61,47.83,21.66,34.98,64.04,MODERATE,17.889999999999997
2.69,1.24,69.88,22.57,6.77,75.59,LOW,-13.110000000000001
18.44,4.12,25.36,29.23,2.87,22.75,HIGH,-7.919999999999998
5.64,2.61,51.74,26.22,10.39,44.63,LOW,-10.189999999999998
8.66,0.75,62.39,31.05,18.54,22.66,LOW,-3.8500000000000014
3.71,2.7,70.43,5.35,17.64,41.01,MODERATE,16.0
21.16,1.23,34.24,29.98,14.79,38.04,MODERATE,5.970000000000002
14.02,1.14,49.9,31.15,8.13,19.72,LOW,-9.0
5.16,1.31,37.01,45.45,3.64,34.49,LOW,-36.650000000000006
48.57,0.25,59.23,17.35,21.75,62.88,CRITICAL,52.96999999999999
17.26,2.65,40.2,38.93,20.55,55.77,HIGH,-1.1199999999999974
8.24,3.22,26.92,20.47,32.02,84.08,CRITICAL,19.790000000000006
1.57,3.12,38.32,50.46,18.67,49.04,LOW,-30.22
14.2,2.03,58.13,18.54,5.56,35.3,MODERATE,1.2199999999999989
15.78,2.85,27.48,13.81,4.0,71.16,HIGH,5.970000000000001
22.7,2.88,31.2,22.39,0.08,83.12,HIGH,0.389999999999997
9.67,1.95,28.72,21.72,25.6,62.62,MODERATE,13.550000000000004
7.94,0.38,39.95,41.45,20.9,47.69,LOW,-12.610000000000003
5.72,4.93,33.49,30.16,7.03,46.84,HIGH,-17.41
1.12,4.98,23.47,42.46,13.45,75.19,HIGH,-27.89
35.91,1.55,29.07,21.83,3.16,91.46,CRITICAL,17.239999999999995
21.18,5.88,15.0,35.81,1.54,80.22,CRITICAL,-13.090000000000003
22.67,6.73,38.17,43.99,4.23,20.35,HIGH,-17.09
3.27,2.3,41.23,42.29,16.45,69.98,LOW,-22.57
3.9,3.74,55.25,65.38,36.77,68.6,LOW,-24.709999999999994
22.08,5.83,17.86,28.97,14.82,29.07,CRITICAL,7.93
10.01,2.84,46.41,8.91,3.58,10.0,MODERATE,4.68
9.39,2.28,77.21,32.65,3.8,36.47,LOW,-19.459999999999997
19.6,2.15,51.29,37.47,0.21,55.14,MODERATE,-17.659999999999997
6.37,0.98,39.81,28.85,24.47,56.34,MODERATE,1.9899999999999984
14.25,1.02,56.78,45.66,5.1,32.75,LOW,-26.309999999999995
11.92,8.29,58.77,57.07,4.98,10.0,MODERATE,-40.17
5.52,3.18,24.49,50.39,15.04,57.96,MODERATE,-29.830000000000002
20.59,1.39,41.1,38.11,16.17,95.36,MODERATE,-1.3499999999999943
20.75,0.37,21.22,62.0,5.05,86.84,LOW,-36.2
18.94,1.35,35.11,36.59,3.02,43.05,LOW,-14.630000000000003
17.89,2.49,51.2,13.67,24.29,28.07,HIGH,28.509999999999998
10.55,5.25,32.96,39.84,1.9,43.83,HIGH,-27.39
39.22,0.52,30.57,29.85,43.67,83.77,CRITICAL,53.04
16.91,2.57,65.73,17.12,32.84,57.98,HIGH,32.629999999999995
29.85,5.52,52.87,27.24,4.87,39.78,CRITICAL,7.48
15.13,0.74,34.01,45.76,6.37,73.41,LOW,-24.259999999999998
12.98,3.6,59.13,23.81,33.3,29.01,HIGH,22.470000000000002
1.03,5.69,53.63,36.72,4.6,80.01,HIGH,-31.09
8.94,3.08,66.61,5.0,3.22,57.83,HIGH,7.16
21.16,0.49,48.89,31.4,2.0,54.74,MODERATE,-8.239999999999998
7.17,4.79,26.96,46.13,38.37,34.72,HIGH,-0.5900000000000034
4.67,1.59,51.04,29.73,39.72,76.18,MODERATE,14.66
0.57,0.6,54.02,50.37,7.9,33.63,LOW,-41.9
6.21,5.67,32.27,51.19,6.67,32.05,MODERATE,-38.31
22.93,3.46,25.28,37.19,41.44,54.68,CRITICAL,27.180000000000007
25.55,0.58,50.98,24.98,66.92,49.58,CRITICAL,67.49
24.33,6.88,33.59,49.07,12.51,42.4,CRITICAL,-12.230000000000004
12.34,2.03,45.25,38.04,56.82,40.77,HIGH,31.119999999999997
39.67,1.08,52.13,40.79,12.98,36.12,HIGH,11.860000000000007
10.97,1.97,53.89,41.27,37.16,65.17,MODERATE,6.859999999999992
8.97,2.41,50.09,35.86,10.05,56.99,LOW,-16.839999999999996
20.5,4.61,44.5,28.28,55.42,68.56,CRITICAL,47.64
6.81,2.57,31.76,31.56,57.7,85.98,CRITICAL,32.95
4.35,2.6,37.87,19.53,49.93,74.07,HIGH,34.75
3.93,1.71,29.56,68.58,17.71,61.18,LOW,-46.94
3.47,0.85,64.66,27.59,2.86,18.99,LOW,-21.259999999999998
17.79,8.1,54.65,61.57,12.98,54.19,HIGH,-30.8
20.58,0.87,38.14,33.28,18.3,10.0,LOW,5.599999999999994
16.52,1.87,41.92,42.8,38.91,43.74,HIGH,12.629999999999995
29.35,4.42,47.32,52.3,9.71,72.11,CRITICAL,-13.239999999999995
5.81,0.86,38.83,45.91,1.31,67.8,LOW,-38.79
14.57,10.59,28.16,36.59,8.48,76.6,CRITICAL,-13.540000000000003
6.85,1.2,15.0,32.82,5.73,15.14,LOW,-20.240000000000002
1.32,2.01,74.89,18.38,22.72,39.82,LOW,5.66
4.25,0.75,72.7,40.76,29.6,79.4,LOW,-6.909999999999997
21.81,5.45,29.03,31.06,80.44,94.29,CRITICAL,71.19
13.35,1.09,32.99,49.29,0.87,92.9,LOW,-35.07
7.83,2.94,61.3,37.32,9.72,98.0,MODERATE,-19.77
3.83,7.53,39.73,46.13,2.73,67.61,HIGH,-39.57
17.42,6.34,35.17,46.44,7.94,30.9,HIGH,-21.079999999999995
8.22,1.64,43.04,35.76,4.02,90.98,LOW,-23.519999999999996
19.03,2.84,62.14,28.65,6.16,75.1,MODERATE,-3.4599999999999973
4.14,1.39,35.14,21.35,5.25,57.08,LOW,-11.96
23.32,2.88,23.37,42.95,0.15,46.56,MODERATE,-19.480000000000004
29.97,0.65,46.41,21.07,21.62,76.42,HIGH,30.520000000000003
9.73,4.2,46.76,18.73,22.64,69.4,CRITICAL,13.640000000000004
5.18,1.73,27.17,40.97,6.63,36.51,LOW,-29.16
28.58,5.38,44.97,17.86,17.98,73.45,CRITICAL,28.700000000000003
3.33,1.87,56.21,32.52,5.95,83.55,LOW,-23.240000000000002
15.26,3.96,54.41,31.74,58.27,35.25,HIGH,41.790000000000006
28.84,5.1,41.31,34.9,5.79,67.85,CRITICAL,-0.269999999999996
13.16,3.76,32.87,25.37,32.45,84.32,CRITICAL,20.24
7.99,1.83,38.15,47.48,57.51,97.36,HIGH,18.020000000000003
2.06,0.75,41.61,33.01,47.05,83.11,MODERATE,16.1
37.09,4.87,65.5,45.29,5.07,81.66,CRITICAL,-3.1299999999999955
12.02,1.71,45.4,14.48,14.77,87.82,HIGH,12.309999999999999
44.42,2.87,37.53,26.39,0.8,77.88,CRITICAL,18.83
16.77,0.85,41.23,22.12,38.42,23.65,MODERATE,33.06999999999999
13.81,3.48,41.88,32.88,13.5,83.06,HIGH,-5.57
20.41,1.11,35.59,45.48,5.27,14.22,LOW,-19.799999999999997
18.62,1.48,61.86,37.51,1.03,48.63,LOW,-17.859999999999996
4.03,0.74,28.68,24.87,94.72,59.44,CRITICAL,73.88
5.56,2.43,59.38,49.81,5.62,73.41,LOW,-38.63
9.98,2.05,20.76,32.29,24.57,27.33,MODERATE,2.259999999999998
16.84,4.87,57.89,22.93,6.15,64.76,HIGH,0.060000000000002274
1.05,1.92,37.83,31.52,35.64,24.91,MODERATE,5.169999999999998
65.5,5.83,53.19,30.03,13.49,27.18,CRITICAL,48.959999999999994
26.28,1.26,45.34,26.3,18.8,43.82,HIGH,18.779999999999998
14.49,2.61,69.14,33.67,14.63,97.2,MODERATE,-4.550000000000001
3.29,0.66,54.11,66.33,18.38,48.98,LOW,-44.66
2.6,1.74,52.35,25.31,4.02,26.47,LOW,-18.689999999999998
4.2,2.57,27.47,36.55,32.83,40.8,MODERATE,0.480000000000004
24.12,1.52,33.03,53.17,16.87,16.93,MODERATE,-12.18
6.11,1.5,61.11,5.0,21.29,88.01,HIGH,22.4
7.04,1.02,44.31,27.57,11.45,79.67,LOW,-9.080000000000002
14.15,1.05,28.21,51.24,2.86,46.46,LOW,-34.230000000000004
45.41,1.93,40.96,38.46,77.33,87.86,CRITICAL,84.28
47.58,2.47,61.29,27.81,4.19,25.91,HIGH,23.959999999999997
12.17,1.23,38.22,25.01,7.51,86.81,MODERATE,-5.330000000000002
11.59,6.27,44.38,50.7,18.0,63.75,HIGH,-21.110000000000003
5.52,4.57,60.48,42.94,6.88,95.78,MODERATE,-30.54
34.66,1.37,63.77,18.22,23.19,48.78,HIGH,39.629999999999995
12.07,1.87,39.74,22.76,16.87,44.8,MODERATE,6.18
40.28,1.5,61.55,43.26,14.41,88.76,HIGH,11.43
4.31,5.1,19.79,46.19,17.76,96.27,HIGH,-24.119999999999997
20.84,0.99,60.5,40.72,4.31,68.87,LOW,-15.57
42.6,3.06,18.34,70.96,17.59,93.26,CRITICAL,-10.769999999999996
10.86,0.8,37.35,28.37,2.31,91.67,LOW,-15.200000000000001
7.87,3.42,70.92,48.35,5.4,47.7,LOW,-35.08
39.59,1.15,57.86,41.45,12.86,79.68,HIGH,11.0
5.9,4.23,30.0,28.14,4.88,23.5,MODERATE,-17.36
8.34,3.95,51.53,35.16,34.04,42.19,HIGH,7.219999999999999
7.19,2.49,40.84,58.65,3.53,84.91,LOW,-47.93
6.12,6.32,52.98,30.35,3.95,76.86,HIGH,-20.28
9.74,0.25,51.19,11.01,3.48,25.79,LOW,2.210000000000001
19.49,0.26,15.0,66.32,28.46,68.41,LOW,-18.36999999999999
30.48,0.65,47.37,38.5,22.53,77.49,HIGH,14.510000000000005
44.48,0.5,19.03,28.52,5.33,72.33,CRITICAL,21.289999999999996
9.49,4.84,43.49,35.99,16.5,62.11,HIGH,-10.0
12.65,2.15,45.07,41.73,33.61,69.28,MODERATE,4.530000000000001
8.97,1.27,28.98,20.95,3.55,91.62,MODERATE,-8.43
10.74,4.96,75.69,30.32,11.28,57.87,HIGH,-8.3
42.03,2.78,56.66,27.17,4.71,81.3,CRITICAL,19.57
5.19,1.58,41.56,64.56,17.72,28.33,LOW,-41.650000000000006
37.39,0.81,68.44,40.28,6.51,88.41,MODERATE,3.6199999999999974
9.97,0.43,80.42,37.55,26.14,89.69,LOW,-1.4399999999999977
7.74,2.41,38.5,39.42,4.3,66.47,LOW,-27.380000000000003
3.57,4.17,32.05,25.03,9.8,53.27,HIGH,-11.66
13.1,1.55,45.16,38.28,33.06,82.25,MODERATE,7.880000000000003
4.61,9.22,49.23,28.17,14.66,47.4,CRITICAL,-8.900000000000002
25.12,0.54,53.97,24.92,17.18,71.38,HIGH,17.379999999999995
18.39,4.75,15.09,55.32,40.52,64.72,CRITICAL,3.5900000000000034
6.43,7.35,29.63,43.97,14.98,43.34,CRITICAL,-22.56
9.03,2.67,19.16,50.26,99.13,87.77,CRITICAL,57.9
33.88,3.9,62.89,32.9,19.9,56.31,CRITICAL,20.880000000000003
3.94,6.26,35.08,45.77,85.24,73.36,CRITICAL,43.40999999999999
11.12,2.91,47.66,21.46,56.2,13.68,HIGH,45.86000000000001
2.21,6.15,33.36,16.42,116.34,72.81,CRITICAL,102.13
7.23,7.36,37.76,28.87,21.67,52.59,CRITICAL,0.030000000000001137
32.72,3.88,53.91,34.76,10.78,56.14,CRITICAL,8.740000000000002
31.57,0.72,57.11,33.21,51.3,83.5,CRITICAL,49.660000000000004
11.09,0.59,33.34,47.39,33.78,10.22,LOW,-2.519999999999996
1.63,7.4,63.94,39.39,46.51,85.81,CRITICAL,8.75
23.56,0.65,52.87,24.12,58.6,76.25,CRITICAL,58.03999999999999
19.74,1.37,39.83,28.19,2.13,78.11,MODERATE,-6.320000000000004
39.37,0.25,66.81,25.13,7.81,32.86,MODERATE,22.05
9.89,0.38,46.24,42.87,2.81,32.02,LOW,-30.169999999999995
22.0,2.81,22.31,34.01,25.13,10.0,HIGH,13.119999999999997
18.26,2.6,29.33,37.48,7.01,73.41,HIGH,-12.209999999999994
1.52,4.91,35.89,40.47,7.39,31.4,MODERATE,-31.56
49.04,7.78,65.83,21.54,47.72,64.75,CRITICAL,75.22
27.4,2.07,48.63,36.57,5.2,13.44,MODERATE,-3.969999999999999
3.96,3.73,33.61,37.75,12.29,94.21,MODERATE,-21.5
13.83,2.74,18.73,38.71,16.1,45.34,MODERATE,-8.780000000000001
2.99,1.85,38.0,25.89,11.4,67.99,LOW,-11.5
16.98,2.53,20.22,56.77,25.25,65.78,HIGH,-14.54
10.17,5.28,40.48,47.43,22.04,49.1,HIGH,-15.219999999999999
29.45,1.63,31.45,10.26,8.7,68.01,HIGH,27.89
21.24,2.46,42.86,44.88,11.87,10.0,LOW,-11.770000000000003
15.78,2.42,51.28,40.02,71.38,67.4,CRITICAL,47.13999999999999
12.64,0.95,51.73,40.93,0.11,46.37,LOW,-28.18
14.16,3.21,59.85,16.69,0.27,79.88,HIGH,-2.2600000000000016
14.61,3.79,39.04,20.73,34.46,79.38,CRITICAL,28.34
7.29,2.15,27.96,22.89,49.67,64.48,CRITICAL,34.07
43.01,1.23,29.02,58.83,27.98,33.57,HIGH,12.159999999999997
16.23,0.3,50.94,5.0,26.0,12.51,MODERATE,37.230000000000004
3.57,1.41,76.03,44.34,4.53,37.37,LOW,-36.24
6.27,2.43,49.35,34.55,7.89,20.94,LOW,-20.389999999999997
3.77,1.35,52.89,10.8,8.3,69.75,MODERATE,1.2699999999999996
34.35,0.59,35.34,44.43,128.97,53.78,CRITICAL,118.88999999999999
5.65,0.93,45.88,38.86,7.88,75.48,LOW,-25.33
5.22,5.24,59.74,18.01,4.45,98.0,HIGH,-8.340000000000002
11.64,5.47,57.79,20.1,2.67,86.46,CRITICAL,-5.790000000000001
17.84,3.2,20.98,22.54,18.58,88.18,CRITICAL,13.880000000000003
6.88,1.81,34.26,33.17,21.9,60.29,MODERATE,-4.390000000000004
12.57,4.28,45.49,36.82,48.28,81.6,CRITICAL,24.03
13.24,3.44,53.21,72.04,16.2,38.85,LOW,-42.60000000000001
1.81,3.76,53.58,50.23,20.41,88.89,MODERATE,-28.009999999999998
9.37,5.37,42.31,36.97,1.43,28.1,MODERATE,-26.17
26.71,4.66,20.38,23.57,2.92,46.52,CRITICAL,6.060000000000002
22.11,0.98,45.34,21.46,20.13,12.37,MODERATE,20.779999999999994
11.31,2.91,46.58,47.85,24.14,44.73,MODERATE,-12.399999999999999
5.9,1.34,49.94,44.5,5.36,70.46,LOW,-33.239999999999995
10.47,0.98,32.62,34.26,0.38,45.88,LOW,-23.409999999999997
36.32,0.91,61.13,24.73,94.06,32.98,CRITICAL,105.64999999999999
28.59,3.92,48.87,31.27,59.88,34.39,CRITICAL,57.2
28.29,3.15,52.78,49.77,37.63,18.51,HIGH,16.15
16.57,3.51,37.25,46.67,11.73,32.13,MODERATE,-18.37
3.43,1.12,61.86,64.99,11.27,92.53,LOW,-50.28999999999999
27.96,4.5,32.54,29.37,2.57,90.03,CRITICAL,1.1600000000000001
2.69,9.49,49.04,43.8,48.69,44.94,CRITICAL,7.579999999999998
26.16,6.49,55.15,40.78,13.07,60.76,CRITICAL,-1.5499999999999972
14.58,4.16,48.02,41.24,19.94,84.88,HIGH,-6.719999999999999
4.44,4.13,42.53,47.94,18.49,62.56,MODERATE,-25.009999999999998
11.53,0.64,43.41,34.23,6.32,63.48,LOW,-16.379999999999995
12.86,0.89,32.39,42.27,5.22,30.55,LOW,-24.190000000000005
13.5,5.85,34.9,41.62,9.17,56.59,HIGH,-18.949999999999996
17.49,2.34,40.56,19.37,10.95,29.0,MODERATE,9.069999999999997
7.87,5.03,61.06,32.07,2.03,60.6,MODERATE,-22.17
11.16,1.2,49.64,30.43,2.36,26.45,LOW,-16.91
9.88,0.68,47.45,37.08,22.3,83.97,LOW,-4.899999999999999
6.23,1.79,30.35,33.11,19.31,66.68,MODERATE,-7.57
28.91,3.62,43.67,57.29,5.03,55.42,HIGH,-23.35
2.99,0.39,49.39,39.95,6.99,79.92,LOW,-29.970000000000002
10.35,3.4,45.07,5.0,0.31,25.36,HIGH,5.66
3.75,0.92,72.3,5.0,13.95,55.96,MODERATE,12.7
15.72,2.27,31.17,31.58,24.64,51.12,HIGH,8.780000000000001
36.27,3.22,56.29,56.22,20.61,40.84,HIGH,0.6600000000000037
18.49,4.13,32.26,27.07,13.3,58.74,CRITICAL,4.719999999999999
10.44,8.6,54.7,20.58,9.25,79.23,CRITICAL,-0.8900000000000006
39.63,1.2,43.89,30.73,11.23,86.79,CRITICAL,20.13
19.19,3.14,23.46,26.48,62.75,29.69,CRITICAL,55.459999999999994
19.2,2.54,66.61,48.19,39.01,67.27,HIGH,10.019999999999996
8.27,3.82,29.39,22.4,3.45,55.03,HIGH,-10.68
31.84,5.97,28.65,18.76,2.61,63.12,CRITICAL,15.690000000000001
15.02,1.33,37.67,37.33,5.3,59.58,LOW,-17.009999999999998
7.93,0.9,15.0,43.14,22.48,94.19,MODERATE,-12.73
34.46,2.21,95.73,18.46,28.36,46.07,HIGH,44.36
5.34,1.62,18.12,15.29,2.94,93.49,MODERATE,-7.01
11.6,2.37,41.14,52.15,17.27,90.24,MODERATE,-23.28
48.62,2.55,32.09,36.51,81.75,37.87,CRITICAL,93.86000000000001
15.42,0.38,80.03,43.84,19.39,59.91,LOW,-9.030000000000001
8.78,3.58,30.82,44.53,30.41,38.5,MODERATE,-5.340000000000003
9.22,2.88,15.67,19.61,2.37,48.05,MODERATE,-8.02
33.71,5.13,43.2,34.16,20.96,57.98,CRITICAL,20.510000000000005
6.19,2.17,64.14,33.98,26.24,76.78,MODERATE,-1.5499999999999972
4.39,2.29,42.38,39.08,33.2,57.2,MODERATE,-1.4899999999999949
5.11,1.69,45.37,34.98,38.74,47.27,MODERATE,8.870000000000005
6.59,7.78,15.0,46.54,63.3,72.27,CRITICAL,23.35
10.85,1.43,52.71,49.11,14.21,67.58,LOW,-24.049999999999997
18.52,1.24,38.46,27.14,35.61,68.89,HIGH,26.989999999999995
38.5,0.97,83.26,53.95,3.15,52.34,LOW,-12.300000000000004
24.41,6.16,44.39,57.79,15.93,46.25,HIGH,-17.449999999999996
21.56,2.32,38.33,23.8,33.02,45.06,HIGH,30.779999999999998
1.27,3.11,53.67,45.3,5.44,76.28,LOW,-38.589999999999996
9.76,3.39,44.03,38.63,23.9,33.87,MODERATE,-4.970000000000006
15.35,4.58,60.73,55.67,88.38,58.85,CRITICAL,48.05999999999999
20.79,3.53,31.6,42.75,19.42,26.65,HIGH,-2.539999999999999
43.41,4.03,40.38,42.62,49.09,56.25,CRITICAL,49.88
6.84,4.81,48.22,40.57,0.97,52.36,MODERATE,-32.76
20.6,2.29,65.56,46.61,39.06,55.78,MODERATE,13.050000000000004
2.42,2.15,57.91,46.63,27.69,18.5,LOW,-16.520000000000003
18.08,1.64,20.54,23.43,11.12,33.0,HIGH,5.769999999999996
14.36,2.01,24.44,42.48,39.03,47.29,HIGH,10.910000000000004
11.1,0.57,45.66,45.25,22.59,85.12,LOW,-11.560000000000002
22.78,8.78,48.52,44.86,19.15,56.04,CRITICAL,-2.9299999999999997
33.17,1.87,24.21,33.47,3.5,58.9,HIGH,3.200000000000003
14.58,3.51,27.47,56.32,1.07,69.61,MODERATE,-40.67
13.59,1.72,38.77,53.14,1.29,32.26,LOW,-38.260000000000005
28.59,5.66,27.61,20.82,8.49,83.05,CRITICAL,16.259999999999998
11.52,1.62,55.93,5.0,20.54,44.07,HIGH,27.060000000000002
10.75,2.25,61.68,33.54,42.48,61.45,HIGH,19.689999999999998
14.19,3.07,33.98,27.69,18.1,84.06,HIGH,4.599999999999998
38.21,7.68,74.71,24.71,8.0,91.03,CRITICAL,21.5
2.99,0.25,49.6,18.52,15.67,51.43,LOW,0.14000000000000057
19.69,0.91,43.57,27.12,13.07,24.95,MODERATE,5.640000000000004
8.13,2.14,36.31,5.0,30.86,62.13,HIGH,33.99
9.59,2.41,45.5,5.0,1.09,65.87,HIGH,5.68
8.3,1.13,40.74,32.4,11.33,60.64,LOW,-12.769999999999996
13.09,1.76,45.04,25.27,39.96,95.34,CRITICAL,27.779999999999998
6.15,0.25,55.75,12.59,59.21,29.1,MODERATE,52.769999999999996
12.84,1.53,43.4,48.64,14.07,35.1,LOW,-21.73
10.65,2.98,31.79,21.64,23.24,94.79,CRITICAL,12.25
21.9,4.29,65.84,54.76,20.2,33.26,MODERATE,-12.660000000000004
2.35,2.65,64.77,43.37,58.97,15.83,MODERATE,17.950000000000003
8.71,2.48,58.91,12.71,12.89,25.0,MODERATE,8.89
15.6,3.15,56.07,51.69,15.58,61.11,MODERATE,-20.509999999999998
20.37,3.4,34.06,5.0,15.92,36.65,CRITICAL,31.29
6.78,6.79,47.97,16.43,24.53,71.12,CRITICAL,14.880000000000003
18.71,0.42,54.04,34.44,19.74,54.76,MODERATE,4.010000000000005
14.05,4.79,44.62,16.34,2.99,23.23,HIGH,0.6999999999999993
16.26,3.09,28.03,73.29,7.71,45.02,LOW,-49.32000000000001
10.63,0.98,72.3,53.9,9.1,86.07,LOW,-34.17
13.92,2.69,31.0,5.0,25.89,65.56,CRITICAL,34.81
15.99,1.38,64.38,41.87,17.28,66.71,LOW,-8.599999999999994
16.17,6.36,34.83,34.44,7.68,81.99,CRITICAL,-10.589999999999996
28.14,2.21,36.66,23.57,31.94,95.72,CRITICAL,36.51
9.25,1.14,50.84,70.28,17.15,15.59,LOW,-43.88
8.93,6.73,23.49,37.27,22.94,62.37,CRITICAL,-5.400000000000002
14.87,3.37,33.76,37.38,9.79,93.18,HIGH,-12.720000000000006
11.41,3.64,47.87,54.85,12.43,92.9,MODERATE,-31.01
10.58,2.13,59.2,24.97,7.57,34.71,MODERATE,-6.82
20.91,4.24,49.88,12.96,10.76,22.15,HIGH,18.71
38.8,3.36,18.58,37.85,0.52,59.29,CRITICAL,1.4699999999999989
18.87,3.1,56.49,58.01,7.08,20.75,LOW,-32.059999999999995
8.77,1.23,55.04,40.35,3.19,29.99,LOW,-28.39
13.72,7.12,28.41,46.42,20.04,77.61,CRITICAL,-12.660000000000004
29.03,2.52,43.33,53.04,45.07,20.97,HIGH,21.059999999999995
26.66,3.05,41.7,15.69,5.74,30.36,HIGH,16.71
15.45,8.64,70.76,51.38,22.94,64.68,CRITICAL,-12.990000000000002
6.62,1.18,41.66,17.96,3.23,65.23,MODERATE,-8.110000000000001
8.86,1.54,32.91,58.43,3.56,67.42,LOW,-46.01
10.66,1.73,16.07,24.73,3.07,75.37,MODERATE,-11.0
6.36,1.76,32.82,10.83,9.67,20.4,MODERATE,5.200000000000001
1.89,6.97,45.38,48.63,31.17,78.43,CRITICAL,-15.57
13.97,6.07,55.09,68.94,67.91,38.92,HIGH,12.939999999999998
53.77,5.45,38.62,47.61,3.95,77.69,CRITICAL,10.110000000000007
19.14,1.25,41.88,17.39,9.8,94.31,HIGH,11.55
26.49,2.55,43.36,13.57,13.51,54.4,CRITICAL,26.43
34.56,1.68,69.45,40.9,22.66,78.65,HIGH,16.32
14.05,9.55,47.79,29.82,25.95,22.87,CRITICAL,10.18
20.14,2.88,39.62,50.72,3.41,27.83,MODERATE,-27.169999999999998
14.63,2.57,100.0,14.17,19.26,50.52,MODERATE,19.72
7.49,2.71,48.47,31.95,30.41,18.32,MODERATE,5.949999999999999
7.48,2.36,45.84,38.26,4.79,14.67,LOW,-25.99
3.77,0.68,59.15,44.14,25.79,67.65,LOW,-14.580000000000002
15.2,4.15,63.75,46.11,20.24,84.69,HIGH,-10.670000000000002
17.39,0.54,58.86,13.02,6.58,71.54,MODERATE,10.95
8.15,2.0,42.73,38.39,19.9,56.88,LOW,-10.340000000000003
5.31,6.21,45.54,63.08,42.2,22.76,MODERATE,-15.569999999999993
17.8,1.33,38.85,26.87,3.89,55.49,MODERATE,-5.18
12.65,1.49,64.14,42.26,5.45,34.26,LOW,-24.159999999999997
23.85,3.18,57.37,35.71,8.69,70.77,HIGH,-3.1700000000000017
19.05,2.21,65.0,52.84,9.01,75.9,LOW,-24.78
6.85,3.69,53.74,18.88,10.58,56.91,HIGH,-1.4499999999999993
37.5,3.82,29.8,49.46,3.43,69.62,CRITICAL,-8.530000000000001
10.15,2.03,55.48,34.7,53.62,21.3,MODERATE,29.069999999999993
8.42,3.41,46.96,53.66,2.0,75.43,LOW,-43.239999999999995
10.65,2.5,70.39,49.89,42.05,35.66,MODERATE,2.809999999999995
16.64,3.16,32.27,50.51,6.03,14.97,LOW,-27.839999999999996
10.27,1.34,39.05,65.4,0.55,66.8,LOW,-54.580000000000005
60.16,1.19,66.2,60.83,12.28,92.24,CRITICAL,11.61
5.74,1.33,58.46,17.52,0.59,48.38,LOW,-11.19
17.25,2.1,47.04,48.0,36.45,72.88,MODERATE,5.700000000000003
11.52,1.28,39.31,30.34,11.34,63.16,MODERATE,-7.48
41.29,0.41,34.92,17.36,29.59,84.26,CRITICAL,53.519999999999996
8.18,3.75,27.01,56.01,17.96,93.61,MODERATE,-29.869999999999997
6.76,1.98,54.42,29.25,24.68,46.05,MODERATE,2.1899999999999977
11.25,1.37,42.35,42.81,88.55,42.19,HIGH,56.989999999999995
5.51,1.96,27.58,39.16,6.2,10.0,LOW,-27.449999999999996
3.37,2.41,27.16,26.28,20.45,66.3,MODERATE,-2.460000000000001
21.21,3.74,35.08,74.39,26.75,77.06,HIGH,-26.43
9.19,2.35,34.25,37.21,10.45,53.35,LOW,-17.57
35.68,2.8,35.68,69.69,5.28,50.88,MODERATE,-28.729999999999997
7.38,2.71,31.59,21.48,2.76,38.78,MODERATE,-11.34
34.31,2.22,33.95,18.77,32.48,48.09,CRITICAL,48.019999999999996
10.68,3.02,32.32,27.22,2.37,70.46,MODERATE,-14.169999999999998
17.11,1.87,60.97,21.24,22.14,73.44,HIGH,18.01
5.7,1.19,71.6,30.35,15.59,66.35,LOW,-9.060000000000002
10.97,4.68,54.99,30.15,18.42,59.73,HIGH,-0.759999999999998
3.08,3.47,66.67,33.8,75.81,60.8,CRITICAL,45.09
12.95,4.99,30.74,24.3,35.15,59.23,CRITICAL,23.799999999999994
10.68,0.8,39.48,27.47,9.74,94.01,LOW,-7.049999999999997
10.29,3.67,65.47,50.11,2.12,67.02,LOW,-37.7
22.37,2.55,15.68,40.92,37.1,39.86,HIGH,18.549999999999997
4.89,1.82,47.1,35.2,10.04,15.59,LOW,-20.270000000000003
0.36,8.3,38.7,68.27,9.97,74.02,HIGH,-57.94
14.42,2.1,40.33,60.91,33.88,82.54,MODERATE,-12.609999999999992
16.0,2.39,66.87,36.38,7.28,72.15,MODERATE,-13.100000000000001
29.8,2.11,58.03,23.93,4.51,51.92,HIGH,10.380000000000003
14.7,3.08,15.0,44.57,56.6,84.6,CRITICAL,26.729999999999997
26.49,1.1,44.81,38.87,20.22,22.62,MODERATE,7.839999999999996
32.16,1.29,29.0,38.26,20.83,41.15,HIGH,14.729999999999997
8.37,6.35,60.9,18.62,152.37,54.04,CRITICAL,142.12
17.62,5.28,58.72,20.98,0.87,36.76,HIGH,-2.4899999999999984
27.77,3.91,35.77,47.53,3.6,11.57,MODERATE,-16.16
2.86,2.67,25.5,44.15,58.96,74.0,HIGH,17.67
11.11,3.69,21.8,33.03,44.08,81.78,CRITICAL,22.159999999999997
14.45,2.05,54.87,36.31,35.13,79.4,HIGH,13.269999999999996
7.34,2.37,68.55,51.62,5.96,59.84,LOW,-38.31999999999999
11.43,4.44,41.03,29.92,14.27,10.0,MODERATE,-4.220000000000002
18.2,0.75,54.7,51.66,12.98,78.63,LOW,-20.479999999999997
7.66,0.8,20.08,5.0,26.54,16.25,MODERATE,29.200000000000003
8.08,5.64,35.88,40.03,20.75,27.9,HIGH,-11.200000000000003
21.35,3.8,61.1,43.73,46.81,96.31,CRITICAL,24.43
1.73,4.09,49.52,15.91,44.1,65.64,CRITICAL,29.919999999999998
7.27,2.67,35.99,48.1,41.39,75.2,MODERATE,0.5599999999999952
23.9,3.9,37.46,17.93,33.14,19.92,CRITICAL,39.11
12.16,2.84,60.53,47.13,1.31,94.92,LOW,-33.660000000000004
11.02,4.72,51.89,31.18,2.57,39.3,MODERATE,-17.59
7.77,8.58,32.83,38.83,22.23,57.11,CRITICAL,-8.829999999999998
31.99,2.27,60.46,20.23,14.78,51.28,HIGH,26.539999999999996
7.09,11.24,37.74,25.34,13.28,69.49,CRITICAL,-4.970000000000002
2.85,1.55,55.1,38.18,3.6,71.07,LOW,-31.73
9.34,3.37,49.87,47.94,24.63,60.38,MODERATE,-13.969999999999999
15.09,6.17,55.08,5.6,4.18,74.46,CRITICAL,13.67
13.41,4.51,27.78,33.08,6.02,52.92,HIGH,-13.649999999999999
24.63,1.23,40.05,10.04,8.51,17.14,HIGH,23.1
3.29,1.43,46.88,9.0,2.89,34.81,LOW,-2.8200000000000003
3.7,3.43,41.84,46.41,17.03,59.39,MODERATE,-25.679999999999996
3.47,1.2,37.97,18.42,13.87,20.29,MODERATE,-1.0800000000000018
13.26,1.77,33.65,57.24,4.86,58.28,LOW,-39.120000000000005
5.59,12.61,28.34,22.07,13.2,93.6,CRITICAL,-3.280000000000001
9.36,2.34,16.3,27.25,62.76,59.17,CRITICAL,44.870000000000005
12.17,3.96,61.65,43.84,16.44,47.61,MODERATE,-15.230000000000004
17.67,5.38,16.98,21.85,6.82,58.85,CRITICAL,2.6400000000000006
11.02,2.47,34.47,52.81,4.71,29.71,LOW,-37.08
47.88,0.39,26.48,64.4,0.73,74.44,HIGH,-15.790000000000006
20.99,2.73,35.75,36.76,24.4,95.98,CRITICAL,8.630000000000003
8.37,2.64,28.93,27.05,15.01,28.97,MODERATE,-3.6700000000000017
12.22,4.02,55.47,43.1,21.08,51.04,HIGH,-9.800000000000004
23.53,2.78,82.21,31.61,9.47,69.19,MODERATE,1.3900000000000006
18.23,5.04,43.8,43.73,14.97,57.56,HIGH,-10.529999999999994
11.42,3.6,41.36,32.1,23.19,49.96,HIGH,2.509999999999998
34.73,13.34,52.33,45.19,14.48,24.0,CRITICAL,4.019999999999996
11.75,5.61,49.86,47.91,6.78,74.49,HIGH,-29.379999999999995
7.98,3.19,25.68,27.16,11.27,33.27,MODERATE,-7.91
12.8,3.31,43.18,26.39,15.65,76.43,HIGH,2.0600000000000023
9.52,2.97,15.0,56.07,41.99,52.58,HIGH,-4.559999999999995
24.33,1.08,65.09,58.56,4.96,87.69,LOW,-29.270000000000003
7.02,3.36,51.1,31.17,18.84,96.23,HIGH,-5.310000000000002
3.97,5.35,61.04,60.28,8.68,82.69,LOW,-47.63
43.8,11.63,62.27,47.61,1.61,77.63,CRITICAL,-2.200000000000003
11.54,1.91,34.72,57.14,25.39,58.07,LOW,-20.21
7.59,0.77,58.53,36.52,0.95,23.98,LOW,-27.980000000000004
8.62,1.12,63.81,47.66,0.98,69.19,LOW,-38.059999999999995
13.42,3.11,28.4,45.25,27.51,70.71,HIGH,-4.32
10.33,0.71,28.87,32.96,2.9,56.68,LOW,-19.73
5.93,2.1,42.9,36.48,19.77,16.97,LOW,-10.779999999999998
9.34,1.22,68.28,5.12,6.9,74.71,MODERATE,11.120000000000001
26.12,1.43,66.16,18.81,24.21,60.67,HIGH,31.52
5.6,1.31,40.67,44.4,1.21,43.72,LOW,-37.589999999999996
20.54,2.4,24.71,17.88,1.91,88.19,HIGH,4.57
8.74,2.04,64.11,20.29,16.43,90.83,MODERATE,4.880000000000003
3.44,1.42,78.85,24.03,6.16,64.46,LOW,-14.430000000000001
5.14,5.98,58.59,45.19,2.66,31.23,MODERATE,-37.39
8.18,2.99,38.8,58.25,31.54,69.71,MODERATE,-18.53
33.39,2.48,72.48,29.86,61.62,56.04,CRITICAL,65.14999999999999
1.0,2.1,65.07,18.39,1.73,61.25,LOW,-15.66
7.56,0.6,38.07,48.4,58.45,10.94,LOW,17.610000000000007
8.67,3.81,56.21,59.49,30.28,25.17,LOW,-20.54
27.74,2.22,40.03,25.39,19.4,26.87,HIGH,21.75
4.78,2.75,32.77,49.33,3.19,36.85,LOW,-41.36
20.76,4.24,63.25,54.83,24.8,19.74,MODERATE,-9.269999999999996
24.25,7.33,24.81,41.11,1.17,58.95,CRITICAL,-15.689999999999998
13.76,4.66,51.35,33.95,26.15,81.8,CRITICAL,5.959999999999994
15.48,0.86,33.49,37.06,7.84,49.1,LOW,-13.740000000000002
9.65,1.84,40.86,31.72,0.03,47.97,LOW,-22.04
37.4,3.76,74.28,47.27,4.75,21.14,MODERATE,-5.1200000000000045
13.84,0.34,40.54,39.24,17.22,73.59,LOW,-8.180000000000003
27.04,3.83,48.59,14.22,7.02,66.06,CRITICAL,19.840000000000003
10.92,2.79,85.74,34.78,28.99,23.15,MODERATE,5.1299999999999955
23.59,5.26,43.8,36.21,0.14,13.93,HIGH,-12.48
17.18,1.24,20.96,51.12,119.07,51.65,CRITICAL,85.13
21.85,6.44,46.27,40.74,21.83,87.62,CRITICAL,2.9399999999999977
7.95,3.82,52.01,25.31,2.51,31.89,MODERATE,-14.849999999999998
16.97,1.12,34.05,18.42,62.34,30.18,CRITICAL,60.89
9.35,5.18,48.66,49.68,27.05,33.88,MODERATE,-13.280000000000001
7.22,3.36,25.42,24.53,22.85,58.23,HIGH,5.539999999999999
5.86,2.32,43.85,47.69,15.53,56.23,LOW,-26.299999999999997
24.88,3.92,57.63,53.54,10.14,32.48,MODERATE,-18.520000000000003
16.25,2.25,35.21,49.18,0.48,51.65,LOW,-32.45
30.58,1.61,60.56,55.93,0.68,57.08,LOW,-24.67
20.71,4.11,68.81,48.03,22.96,43.51,MODERATE,-4.359999999999999
21.38,1.78,57.7,9.03,12.48,28.15,HIGH,24.83
18.23,2.59,43.98,68.77,0.92,84.48,LOW,-49.61999999999999
22.98,1.99,43.7,47.78,7.91,53.0,MODERATE,-16.89
27.22,1.82,51.11,22.55,21.0,17.19,HIGH,25.669999999999998
0.75,5.29,64.33,46.84,1.26,81.48,LOW,-44.830000000000005
35.61,1.43,64.47,53.65,14.86,64.17,MODERATE,-3.1799999999999997
10.54,5.17,58.98,5.0,19.53,98.0,CRITICAL,25.07
38.29,2.01,58.23,40.83,14.63,37.42,HIGH,12.090000000000003
38.24,6.1,32.68,46.67,45.15,26.71,CRITICAL,36.72
36.26,3.27,51.37,48.12,63.18,69.73,CRITICAL,51.32
19.77,1.33,57.85,24.21,8.54,61.06,MODERATE,4.099999999999998
10.84,7.34,50.06,30.65,38.59,65.83,CRITICAL,18.78000000000001
23.33,0.25,46.33,12.37,1.02,76.83,MODERATE,11.979999999999999
15.53,0.99,31.45,41.33,7.25,71.59,LOW,-18.549999999999997
22.42,9.11,48.41,38.46,19.71,39.48,CRITICAL,3.6700000000000017
12.99,5.5,34.98,59.35,12.88,85.88,HIGH,-33.480000000000004
18.04,1.42,43.31,61.64,2.3,25.28,LOW,-41.3
31.24,2.09,67.25,40.99,22.27,63.45,HIGH,12.519999999999996
32.8,1.56,56.33,31.24,12.1,30.25,MODERATE,13.66
16.75,1.64,46.38,53.36,1.84,59.53,LOW,-34.769999999999996
17.14,3.86,35.33,48.15,6.66,85.48,HIGH,-24.349999999999998
17.26,1.67,61.96,20.64,15.27,26.72,MODERATE,11.89
4.78,2.63,45.11,29.72,4.71,60.51,LOW,-20.229999999999997
12.82,4.86,34.68,25.62,8.94,41.71,HIGH,-3.860000000000003
19.08,3.0,46.22,52.92,2.15,63.19,MODERATE,-31.690000000000005
12.21,9.43,62.78,36.35,10.74,54.24,CRITICAL,-13.399999999999999
14.84,10.77,52.64,67.57,34.12,10.0,CRITICAL,-18.61
8.02,2.25,44.51,52.26,2.59,24.46,LOW,-41.65
26.82,11.66,26.16,34.8,24.08,81.87,CRITICAL,16.1
10.3,5.21,15.0,32.01,77.96,70.51,CRITICAL,56.24999999999999
3.75,7.06,46.51,36.05,21.81,58.93,CRITICAL,-10.489999999999998
33.43,1.55,46.62,5.0,17.7,27.74,HIGH,46.129999999999995
20.91,5.5,53.22,24.6,17.78,79.53,CRITICAL,14.089999999999996
4.49,3.2,48.51,23.82,2.2,43.58,MODERATE,-17.13
19.68,4.04,52.18,48.95,6.44,65.03,MODERATE,-22.830000000000002
7.37,5.33,48.16,34.95,7.09,33.49,HIGH,-20.490000000000002
11.06,8.88,38.88,38.83,11.95,25.43,CRITICAL,-15.82
24.12,3.85,29.41,17.6,2.29,86.83,CRITICAL,8.809999999999999
6.69,1.89,65.12,52.52,10.51,86.89,LOW,-35.32000000000001
6.78,0.8,51.47,26.7,13.89,87.67,LOW,-6.029999999999998
16.54,4.51,18.08,5.0,96.02,20.21,CRITICAL,107.56
29.76,2.64,55.69,43.9,30.23,97.0,CRITICAL,16.090000000000003
12.19,1.8,23.72,47.49,9.6,56.67,LOW,-25.700000000000003
12.46,2.47,38.07,5.0,24.55,68.97,CRITICAL,32.010000000000005
6.54,4.37,44.44,36.68,7.28,54.29,MODERATE,-22.86
5.84,3.83,55.17,33.66,4.87,53.74,LOW,-22.949999999999996
12.96,1.11,40.16,10.27,1.8,36.27,MODERATE,4.490000000000002
11.04,2.68,54.5,5.69,20.25,33.57,HIGH,25.599999999999998
11.41,3.02,51.71,39.83,30.13,16.78,MODERATE,1.7100000000000009
8.31,6.11,35.33,40.72,8.82,31.32,HIGH,-23.589999999999996
25.95,2.49,15.0,10.73,13.34,62.17,CRITICAL,28.56
16.16,6.89,55.1,27.41,17.07,39.29,CRITICAL,5.820000000000004
37.2,4.11,71.47,17.52,11.21,83.4,CRITICAL,30.890000000000004
21.37,2.04,50.77,9.95,10.79,66.0,HIGH,22.209999999999997
7.73,5.35,47.04,20.37,15.46,52.34,HIGH,2.8200000000000003
11.14,4.84,20.36,27.04,15.71,79.78,CRITICAL,-0.18999999999999773
38.3,0.57,44.09,41.47,3.33,18.3,MODERATE,0.1599999999999966
12.8,2.39,33.81,46.06,22.39,58.32,MODERATE,-10.870000000000005
4.19,5.3,39.19,35.12,14.4,66.05,HIGH,-16.529999999999998
4.62,9.94,41.71,48.31,0.0,76.56,CRITICAL,-43.690000000000005
13.3,1.6,28.93,36.99,13.41,43.53,MODERATE,-10.280000000000001
24.4,9.04,34.35,51.41,30.2,88.65,CRITICAL,3.1899999999999977
14.5,1.96,57.67,49.99,29.93,63.25,MODERATE,-5.560000000000002
8.07,3.09,43.94,32.18,31.31,47.08,MODERATE,7.199999999999996
14.56,3.01,55.13,33.14,8.07,46.07,MODERATE,-10.509999999999998
12.94,1.35,76.54,11.07,0.73,57.94,MODERATE,2.5999999999999996
19.84,1.7,39.86,30.03,17.18,54.53,MODERATE,6.989999999999995
30.96,2.83,53.69,45.5,11.29,46.41,HIGH,-3.25
16.26,0.71,15.0,55.99,8.82,56.19,LOW,-30.91
8.78,1.98,26.25,36.38,17.53,54.81,MODERATE,-10.07
23.12,5.31,21.54,45.18,15.16,14.39,HIGH,-6.899999999999999
20.6,0.72,44.62,27.54,12.49,30.8,MODERATE,5.550000000000004
24.58,2.6,29.75,58.56,34.43,26.46,MODERATE,0.44999999999999574
9.67,7.65,66.62,44.23,21.39,61.88,HIGH,-13.169999999999995
19.82,1.62,51.32,50.99,7.57,69.54,LOW,-23.6
13.96,1.76,45.47,47.72,37.51,53.78,MODERATE,3.75
20.22,0.94,82.15,18.41,1.06,34.47,LOW,2.8699999999999974
20.18,2.6,49.75,23.02,11.13,57.93,HIGH,8.290000000000003
21.53,6.8,46.77,44.28,8.61,80.76,CRITICAL,-14.14
9.55,3.78,35.96,11.65,1.9,76.3,HIGH,-0.1999999999999993
6.38,2.71,57.94,19.89,10.46,59.05,MODERATE,-3.0500000000000007
23.0,6.51,51.59,22.38,7.39,73.21,CRITICAL,8.010000000000002
48.62,1.96,37.93,35.15,16.32,54.13,CRITICAL,29.79
25.89,3.05,44.41,9.64,21.8,60.81,CRITICAL,38.05
20.03,3.74,24.16,40.7,23.91,68.64,CRITICAL,3.239999999999995
36.21,0.25,38.34,33.16,9.71,59.43,HIGH,12.760000000000005
9.9,1.27,22.98,50.6,7.98,98.0,LOW,-32.72
31.56,3.52,45.11,31.59,2.76,76.99,CRITICAL,2.7300000000000004
11.01,2.92,21.31,25.35,0.32,66.68,MODERATE,-14.020000000000001
24.42,3.47,42.19,10.55,7.23,16.85,HIGH,21.1
18.83,3.34,73.65,32.43,5.23,14.93,MODERATE,-8.370000000000001
16.0,1.1,21.99,39.92,4.61,57.93,LOW,-19.310000000000002
6.72,2.54,44.85,59.71,8.28,46.75,LOW,-44.71
4.79,2.76,53.55,29.44,7.4,59.85,MODERATE,-17.25
12.31,1.18,55.04,43.47,22.93,80.42,MODERATE,-8.229999999999997
23.6,1.5,46.06,30.25,20.61,94.34,HIGH,13.96
26.15,2.73,52.04,26.34,30.29,89.27,CRITICAL,30.099999999999998
36.16,8.48,55.37,17.45,11.59,79.56,CRITICAL,30.3
8.99,4.07,34.06,54.33,71.8,48.58,CRITICAL,26.459999999999994
30.56,3.08,33.28,12.18,43.29,49.17,CRITICAL,61.669999999999995
10.2,1.03,37.19,29.88,19.5,60.45,MODERATE,-0.17999999999999972
16.51,1.82,47.3,45.39,89.14,31.35,CRITICAL,60.260000000000005
14.79,3.83,15.0,34.88,0.58,88.07,HIGH,-19.510000000000005
11.65,3.77,58.71,28.96,8.35,63.59,MODERATE,-8.96
17.18,3.81,26.05,19.26,24.81,10.0,HIGH,22.729999999999993
14.41,3.57,38.52,71.17,9.79,14.96,LOW,-46.97
8.59,2.57,61.08,26.58,34.73,50.91,HIGH,16.739999999999995
33.49,3.12,49.41,40.39,9.26,71.0,HIGH,2.3599999999999994
25.56,2.39,56.32,19.67,13.68,28.5,HIGH,19.569999999999993
15.57,1.65,21.33,48.36,18.31,28.13,MODERATE,-14.480000000000004
27.33,0.96,69.97,49.27,4.08,50.39,LOW,-17.860000000000007
18.86,1.79,38.62,46.72,45.75,78.88,HIGH,17.89
19.19,3.42,39.98,36.22,11.94,43.21,HIGH,-5.089999999999996
37.57,0.41,26.58,34.2,9.55,44.69,HIGH,12.920000000000002
26.73,5.13,65.11,56.75,3.21,61.23,HIGH,-26.81
7.46,0.49,31.43,48.19,6.6,50.07,LOW,-34.129999999999995
20.3,6.95,50.29,47.33,16.47,94.26,CRITICAL,-10.560000000000002
22.38,7.18,23.03,23.37,14.72,68.37,CRITICAL,13.73
11.01,0.85,66.59,41.95,10.43,15.09,LOW,-20.510000000000005
26.3,6.23,55.62,43.32,67.05,93.56,CRITICAL,50.029999999999994
0.94,3.84,17.71,41.26,35.86,71.38,HIGH,-4.460000000000001
9.42,0.35,64.51,37.52,17.13,87.19,LOW,-10.970000000000006
33.35,2.04,58.03,29.1,28.09,30.6,HIGH,32.339999999999996
7.09,0.69,65.76,41.15,6.87,49.96,LOW,-27.189999999999998
18.27,4.68,32.92,39.87,24.91,98.0,CRITICAL,3.3100000000000023
15.46,1.19,71.51,50.27,26.02,35.17,LOW,-8.79
20.42,3.69,22.27,58.54,45.81,64.46,CRITICAL,7.690000000000005
21.65,8.63,44.52,30.38,33.7,17.49,CRITICAL,24.970000000000002
16.29,3.92,31.79,62.72,2.34,61.82,MODERATE,-44.09
6.37,3.36,33.57,32.09,42.56,50.49,HIGH,16.839999999999996
12.05,7.26,23.63,34.37,25.02,69.18,CRITICAL,2.700000000000003
21.86,2.47,15.0,21.47,10.95,33.3,HIGH,11.340000000000003
32.81,2.16,19.27,42.8,11.39,84.4,CRITICAL,1.4000000000000057
12.98,1.19,25.66,51.15,53.42,97.56,HIGH,15.250000000000007
29.75,4.7,53.35,39.3,6.65,82.97,CRITICAL,-2.8999999999999986
17.46,1.02,35.85,67.72,8.35,85.56,LOW,-41.91
6.81,2.02,40.68,30.61,5.35,15.37,LOW,-18.45
27.94,7.91,34.29,32.84,10.71,84.74,CRITICAL,5.810000000000002
3.94,0.38,85.41,36.0,16.46,35.0,LOW,-15.599999999999998
2.83,1.33,76.48,49.83,3.14,70.12,LOW,-43.86
9.67,0.84,50.23,82.78,3.5,38.5,LOW,-69.61
18.3,0.8,42.54,37.49,11.55,67.78,MODERATE,-7.640000000000001
11.52,1.49,47.42,65.17,8.39,70.23,LOW,-45.260000000000005
7.06,2.41,58.77,38.08,19.47,32.05,LOW,-11.55
3.44,0.25,50.43,48.48,5.44,21.87,LOW,-39.599999999999994
5.54,4.48,61.01,23.87,29.12,85.04,HIGH,10.790000000000003
5.24,1.65,46.12,42.26,6.3,82.79,LOW,-30.72
24.3,4.21,36.5,37.46,20.34,86.04,CRITICAL,7.18
9.14,5.11,47.42,18.46,4.49,50.12,HIGH,-4.83
26.21,3.04,66.46,39.64,21.51,37.22,HIGH,8.079999999999998
9.19,3.57,16.98,42.16,3.14,30.75,MODERATE,-29.83
20.52,5.0,60.93,53.82,45.04,78.27,CRITICAL,11.740000000000002
12.88,0.68,47.84,43.6,14.15,43.38,LOW,-16.57
13.76,2.25,55.71,17.69,10.59,66.12,MODERATE,6.66
17.03,2.32,74.1,41.81,54.53,76.16,HIGH,29.75
3.01,3.21,51.02,42.7,5.48,69.74,LOW,-34.21
27.04,1.97,49.45,34.95,59.05,44.15,CRITICAL,51.14
13.52,2.39,29.49,12.15,10.92,57.46,HIGH,12.289999999999997
8.42,2.69,23.8,5.0,38.62,69.03,CRITICAL,42.04
44.43,2.81,25.04,31.65,0.53,53.27,CRITICAL,13.310000000000002
18.7,2.15,44.02,34.05,18.6,53.93,MODERATE,3.25
22.32,1.71,51.14,34.99,1.39,77.41,MODERATE,-11.280000000000001
10.52,5.48,39.68,44.2,16.72,83.72,HIGH,-16.960000000000004
1.36,3.25,53.42,52.96,21.28,29.61,LOW,-30.32
34.04,5.86,80.7,31.08,78.34,79.47,CRITICAL,81.3
4.12,1.84,33.28,16.42,7.46,77.41,MODERATE,-4.840000000000002
22.91,1.39,32.59,26.84,9.5,48.33,HIGH,5.569999999999997
26.73,2.59,29.94,24.65,61.15,67.54,CRITICAL,63.23
12.28,3.2,65.27,6.56,11.25,86.01,HIGH,16.970000000000002
6.36,3.2,62.14,30.46,8.25,78.42,MODERATE,-15.850000000000001
16.16,3.7,30.69,40.09,22.6,59.06,HIGH,-1.3299999999999983
25.32,3.51,54.87,52.07,4.1,53.14,MODERATE,-22.65
41.57,2.78,44.48,17.3,12.45,96.47,CRITICAL,36.72
15.64,1.13,29.81,42.6,26.44,48.46,MODERATE,-0.5200000000000031
34.25,2.18,40.15,31.24,2.12,39.29,HIGH,5.129999999999999
10.05,2.78,50.64,37.83,9.79,63.8,MODERATE,-17.99
16.94,3.49,67.44,50.58,0.07,73.05,MODERATE,-33.56999999999999
23.87,0.31,25.03,57.48,13.09,68.7,LOW,-20.519999999999996
16.76,8.06,40.88,8.1,17.27,25.31,CRITICAL,25.93
12.59,2.62,47.18,49.37,8.49,82.63,LOW,-28.29
8.58,2.62,54.93,47.47,20.47,44.48,LOW,-18.42
6.41,9.69,47.27,40.64,12.89,19.69,CRITICAL,-21.34
6.2,7.82,56.19,47.11,2.62,81.16,HIGH,-38.29
12.94,2.72,36.62,33.18,72.35,61.61,CRITICAL,52.10999999999999
16.03,1.21,28.35,22.96,5.31,95.06,MODERATE,-1.620000000000001
9.94,1.01,33.3,31.95,11.38,71.73,LOW,-10.629999999999999
13.44,4.75,49.75,56.11,9.43,91.4,HIGH,-33.24
15.86,3.38,58.4,41.49,48.44,71.41,HIGH,22.809999999999995
35.67,1.38,15.0,25.22,9.44,22.05,HIGH,19.89
11.2,2.22,23.46,31.77,9.84,65.67,MODERATE,-10.73
1.3,12.42,58.39,63.24,21.72,70.03,CRITICAL,-40.22
15.5,2.09,45.34,37.78,10.56,70.81,MODERATE,-11.719999999999999
13.5,5.61,19.5,34.31,10.58,47.89,HIGH,-10.230000000000004
21.08,2.7,29.44,39.99,29.56,54.34,HIGH,10.649999999999999
11.02,2.81,27.82,28.4,32.17,51.87,HIGH,14.79
9.24,5.72,51.48,59.89,23.48,66.86,HIGH,-27.17
52.79,3.65,45.35,32.02,0.38,10.0,CRITICAL,21.15
18.84,1.47,58.29,28.94,20.19,71.53,MODERATE,10.09
15.65,4.62,25.61,41.91,7.82,29.57,HIGH,-18.439999999999998
12.76,1.64,24.22,41.39,5.99,38.34,LOW,-22.64
14.54,5.8,67.29,30.42,27.72,87.53,CRITICAL,11.839999999999996
15.24,3.5,41.99,9.95,14.72,71.49,CRITICAL,20.01
13.85,2.45,53.87,5.0,18.15,62.15,HIGH,27.0
4.9,0.44,82.08,38.23,11.28,48.35,LOW,-22.049999999999997
5.48,0.7,59.38,48.86,39.44,90.83,LOW,-3.9399999999999977
8.64,1.62,31.87,37.56,7.78,39.94,LOW,-21.14
6.73,6.39,30.68,5.0,9.0,51.8,CRITICAL,10.73
5.82,7.68,45.15,29.3,1.77,63.34,CRITICAL,-21.71
5.87,1.33,40.08,35.35,4.27,29.68,LOW,-25.21
11.43,0.91,29.63,45.07,3.21,61.62,LOW,-30.43
10.33,1.08,30.77,40.75,19.59,75.38,MODERATE,-10.829999999999998
22.57,5.26,58.38,38.8,42.83,60.36,CRITICAL,26.60000000000001
17.29,0.93,50.37,17.18,1.9,78.9,MODERATE,2.009999999999998
9.45,9.62,65.8,23.33,28.48,43.35,CRITICAL,14.600000000000001
7.68,5.86,38.59,29.04,9.12,41.2,HIGH,-12.240000000000002
8.0,4.38,78.06,44.06,51.56,54.68,HIGH,15.5
20.8,2.82,42.34,66.17,4.91,23.04,LOW,-40.46
29.74,5.08,25.99,27.01,5.99,42.38,CRITICAL,8.719999999999995
20.7,3.01,45.62,37.05,3.53,91.54,HIGH,-12.819999999999997
15.31,2.52,29.84,40.39,104.47,65.68,CRITICAL,79.39
16.99,2.51,24.6,14.24,11.95,78.05,HIGH,14.699999999999998
10.0,1.88,54.36,35.63,19.67,56.5,LOW,-5.960000000000001
4.48,1.16,31.21,32.86,28.25,77.26,MODERATE,-0.12999999999999545
15.1,5.53,24.68,33.79,15.07,10.0,HIGH,-3.6199999999999974
6.47,4.12,52.92,34.37,4.23,94.41,MODERATE,-23.669999999999998
31.45,1.07,46.3,45.56,0.89,44.85,MODERATE,-13.220000000000006
8.95,2.95,15.0,47.03,5.34,49.83,LOW,-32.74
3.15,2.44,36.21,41.22,8.95,66.43,LOW,-29.119999999999997
22.1,0.95,38.36,25.74,27.05,62.12,HIGH,23.410000000000007
5.31,6.71,37.5,11.14,2.99,91.28,CRITICAL,-2.84
7.63,2.49,37.04,33.1,84.78,49.61,CRITICAL,59.309999999999995
28.04,0.62,33.92,22.53,17.38,45.8,HIGH,22.89
4.19,0.32,74.1,15.75,27.72,28.74,LOW,16.16
12.18,5.16,55.71,65.34,13.86,89.86,MODERATE,-39.300000000000004
16.45,2.58,52.37,24.58,8.4,98.0,HIGH,0.2700000000000031
11.61,2.07,15.69,44.82,2.02,47.22,LOW,-31.19
6.96,1.6,67.36,7.37,7.14,69.55,MODERATE,6.7299999999999995
9.68,0.94,15.0,35.26,7.48,46.18,LOW,-18.099999999999998
17.84,2.29,40.71,17.48,14.87,51.68,HIGH,15.23
31.25,6.41,47.25,50.45,0.09,67.45,CRITICAL,-19.110000000000003
13.73,1.43,30.92,44.94,33.39,34.48,MODERATE,2.180000000000007
12.75,4.28,27.94,62.87,43.69,59.76,CRITICAL,-6.43
8.2,5.43,53.43,39.03,4.87,28.92,MODERATE,-25.96
9.56,2.52,54.55,54.58,54.89,45.55,MODERATE,9.870000000000005
14.25,1.49,49.28,35.67,6.01,90.06,MODERATE,-15.410000000000004
20.27,3.25,61.67,37.76,5.36,59.66,MODERATE,-12.129999999999999
14.91,3.6,57.06,45.75,14.73,81.56,HIGH,-16.11
37.88,4.81,33.82,24.79,45.1,32.08,CRITICAL,58.190000000000005
11.72,0.8,58.66,44.35,11.24,26.88,LOW,-21.39
13.09,2.8,50.65,53.67,12.01,55.29,LOW,-28.57
30.44,0.68,50.98,23.95,9.97,84.96,HIGH,16.460000000000004
20.89,1.48,35.99,34.02,2.57,77.63,MODERATE,-10.560000000000002
11.46,5.85,30.69,23.99,21.07,96.6,CRITICAL,8.540000000000003
24.44,2.89,55.68,11.38,2.73,62.53,HIGH,15.790000000000001
7.42,1.99,65.56,71.15,18.71,79.62,LOW,-45.02
13.5,1.57,46.34,52.62,7.06,11.25,LOW,-32.06
27.01,2.01,55.4,29.91,2.47,38.52,MODERATE,-0.4299999999999997
5.21,2.42,62.3,52.07,10.53,53.15,LOW,-36.33
6.07,0.25,29.79,51.58,10.06,75.67,LOW,-35.449999999999996
22.42,3.22,46.42,31.92,5.41,96.29,HIGH,-4.09
12.5,2.79,54.26,5.6,3.26,95.2,HIGH,10.16
25.68,1.97,55.33,46.33,7.58,76.01,MODERATE,-13.07
4.94,6.69,30.12,33.09,65.6,86.96,CRITICAL,37.44999999999999
7.63,1.98,60.47,10.67,56.73,70.25,CRITICAL,53.69
8.95,1.74,61.9,18.66,20.05,34.12,MODERATE,10.34
18.94,2.84,24.48,37.91,2.69,91.8,HIGH,-16.279999999999994
9.12,1.46,42.36,49.95,12.44,46.02,LOW,-28.390000000000004
4.94,1.09,19.74,27.03,15.39,88.96,LOW,-6.699999999999999
31.6,1.22,61.85,31.36,9.56,59.52,MODERATE,9.800000000000004
4.41,2.82,75.13,51.27,0.99,91.56,LOW,-45.870000000000005
9.07,1.87,65.05,52.93,21.5,10.0,LOW,-22.36
18.07,1.31,24.79,30.56,6.34,18.99,MODERATE,-6.149999999999999
22.3,1.49,59.73,29.09,29.34,63.27,HIGH,22.55
25.8,4.24,36.24,25.5,18.12,30.32,CRITICAL,18.42
1.91,1.75,59.74,52.26,52.64,40.31,LOW,2.289999999999999
15.14,1.93,45.88,25.26,24.87,60.81,MODERATE,14.750000000000004
16.36,1.38,34.64,49.01,1.21,32.65,LOW,-31.439999999999998
10.98,2.49,53.97,15.29,51.35,61.29,CRITICAL,47.04
17.24,1.91,38.63,58.71,12.88,58.62,LOW,-28.590000000000003
54.14,3.18,59.36,5.66,27.4,26.69,CRITICAL,75.88
10.03,1.43,54.4,37.7,20.61,96.9,MODERATE,-7.060000000000002
24.66,3.46,56.7,75.89,60.9,70.88,HIGH,9.670000000000002
11.89,4.37,53.79,35.93,13.82,36.08,MODERATE,-10.219999999999999
12.97,2.39,26.51,56.89,1.2,82.33,LOW,-42.72
32.75,11.28,34.03,35.09,2.71,26.49,CRITICAL,0.36999999999999744
1.73,4.31,16.49,25.71,23.8,33.17,HIGH,-0.17999999999999972
9.02,1.13,18.07,35.93,58.79,64.89,HIGH,31.880000000000003
47.5,3.92,60.04,37.19,7.69,53.26,CRITICAL,18.0
14.25,5.97,51.05,57.84,5.81,71.5,HIGH,-37.78
24.26,1.15,36.95,56.91,2.88,48.1,LOW,-29.769999999999996
16.29,4.14,73.08,19.51,22.98,77.91,HIGH,19.759999999999994
24.37,4.02,33.01,5.0,26.46,79.46,CRITICAL,45.83
11.94,4.27,43.66,50.45,23.18,98.0,HIGH,-15.330000000000005
18.59,0.86,48.95,28.43,89.5,63.3,CRITICAL,79.66
4.49,1.06,45.66,42.84,29.32,14.91,LOW,-9.030000000000001
10.48,3.3,59.03,53.66,33.79,61.85,MODERATE,-9.39
34.04,4.1,45.31,28.84,12.15,98.0,CRITICAL,17.349999999999998
8.31,2.68,31.93,8.81,24.34,38.66,HIGH,23.839999999999996
27.89,5.1,66.13,48.07,0.43,63.49,HIGH,-19.75
11.61,4.58,28.2,46.83,40.66,32.01,HIGH,5.439999999999998
5.05,1.71,44.74,42.09,21.52,55.27,LOW,-15.520000000000003
25.96,3.88,27.77,25.44,7.79,96.82,CRITICAL,8.309999999999999
8.27,4.45,32.43,10.46,13.57,14.75,HIGH,11.379999999999999
27.03,1.21,30.68,49.92,59.43,45.89,HIGH,36.540000000000006
6.8,1.97,78.98,39.35,12.45,73.13,LOW,-20.1
39.03,3.88,50.94,22.94,15.96,75.05,CRITICAL,32.05
21.75,1.61,61.3,41.25,79.06,49.79,CRITICAL,59.56
4.87,7.13,42.38,41.63,5.4,74.51,HIGH,-31.360000000000003
21.48,3.43,32.84,25.19,30.77,47.67,CRITICAL,27.06
5.16,1.59,55.95,28.42,5.49,52.22,LOW,-17.770000000000003
13.69,0.95,44.93,33.8,1.88,13.35,LOW,-18.229999999999997
31.07,2.45,29.72,13.39,60.57,50.71,CRITICAL,78.25
18.82,5.85,38.68,60.99,73.23,53.63,CRITICAL,31.06000000000001
9.16,1.38,43.02,37.5,14.5,15.19,LOW,-13.84
19.42,1.53,63.34,35.55,4.12,98.0,MODERATE,-12.009999999999994
3.39,0.91,21.73,32.98,19.01,47.12,LOW,-10.579999999999995
26.16,7.43,63.7,32.04,5.86,62.39,CRITICAL,-0.01999999999999602
26.32,1.17,59.86,30.65,25.77,52.25,HIGH,21.440000000000005
10.36,4.98,47.62,45.25,19.17,68.82,HIGH,-15.719999999999999
19.79,3.3,37.74,33.0,9.32,42.62,HIGH,-3.8900000000000006
32.99,1.23,45.71,33.15,118.44,38.75,CRITICAL,118.28
6.88,0.64,20.48,55.68,12.4,61.94,LOW,-36.4
19.38,2.92,58.28,31.85,4.91,52.86,MODERATE,-7.560000000000002
37.93,0.65,35.49,36.29,40.9,58.97,CRITICAL,42.54
13.77,1.58,63.55,50.72,25.12,26.67,LOW,-11.829999999999998
30.27,1.32,21.68,54.61,4.46,24.17,LOW,-19.880000000000003
27.3,6.16,31.75,28.41,19.16,87.3,CRITICAL,18.05
4.65,2.14,54.6,27.84,10.51,64.59,LOW,-12.68
32.9,4.58,54.5,38.76,12.28,40.35,HIGH,6.420000000000002
1.02,0.36,53.95,41.97,30.42,58.83,LOW,-10.529999999999998
5.21,1.1,29.26,39.22,33.24,87.98,MODERATE,-0.769999999999996
18.63,4.31,15.0,11.55,13.54,26.98,CRITICAL,20.62
14.09,3.1,80.2,27.08,68.3,57.64,HIGH,55.31
23.39,5.19,42.63,45.11,32.63,65.34,CRITICAL,10.910000000000004
6.69,0.89,42.19,23.11,10.4,67.37,LOW,-6.02
21.77,3.89,33.63,36.43,28.73,30.39,CRITICAL,14.07
24.8,5.64,28.04,40.12,17.61,10.81,CRITICAL,2.289999999999999
10.94,0.25,25.74,37.95,14.96,61.87,LOW,-12.050000000000004
7.67,1.54,54.95,43.19,10.85,67.14,LOW,-24.669999999999998
16.66,1.68,16.44,45.56,1.28,75.82,MODERATE,-27.62
19.15,2.24,24.38,43.79,18.72,84.09,HIGH,-5.920000000000002
3.97,2.88,50.84,14.64,12.48,89.49,HIGH,1.8099999999999987
17.09,2.91,60.43,21.79,25.22,48.19,HIGH,20.520000000000003
5.36,1.17,30.06,13.16,1.64,41.67,LOW,-6.16
21.03,2.98,72.82,38.91,1.54,95.11,MODERATE,-16.339999999999996
14.93,1.37,29.79,43.48,22.86,15.45,LOW,-5.689999999999998
15.8,3.83,51.18,15.25,6.61,43.64,HIGH,7.16
15.94,5.65,48.73,38.33,7.89,53.01,HIGH,-14.5
2.8,2.79,33.17,10.64,11.69,51.93,HIGH,3.849999999999998
4.91,2.32,30.03,50.99,1.21,22.56,LOW,-44.870000000000005
7.43,11.02,46.61,5.0,54.19,49.56,CRITICAL,56.62
16.45,6.52,35.9,11.2,63.9,41.33,CRITICAL,69.14999999999999
11.66,1.05,60.88,39.58,0.38,64.99,LOW,-27.54
15.04,1.87,26.69,33.93,25.39,43.77,MODERATE,6.5
9.72,0.38,39.7,44.77,11.78,26.89,LOW,-23.270000000000003
6.11,1.01,47.93,5.0,10.92,50.44,MODERATE,12.030000000000001
7.85,3.82,63.21,21.3,9.73,97.01,HIGH,-3.7200000000000024
13.82,1.37,61.5,36.6,5.27,11.79,LOW,-17.51
24.18,3.27,51.64,10.17,13.02,60.17,CRITICAL,27.03
17.9,0.96,49.0,11.66,9.2,94.24,MODERATE,15.439999999999998
5.69,4.15,30.18,47.79,17.28,95.37,HIGH,-24.819999999999997
1.45,5.55,37.17,27.4,25.82,59.39,HIGH,-0.129999999999999
4.22,2.0,66.57,44.58,5.22,34.99,LOW,-35.14
3.98,0.59,48.73,22.92,21.47,81.51,LOW,2.5299999999999976
17.14,5.19,15.0,21.71,6.56,31.43,CRITICAL,1.9899999999999984
31.96,1.72,62.42,13.22,1.12,33.91,HIGH,19.86
8.84,2.47,66.49,26.55,28.54,31.24,MODERATE,10.829999999999995
9.77,1.82,39.85,29.41,26.51,62.89,MODERATE,6.870000000000001
11.24,4.29,35.89,27.23,12.09,29.88,HIGH,-3.900000000000002
5.96,1.71,47.21,62.21,5.64,38.63,LOW,-50.61
4.74,5.25,55.95,29.91,13.52,50.26,HIGH,-11.650000000000002
15.33,0.75,54.97,21.67,15.28,58.49,MODERATE,8.939999999999998
5.7,0.8,32.13,6.23,19.3,70.83,HIGH,18.77
16.48,1.88,77.71,39.7,14.03,27.83,LOW,-9.190000000000005
15.02,7.78,33.26,9.5,8.0,66.16,CRITICAL,13.52
18.87,4.16,61.67,26.58,18.89,49.45,HIGH,11.180000000000007
33.68,1.5,54.62,30.96,29.27,78.1,CRITICAL,31.990000000000002
19.88,0.25,44.08,26.35,29.19,38.53,MODERATE,22.72
108.88,1.83,39.01,29.64,3.87,11.83,CRITICAL,83.11
2.16,4.73,36.21,17.0,8.45,45.26,HIGH,-6.390000000000001
17.55,3.41,33.35,44.68,9.56,14.42,MODERATE,-17.57
13.76,1.72,39.61,39.54,8.22,62.15,MODERATE,-17.56
1.59,3.1,60.17,8.49,14.15,47.96,MODERATE,7.25
33.93,4.2,38.51,32.6,47.87,97.31,CRITICAL,49.199999999999996
12.6,3.34,59.36,35.05,27.33,87.19,HIGH,4.880000000000003
16.58,1.62,54.96,57.25,40.15,52.35,MODERATE,-0.5200000000000031
27.49,4.77,58.34,6.97,9.95,63.96,CRITICAL,30.47
16.92,3.55,48.26,32.53,15.11,69.49,HIGH,-0.5
5.55,2.4,54.88,28.94,25.25,63.36,MODERATE,1.8599999999999994
5.48,3.54,82.47,37.56,1.78,25.96,LOW,-30.3
16.01,1.67,47.91,45.28,12.76,90.15,MODERATE,-16.509999999999998
17.44,4.0,59.77,27.22,31.54,68.07,CRITICAL,21.760000000000005
19.11,0.76,15.0,25.76,46.39,44.45,HIGH,39.739999999999995
11.85,2.3,37.04,34.47,5.0,54.35,MODERATE,-17.619999999999997
5.14,0.72,32.38,17.09,19.61,28.86,LOW,7.66
4.75,0.37,50.16,28.12,0.0,19.92,LOW,-23.37
8.53,2.8,55.02,27.84,8.44,15.35,MODERATE,-10.870000000000001
4.11,0.98,56.15,6.45,8.27,45.53,LOW,5.929999999999999
56.34,2.76,48.8,19.23,3.87,51.36,CRITICAL,40.980000000000004
4.76,1.91,52.74,30.78,19.53,68.15,MODERATE,-6.490000000000002
2.83,7.36,64.53,36.57,23.59,21.41,HIGH,-10.149999999999999
1.32,0.25,38.93,6.11,21.39,75.38,MODERATE,16.6
9.52,1.38,48.09,49.46,16.97,39.0,LOW,-22.970000000000002
31.7,0.88,44.25,42.49,14.22,76.87,HIGH,3.4299999999999997
26.53,1.56,50.5,5.0,20.59,54.29,HIGH,42.120000000000005
2.18,3.5,41.74,41.58,13.1,24.0,LOW,-26.299999999999997
11.73,2.06,37.53,18.95,9.3,10.0,MODERATE,2.080000000000002
23.29,2.71,33.43,52.51,1.13,54.26,MODERATE,-28.09
40.5,2.19,21.39,70.28,45.21,58.56,CRITICAL,15.430000000000007
9.08,1.5,31.98,40.96,0.34,81.25,LOW,-31.54
10.14,3.38,58.83,62.83,0.25,58.68,LOW,-52.44
10.04,6.07,27.67,23.66,41.69,34.4,CRITICAL,28.069999999999997
4.82,4.9,31.83,45.27,26.1,52.7,HIGH,-14.350000000000001
12.56,5.35,36.2,35.52,11.87,39.92,HIGH,-11.090000000000003
10.39,7.06,67.05,7.88,4.67,48.26,CRITICAL,7.180000000000001
19.4,1.8,49.65,10.91,3.9,28.28,HIGH,12.389999999999997
3.51,1.05,34.89,30.8,10.49,48.03,LOW,-16.8
40.26,7.36,32.35,21.75,25.67,92.93,CRITICAL,44.18000000000001
20.91,2.48,48.09,28.73,14.4,76.55,HIGH,6.580000000000002
5.51,2.77,21.67,56.97,6.0,51.14,LOW,-45.46
12.84,5.64,53.1,32.21,26.18,93.27,CRITICAL,6.809999999999995
6.3,2.11,62.79,41.0,20.1,52.93,LOW,-14.599999999999998
6.72,3.33,62.64,31.75,4.59,22.84,LOW,-20.44
39.95,6.3,70.01,36.26,20.13,44.38,CRITICAL,23.82
34.67,3.23,56.15,31.92,40.67,73.04,CRITICAL,43.42
9.87,2.95,53.19,11.71,14.36,10.0,MODERATE,12.519999999999996
42.56,4.27,23.08,41.32,23.66,59.14,CRITICAL,24.9
38.74,6.7,64.76,50.72,4.3,76.23,CRITICAL,-7.68
41.05,2.47,46.9,33.36,17.09,36.62,HIGH,24.78
25.63,4.36,36.88,22.86,2.29,51.65,CRITICAL,5.059999999999999
27.09,0.64,56.98,48.74,19.36,59.42,MODERATE,-2.289999999999999
39.24,1.69,35.58,29.48,24.35,55.95,CRITICAL,34.11
10.23,1.44,47.2,8.17,10.77,57.3,MODERATE,12.83
6.8,2.84,33.22,43.74,0.88,91.31,MODERATE,-36.06
20.38,7.55,55.51,52.35,7.37,74.38,CRITICAL,-24.6
10.36,7.34,23.59,21.83,4.88,60.08,CRITICAL,-6.59
18.17,1.6,22.05,36.95,4.29,60.29,MODERATE,-14.490000000000002
7.76,1.58,29.65,29.32,25.87,91.62,HIGH,4.310000000000002
9.67,2.43,37.67,39.79,38.83,71.5,HIGH,8.71
28.18,2.64,60.49,35.35,19.76,40.59,HIGH,12.589999999999996
20.33,1.3,88.95,39.37,2.73,85.1,LOW,-16.31
9.37,3.35,33.76,25.15,0.87,64.56,MODERATE,-14.91
18.88,6.67,36.63,42.29,14.54,84.25,CRITICAL,-8.869999999999997
6.48,2.38,47.01,44.79,9.59,90.08,LOW,-28.72
10.24,2.94,52.71,39.95,10.44,40.97,LOW,-19.270000000000003
22.05,2.27,38.49,42.47,40.91,78.43,CRITICAL,20.489999999999995
14.17,7.09,44.73,8.41,49.92,50.24,CRITICAL,55.68000000000001
16.31,3.93,43.28,51.76,21.72,34.15,MODERATE,-13.729999999999997
9.9,3.42,37.04,35.41,2.08,34.39,MODERATE,-23.429999999999996
20.95,5.22,56.05,48.56,6.02,14.89,MODERATE,-21.590000000000003
8.23,2.17,33.84,52.57,11.51,53.66,LOW,-32.83
39.62,0.5,43.25,27.52,3.53,81.61,HIGH,15.629999999999999
22.42,6.68,29.12,44.65,35.63,66.24,CRITICAL,13.400000000000006
9.18,1.72,54.73,50.85,4.22,90.62,LOW,-37.45
16.23,1.4,61.82,29.08,22.17,59.48,MODERATE,9.320000000000007
2.37,3.58,70.15,33.51,70.88,54.2,HIGH,39.74
2.11,3.34,33.42,12.27,18.01,50.33,HIGH,7.850000000000001
13.85,3.3,75.76,19.7,3.48,80.51,MODERATE,-2.370000000000001
15.42,8.45,41.57,56.38,34.66,88.19,CRITICAL,-6.300000000000004
9.47,0.56,38.28,13.93,11.05,76.5,MODERATE,6.590000000000003
12.77,4.34,39.32,45.8,5.25,86.08,HIGH,-27.779999999999998
18.51,2.01,54.04,30.11,5.27,77.35,MODERATE,-6.329999999999998
36.58,2.91,41.14,12.27,5.4,57.92,CRITICAL,29.709999999999997
9.32,1.08,49.02,80.1,67.47,54.94,LOW,-3.3100000000000023
4.44,2.38,44.95,51.42,21.58,13.34,LOW,-25.400000000000002
14.33,1.96,43.79,10.08,21.64,92.36,HIGH,25.89
9.64,1.96,17.01,58.41,6.58,95.19,LOW,-42.19
8.06,1.06,48.32,29.28,1.96,31.65,LOW,-19.26
7.74,2.54,46.26,40.04,4.55,51.05,LOW,-27.75
59.36,1.87,60.12,25.57,33.06,90.94,CRITICAL,66.85
24.52,5.68,50.97,13.78,30.12,28.64,CRITICAL,40.86
30.6,1.95,58.4,35.26,5.76,61.6,HIGH,1.1000000000000014
11.09,1.69,34.08,31.0,2.42,93.08,MODERATE,-17.490000000000002
3.46,1.14,60.26,41.05,22.02,45.43,LOW,-15.569999999999997
13.46,0.81,72.98,10.86,15.37,67.05,MODERATE,17.97
22.26,2.17,19.38,47.76,4.75,90.71,HIGH,-20.749999999999996
6.88,1.83,50.42,27.18,27.03,26.63,MODERATE,6.730000000000004
14.0,1.74,53.58,64.33,26.45,56.2,LOW,-23.879999999999995
29.75,1.82,21.89,13.96,28.71,66.12,CRITICAL,44.5
6.23,3.75,57.09,35.75,27.4,90.76,HIGH,-2.1200000000000045
7.92,1.49,55.0,11.82,19.23,72.81,MODERATE,15.329999999999998
13.74,1.84,47.93,51.63,13.65,60.0,LOW,-24.240000000000002
15.9,0.43,38.57,31.16,3.7,40.26,LOW,-11.559999999999999
2.8,2.94,60.72,22.44,43.04,46.24,MODERATE,23.399999999999995
7.59,1.17,33.05,5.0,75.3,85.3,CRITICAL,77.89
2.32,5.02,68.63,25.97,9.82,69.76,HIGH,-13.829999999999998
10.24,1.52,36.38,65.47,37.0,73.92,LOW,-18.229999999999997
27.48,3.67,35.53,42.65,12.63,85.0,CRITICAL,-2.539999999999999
21.37,1.87,48.33,32.45,22.39,82.74,HIGH,11.310000000000002
25.72,1.68,45.84,26.15,18.0,41.56,HIGH,17.57
15.66,2.58,15.0,39.64,17.26,80.82,HIGH,-6.719999999999999
21.12,8.14,34.74,49.86,20.75,71.19,CRITICAL,-7.989999999999995
14.21,2.07,50.57,37.37,21.68,70.82,HIGH,-1.4799999999999969
15.31,2.34,38.81,32.51,3.19,34.02,MODERATE,-14.009999999999998
9.82,2.61,38.7,14.6,27.97,58.59,HIGH,23.189999999999998
32.25,2.6,64.55,9.88,10.49,21.38,HIGH,32.86
19.97,1.35,28.04,38.76,0.34,78.71,MODERATE,-18.45
36.9,0.77,36.28,42.16,10.18,30.56,MODERATE,4.920000000000002
7.32,4.23,43.92,28.69,12.36,53.43,HIGH,-9.010000000000002
9.04,0.64,33.15,24.42,17.33,91.5,MODERATE,1.9499999999999957
1.07,5.58,49.83,42.36,0.11,59.38,LOW,-41.18
25.75,3.49,76.84,34.92,18.63,82.15,HIGH,9.459999999999994
23.05,2.23,54.81,28.92,7.05,41.07,HIGH,1.1799999999999997
12.28,1.09,92.1,43.42,10.44,36.06,LOW,-20.700000000000003
21.31,0.53,15.46,13.57,32.46,86.42,CRITICAL,40.199999999999996
7.58,1.5,43.56,34.17,6.57,25.65,LOW,-20.020000000000003
9.89,1.22,16.98,18.46,6.89,73.28,MODERATE,-1.6799999999999997
27.94,3.68,28.29,32.08,31.94,94.17,CRITICAL,27.800000000000004
13.4,2.08,57.79,56.78,2.26,55.26,LOW,-41.120000000000005
28.51,1.94,41.31,42.51,11.82,33.51,MODERATE,-2.1799999999999997
10.99,1.73,63.28,22.94,9.3,81.34,MODERATE,-2.650000000000002
16.31,1.05,48.16,19.74,21.04,79.96,HIGH,17.609999999999996
13.79,1.51,41.09,27.11,36.67,76.12,HIGH,23.35
4.92,2.65,38.59,47.44,19.39,93.95,LOW,-23.129999999999995
8.18,1.57,48.23,64.26,46.77,29.1,LOW,-9.310000000000002
6.67,7.22,38.39,34.69,2.53,38.07,HIGH,-25.49
19.88,1.11,34.54,15.53,3.24,64.22,HIGH,7.589999999999998
20.69,5.42,37.44,36.62,0.12,64.64,CRITICAL,-15.809999999999995
10.79,1.61,59.26,35.1,50.73,83.27,HIGH,26.419999999999995
21.47,2.13,54.28,60.47,19.52,52.74,MODERATE,-19.480000000000004
33.12,1.72,51.02,21.69,6.64,56.68,HIGH,18.069999999999997
38.95,0.76,56.79,24.5,17.33,81.26,HIGH,31.78
1.79,3.2,48.26,52.35,66.37,76.93,HIGH,15.81000000000001
21.76,2.54,27.37,34.29,10.37,43.52,HIGH,-2.1599999999999966
14.85,0.5,32.7,10.69,7.25,11.1,MODERATE,11.410000000000002
7.48,1.97,39.69,53.46,8.63,68.27,LOW,-37.35
14.84,4.57,39.51,71.86,12.77,14.36,LOW,-44.25
1.91,1.9,58.76,62.45,19.77,74.39,LOW,-40.77
10.57,2.51,65.24,41.0,22.3,77.63,MODERATE,-8.129999999999995
16.97,2.63,59.28,26.72,1.88,73.57,MODERATE,-7.870000000000001
18.64,2.27,49.54,29.19,12.17,43.29,MODERATE,1.620000000000001
12.64,1.59,49.92,27.93,82.11,50.76,CRITICAL,66.82
50.02,0.72,34.63,30.22,10.91,92.35,CRITICAL,30.710000000000008
6.6,2.7,40.97,18.84,26.7,28.97,MODERATE,14.459999999999997
15.03,3.04,50.71,44.3,15.28,68.3,MODERATE,-13.989999999999998
3.74,1.08,32.69,38.57,0.81,39.29,LOW,-34.019999999999996
20.72,1.31,56.88,43.38,0.47,36.01,LOW,-22.190000000000005
10.42,1.12,20.94,32.27,1.93,59.81,LOW,-19.92
16.57,2.26,20.07,11.54,17.24,91.1,CRITICAL,22.270000000000003
1.33,3.27,52.71,36.83,3.33,43.9,LOW,-32.17
11.73,5.58,54.3,42.87,8.13,73.6,HIGH,-23.009999999999998
13.34,1.09,65.55,58.1,13.34,31.04,LOW,-31.42
8.5,1.8,33.69,28.8,22.05,86.88,MODERATE,1.75
21.81,2.96,69.45,21.6,20.89,55.76,HIGH,21.1
37.78,4.19,50.96,20.83,12.18,77.61,CRITICAL,29.130000000000003
18.87,4.38,31.19,45.42,62.74,70.6,CRITICAL,36.19
11.0,5.81,39.93,49.34,63.55,93.02,CRITICAL,25.209999999999994
3.73,2.22,54.37,43.38,14.65,88.68,LOW,-25.000000000000004
2.21,1.82,25.78,41.9,19.86,42.92,LOW,-19.83
9.42,1.39,47.71,48.48,34.18,55.05,LOW,-4.8799999999999955
21.07,2.12,38.26,37.59,24.46,92.16,HIGH,7.939999999999998
46.86,2.11,40.79,26.62,33.06,45.08,CRITICAL,53.3
15.64,3.23,35.46,18.69,3.31,49.14,HIGH,0.259999999999998
3.31,5.79,41.61,22.53,21.06,67.73,CRITICAL,1.8399999999999963
18.48,3.93,42.25,6.93,61.57,42.96,CRITICAL,73.12
5.29,2.15,53.88,36.23,20.28,86.88,MODERATE,-10.659999999999997
16.52,2.45,37.55,21.12,50.73,24.95,CRITICAL,46.129999999999995
38.51,5.5,66.28,20.3,15.81,62.85,CRITICAL,34.019999999999996
12.41,1.09,30.32,10.79,9.18,47.58,MODERATE,10.8
11.47,1.65,51.02,37.62,5.72,49.32,LOW,-20.429999999999996
6.76,4.64,41.43,38.04,8.56,81.73,HIGH,-22.72
33.5,3.26,36.15,25.48,34.78,85.99,CRITICAL,42.8
5.48,2.22,50.63,29.67,8.58,43.64,LOW,-15.610000000000001
2.7,2.46,38.24,59.84,0.49,28.18,LOW,-56.650000000000006
13.73,2.55,41.66,17.04,10.47,12.75,MODERATE,7.160000000000004
14.77,3.47,50.83,31.67,9.83,48.78,HIGH,-7.07
2.13,3.8,65.25,56.54,19.57,73.08,LOW,-34.84
5.13,1.41,15.0,54.4,9.85,58.93,LOW,-39.42
30.03,1.44,31.76,14.54,1.98,91.31,HIGH,17.47
6.65,2.61,53.33,40.04,15.24,40.75,LOW,-18.15
22.27,9.39,43.82,42.07,21.46,54.58,CRITICAL,1.6600000000000037
4.65,6.37,52.95,53.47,6.26,22.59,MODERATE,-42.56
14.05,1.29,44.15,46.18,15.37,25.09,LOW,-16.759999999999998
6.31,1.9,38.29,20.93,0.11,75.87,LOW,-14.51
23.21,8.88,56.3,36.12,1.79,10.0,HIGH,-11.119999999999997
32.89,4.15,48.17,5.0,10.6,36.3,CRITICAL,38.49
4.41,1.93,27.3,31.97,5.37,78.24,LOW,-22.189999999999998
3.78,6.23,42.58,40.17,6.34,49.75,MODERATE,-30.050000000000004
17.62,2.09,41.42,11.64,65.29,10.0,CRITICAL,71.27000000000001
12.26,2.23,29.13,22.23,5.74,46.47,MODERATE,-4.23
26.95,7.83,59.23,61.36,48.91,78.86,CRITICAL,14.5
31.55,1.93,59.83,34.53,9.34,57.32,HIGH,6.359999999999999
13.2,5.42,38.89,16.24,15.37,74.56,CRITICAL,12.330000000000002
23.16,1.02,42.74,29.53,5.2,67.19,MODERATE,-1.1700000000000017
27.79,1.88,48.83,14.74,56.22,56.67,CRITICAL,69.27
15.03,0.87,29.5,55.01,0.76,18.27,LOW,-39.22
11.34,4.86,36.9,53.37,0.92,24.36,LOW,-41.11
8.1,0.62,44.38,64.17,79.96,11.74,LOW,23.889999999999986
10.87,2.76,37.59,45.65,68.89,48.5,HIGH,34.11000000000001
5.9,3.44,42.0,57.03,54.83,61.14,HIGH,3.6999999999999957
14.22,3.42,52.36,54.05,23.57,72.82,MODERATE,-16.259999999999998
31.31,1.84,29.36,40.38,13.55,10.0,HIGH,4.479999999999997
8.2,1.53,21.85,5.0,20.7,54.56,HIGH,23.9
26.91,3.79,32.71,37.41,5.55,18.04,HIGH,-4.949999999999996
24.19,4.03,35.68,35.27,36.25,59.83,CRITICAL,25.169999999999995
5.64,2.03,36.83,29.77,14.74,68.2,LOW,-9.39
8.12,2.08,78.44,18.14,11.19,56.92,MODERATE,1.1699999999999982
17.1,1.21,31.02,26.96,1.01,88.38,MODERATE,-8.849999999999998
12.51,1.05,39.63,42.44,1.59,26.33,LOW,-28.339999999999996
37.79,7.79,57.45,24.37,6.25,47.04,CRITICAL,19.669999999999998
13.47,3.1,27.64,41.45,5.31,50.06,MODERATE,-22.67
4.08,1.08,31.35,38.41,38.98,16.57,LOW,4.649999999999999
15.53,3.63,26.0,37.3,6.64,63.01,HIGH,-15.129999999999999
22.96,0.3,22.48,28.47,6.25,59.62,MODERATE,0.740000000000002
13.0,7.38,34.12,32.48,13.73,78.12,CRITICAL,-5.7499999999999964
11.19,2.59,44.74,31.98,26.08,89.06,HIGH,5.289999999999996
15.24,3.77,41.3,41.8,13.96,16.65,MODERATE,-12.599999999999994
8.46,6.8,29.44,18.03,25.13,23.8,CRITICAL,15.560000000000002
46.31,2.75,46.16,41.08,67.36,42.63,CRITICAL,72.59
0.37,2.84,31.74,23.79,2.43,14.81,LOW,-20.99
15.87,5.69,31.08,42.8,73.62,27.94,CRITICAL,46.69000000000001
30.64,2.02,21.38,31.03,49.69,22.12,CRITICAL,49.3
14.71,0.39,50.01,45.56,28.81,55.84,LOW,-2.0400000000000063
4.1,1.69,52.52,39.63,91.49,37.93,HIGH,55.95999999999999
15.67,2.71,25.49,39.68,16.49,68.91,HIGH,-7.520000000000003
6.59,3.15,34.4,23.4,34.76,69.02,HIGH,17.949999999999996
3.81,1.62,36.39,35.51,17.34,12.67,LOW,-14.36
13.73,8.54,50.57,20.68,33.43,49.58,CRITICAL,26.479999999999997
6.69,0.67,56.32,26.33,38.01,71.12,MODERATE,18.369999999999997
17.0,1.43,24.9,46.18,26.16,72.11,MODERATE,-3.020000000000003
29.72,1.62,37.74,57.93,38.1,47.77,HIGH,9.889999999999993
23.73,0.45,34.26,38.05,12.04,74.29,MODERATE,-2.280000000000001
27.45,2.59,41.5,47.89,21.2,19.36,HIGH,0.759999999999998
22.81,3.23,73.18,60.45,58.55,62.18,HIGH,20.909999999999997
27.44,0.88,47.54,33.21,6.46,32.37,MODERATE,0.6899999999999977
12.81,3.1,29.72,46.05,86.6,55.13,CRITICAL,53.36
11.76,5.96,31.02,44.78,24.89,32.23,HIGH,-8.130000000000003
18.15,3.66,39.15,30.63,14.53,95.4,CRITICAL,2.0500000000000007
8.56,2.18,27.26,37.51,18.6,41.62,MODERATE,-10.349999999999994
6.49,0.51,29.63,33.64,8.09,52.44,LOW,-19.060000000000002
13.94,2.76,39.93,18.07,1.2,32.37,MODERATE,-2.9300000000000015
7.29,5.03,33.54,28.27,10.76,96.14,CRITICAL,-10.219999999999999
2.98,1.4,26.87,31.93,4.8,46.58,LOW,-24.15
6.98,2.35,44.61,60.85,26.86,28.47,LOW,-27.009999999999998
13.69,4.48,35.44,35.54,39.98,84.8,CRITICAL,18.129999999999995
13.87,4.78,53.34,56.38,16.57,64.38,HIGH,-25.940000000000005
15.88,0.46,60.34,37.54,14.02,24.48,LOW,-7.640000000000001
15.88,4.47,37.35,45.33,9.08,46.9,HIGH,-20.369999999999997
12.55,7.8,45.53,48.86,11.78,72.41,CRITICAL,-24.53
14.13,2.74,33.24,68.25,25.8,81.97,MODERATE,-28.32
30.22,0.54,54.03,45.11,14.63,31.23,LOW,-0.259999999999998
1.23,3.06,49.52,34.8,101.12,39.7,CRITICAL,67.55000000000001
16.77,5.62,70.17,53.6,32.87,11.47,MODERATE,-3.960000000000001
48.34,7.55,15.0,40.03,4.39,24.63,CRITICAL,12.700000000000003
2.5,4.79,52.56,48.08,14.01,79.72,MODERATE,-31.57
6.33,3.56,42.03,32.31,0.22,40.15,LOW,-25.76
39.22,2.49,52.26,46.19,0.63,73.17,HIGH,-6.339999999999996
18.21,2.14,24.23,14.33,8.79,50.45,HIGH,12.67
7.16,0.89,72.96,15.72,3.49,58.16,LOW,-5.07
29.26,8.48,52.32,39.01,6.01,60.84,CRITICAL,-3.739999999999995
44.7,12.79,41.07,29.08,44.03,78.56,CRITICAL,59.650000000000006
18.64,1.98,58.94,36.56,4.36,25.81,LOW,-13.560000000000002
35.98,0.6,44.37,15.82,48.98,64.52,CRITICAL,69.13999999999999
0.8,5.13,74.2,31.48,7.93,63.71,MODERATE,-22.75
8.57,7.75,52.1,32.94,15.74,65.08,CRITICAL,-8.629999999999995
38.99,3.1,50.36,25.79,2.99,82.98,CRITICAL,16.190000000000005
2.94,1.21,55.07,48.38,21.8,10.0,LOW,-23.64
56.75,1.24,43.36,32.29,12.05,71.9,CRITICAL,36.51
12.39,5.84,38.05,15.88,8.71,33.76,CRITICAL,5.220000000000001
7.69,5.42,64.94,78.95,4.05,73.44,LOW,-67.21000000000001
5.74,2.49,72.09,33.6,25.83,34.14,LOW,-2.030000000000001
8.66,7.51,52.36,37.01,6.99,80.47,CRITICAL,-21.36
13.3,0.92,62.47,37.91,5.26,92.88,LOW,-19.349999999999994
7.21,2.15,59.81,17.11,20.75,93.72,HIGH,10.850000000000001
24.89,7.43,52.72,28.85,14.46,60.9,CRITICAL,10.5
9.77,2.88,71.79,41.66,10.94,69.77,LOW,-20.949999999999996
10.39,4.42,42.62,29.4,9.28,52.75,HIGH,-9.729999999999997
5.92,1.45,50.21,29.49,2.12,38.5,LOW,-21.45
11.92,7.49,58.87,69.32,33.01,70.95,HIGH,-24.389999999999993
10.28,3.5,53.58,37.36,8.31,92.95,MODERATE,-18.77
24.17,2.28,38.59,14.92,3.14,64.75,HIGH,12.390000000000002
11.13,4.26,30.66,20.84,11.97,55.59,CRITICAL,2.2600000000000016
12.36,0.43,61.67,30.25,25.89,73.38,MODERATE,8.0
23.73,3.48,93.25,33.9,23.45,62.9,MODERATE,13.280000000000001
22.77,6.33,52.54,14.05,26.26,63.84,CRITICAL,34.980000000000004
25.84,1.18,51.95,29.51,16.7,79.07,HIGH,13.029999999999998
8.89,5.49,45.65,46.87,27.01,46.11,HIGH,-10.969999999999992
4.86,0.34,62.97,7.91,16.08,48.02,LOW,13.029999999999998
20.68,6.99,47.12,48.63,55.64,65.84,CRITICAL,27.68999999999999
14.52,3.05,50.3,11.73,3.34,10.77,MODERATE,6.129999999999999
7.6,4.41,42.56,24.12,9.56,61.74,HIGH,-6.960000000000001
30.12,6.86,45.92,34.31,7.07,28.71,CRITICAL,2.8799999999999955
8.1,3.58,75.11,41.84,52.96,86.85,HIGH,19.22
5.51,3.73,43.67,48.77,13.06,66.37,MODERATE,-30.200000000000003
11.74,3.3,57.29,23.36,30.97,23.81,HIGH,19.35
17.0,9.37,50.05,26.41,2.66,84.7,CRITICAL,-6.75
7.67,0.55,59.21,28.79,9.54,87.74,LOW,-11.579999999999998
11.46,2.43,35.0,32.16,3.76,80.1,MODERATE,-16.939999999999998
22.52,1.64,49.45,49.66,16.3,40.77,MODERATE,-10.839999999999996
19.37,2.87,17.7,52.98,42.53,20.24,HIGH,8.920000000000009
16.01,3.8,47.07,49.08,31.39,94.7,HIGH,-1.6799999999999926
17.74,4.21,69.04,13.49,5.89,68.72,HIGH,10.139999999999999
9.82,4.35,28.96,45.11,0.52,25.76,MODERATE,-34.769999999999996
7.99,5.38,50.42,37.27,15.16,23.67,HIGH,-14.120000000000005
19.39,4.48,59.64,5.0,1.51,73.75,CRITICAL,15.900000000000002
10.22,2.06,19.48,32.41,11.25,70.17,MODERATE,-10.939999999999998
21.71,0.32,51.63,23.97,27.47,61.23,MODERATE,25.21
5.58,0.85,58.17,46.58,6.05,57.25,LOW,-34.95
12.91,4.7,44.83,58.46,30.2,38.03,MODERATE,-15.350000000000001
32.24,1.57,40.71,33.03,2.66,22.66,HIGH,1.8700000000000045
38.78,1.14,74.87,30.5,79.57,60.07,CRITICAL,87.85
21.1,5.42,34.82,5.0,18.16,61.4,CRITICAL,34.260000000000005
16.78,1.98,43.44,34.08,25.91,95.94,HIGH,8.61
2.48,0.65,55.91,51.72,5.63,21.4,LOW,-43.61
23.15,9.47,45.27,24.98,13.71,92.9,CRITICAL,11.879999999999999
26.51,3.0,28.75,66.96,9.57,86.53,HIGH,-30.879999999999995
22.23,2.73,37.77,12.55,8.22,56.29,HIGH,17.900000000000002
12.27,1.78,38.88,50.38,15.22,10.08,LOW,-22.89
12.12,1.05,36.12,52.27,78.57,58.92,HIGH,38.419999999999995
22.16,0.68,31.04,23.4,3.31,32.64,MODERATE,2.0700000000000003
2.63,6.52,41.32,35.26,161.94,34.16,CRITICAL,129.31
31.26,4.18,55.16,51.74,11.67,48.27,HIGH,-8.810000000000002
20.99,1.96,28.14,24.35,6.54,20.78,HIGH,3.179999999999996
3.08,6.17,20.77,37.75,2.67,52.01,HIGH,-32.0
12.49,3.66,25.35,40.48,8.98,46.66,MODERATE,-19.009999999999998
32.77,5.76,52.72,72.81,15.84,48.38,HIGH,-24.200000000000003
11.43,2.15,15.0,10.94,39.99,45.33,CRITICAL,40.480000000000004
7.21,2.17,71.86,28.13,24.07,80.26,MODERATE,3.150000000000002
18.32,2.54,66.12,27.01,17.91,83.49,HIGH,9.220000000000002
19.54,4.7,41.45,38.18,9.27,33.22,HIGH,-9.370000000000001
38.62,3.09,56.65,14.59,22.12,69.52,CRITICAL,46.14999999999999
23.47,2.87,37.9,43.36,13.91,90.6,HIGH,-5.980000000000004
10.09,7.84,46.86,33.33,16.7,50.36,CRITICAL,-6.539999999999999
14.09,0.58,44.44,32.83,20.53,89.23,MODERATE,1.7900000000000063
27.57,0.81,53.48,46.36,13.52,29.57,LOW,-5.269999999999996
35.14,3.0,37.04,18.43,36.71,64.35,CRITICAL,53.419999999999995
5.89,1.72,46.58,56.57,11.37,40.52,LOW,-39.31
5.23,2.39,30.56,15.71,89.76,83.2,CRITICAL,79.28
27.37,1.85,52.49,23.86,9.3,58.06,HIGH,12.810000000000002
6.03,5.33,40.55,10.67,4.73,92.39,CRITICAL,0.09000000000000163
13.8,3.16,77.3,30.01,13.25,80.81,MODERATE,-2.960000000000001
7.62,1.67,57.13,26.06,22.71,70.66,MODERATE,4.270000000000003
14.81,2.49,48.55,33.43,1.13,26.85,LOW,-17.49
16.17,1.42,36.74,33.6,2.71,82.27,MODERATE,-14.719999999999999
17.88,0.6,36.24,28.93,2.52,60.56,LOW,-8.530000000000001
3.82,1.33,30.26,37.2,24.95,61.3,LOW,-8.430000000000003
43.34,1.92,39.74,20.85,3.66,36.53,CRITICAL,26.15
22.54,8.39,62.01,22.09,2.07,49.78,CRITICAL,2.5199999999999996
26.13,1.16,53.66,40.53,0.72,49.29,LOW,-13.680000000000003
23.34,1.15,48.63,23.31,48.13,52.34,CRITICAL,48.16
24.36,1.52,30.29,26.47,6.87,30.42,HIGH,4.760000000000002
14.75,3.76,49.62,35.31,6.76,80.23,MODERATE,-13.800000000000004
25.2,1.6,45.92,42.21,12.97,55.79,MODERATE,-4.039999999999999
9.87,2.11,51.86,51.61,15.08,53.16,LOW,-26.66
8.4,0.55,25.77,44.29,57.52,65.39,HIGH,21.630000000000003
1.55,2.24,58.32,29.47,8.89,73.73,LOW,-19.029999999999998
9.91,1.27,35.13,48.46,31.05,59.63,LOW,-7.5
5.08,2.52,38.76,34.55,17.71,69.15,MODERATE,-11.759999999999998
1.59,1.6,45.46,23.77,5.17,87.58,LOW,-17.009999999999998
5.31,5.33,40.52,40.84,88.55,43.82,CRITICAL,53.019999999999996
18.97,2.92,59.65,50.8,56.79,10.0,HIGH,24.959999999999994
3.45,1.2,48.83,41.69,33.74,15.62,LOW,-4.499999999999993
12.08,4.75,49.49,52.92,0.91,46.3,MODERATE,-39.93
10.35,0.35,48.0,19.8,20.79,54.28,MODERATE,11.34
15.06,6.88,42.17,43.85,1.65,62.28,HIGH,-27.14
8.17,0.8,52.46,19.05,8.73,74.8,LOW,-2.150000000000002
14.52,1.63,44.94,32.1,42.95,25.44,HIGH,25.369999999999997
34.17,4.97,21.42,49.32,23.82,36.46,CRITICAL,8.670000000000002
6.99,4.96,46.65,41.28,9.74,60.93,HIGH,-24.55
50.33,2.4,48.29,48.4,2.1,66.64,CRITICAL,4.030000000000001
20.16,2.84,59.36,44.62,3.99,54.45,MODERATE,-20.47
8.55,5.36,50.4,27.17,4.91,79.5,HIGH,-13.71
42.0,5.19,42.9,34.51,53.1,51.79,CRITICAL,60.589999999999996
27.35,3.82,51.06,44.54,6.38,51.26,HIGH,-10.809999999999995
3.82,7.93,47.82,29.85,72.67,78.71,CRITICAL,46.63999999999999
16.09,1.71,49.29,35.91,6.61,43.75,LOW,-13.209999999999997
10.15,3.95,57.62,32.57,2.14,86.53,MODERATE,-20.28
21.43,5.37,41.48,30.48,19.27,53.18,CRITICAL,10.220000000000002
6.01,5.73,31.8,24.15,0.28,54.2,HIGH,-17.86
13.6,2.62,34.54,43.79,21.62,43.38,MODERATE,-8.57
3.7,1.41,25.04,40.55,5.5,78.54,LOW,-31.349999999999998
7.93,0.71,52.66,30.38,7.41,42.45,LOW,-15.04
10.12,1.5,26.11,24.24,42.99,20.18,HIGH,28.87
6.05,3.11,46.67,58.47,46.17,64.72,MODERATE,-6.25
20.57,5.3,75.44,58.87,6.0,65.63,MODERATE,-32.3
11.43,3.99,31.83,28.6,1.15,36.98,MODERATE,-16.020000000000003
3.15,2.92,46.33,32.33,15.66,89.48,MODERATE,-13.52
13.37,2.07,52.9,21.59,11.74,39.48,MODERATE,3.5199999999999996
16.91,1.49,62.18,46.87,29.48,63.98,MODERATE,-0.4799999999999969
13.19,2.37,48.12,58.85,8.2,86.8,LOW,-37.46
29.64,1.48,40.26,19.68,23.51,49.97,HIGH,33.470000000000006
12.34,2.35,15.0,33.34,1.18,82.6,MODERATE,-19.820000000000004
5.9,3.49,40.95,18.5,25.06,79.16,HIGH,12.46
19.9,1.16,56.97,61.35,4.19,94.91,LOW,-37.260000000000005
16.85,2.78,57.22,36.68,107.38,48.82,CRITICAL,87.54999999999998
10.24,1.34,56.39,43.71,75.14,33.02,HIGH,41.669999999999995
12.06,0.55,57.31,48.79,2.27,89.63,LOW,-34.46
40.48,1.5,21.02,34.84,5.55,89.72,CRITICAL,11.18999999999999
8.57,1.22,41.67,16.87,17.74,76.51,MODERATE,9.439999999999998
23.71,4.89,48.89,20.18,15.93,62.14,CRITICAL,19.46
18.03,3.2,54.86,34.83,1.11,24.91,MODERATE,-15.689999999999998
24.96,1.86,16.39,43.7,98.27,31.92,CRITICAL,79.52999999999999
12.67,0.53,54.85,29.19,100.13,64.45,CRITICAL,83.61
19.8,2.13,34.5,29.89,6.38,51.91,HIGH,-3.710000000000001
4.04,4.03,38.12,60.02,5.61,66.89,LOW,-50.370000000000005
14.83,2.75,63.81,29.74,17.41,43.51,MODERATE,2.5000000000000036
7.57,3.18,27.98,30.14,10.57,38.2,MODERATE,-12.0
8.67,1.71,15.0,44.25,44.9,79.31,HIGH,9.32
8.74,3.06,24.45,46.02,10.29,61.21,MODERATE,-26.990000000000002
34.67,1.05,28.6,51.74,0.49,72.22,MODERATE,-16.58
15.44,3.07,45.4,28.55,11.14,72.38,HIGH,-1.9700000000000024
6.63,4.22,54.65,21.36,105.55,28.95,CRITICAL,90.82
18.3,1.31,51.61,11.88,36.5,79.61,HIGH,42.919999999999995
1.42,3.05,41.93,53.02,28.49,31.64,LOW,-23.110000000000007
7.67,1.02,53.92,49.6,24.98,43.43,LOW,-16.950000000000003
15.18,0.85,47.74,42.93,49.05,29.08,MODERATE,21.29999999999999
1.83,1.62,72.53,26.27,13.94,38.81,LOW,-10.5
17.1,1.05,62.19,36.85,44.37,52.96,MODERATE,24.619999999999997
4.89,0.25,47.34,38.99,2.69,91.64,LOW,-31.410000000000004
48.86,1.06,41.86,23.24,47.69,37.06,CRITICAL,73.31
10.08,1.87,34.28,35.6,4.3,55.74,LOW,-21.220000000000002
29.37,4.62,71.12,25.41,29.35,33.36,CRITICAL,33.31
6.87,2.32,38.05,36.62,0.42,41.96,LOW,-29.33
15.42,4.65,37.13,45.72,6.11,69.43,HIGH,-24.189999999999998
15.13,1.03,59.88,33.88,15.5,65.52,MODERATE,-3.25
17.39,2.77,35.1,36.11,28.09,94.2,HIGH,9.370000000000005
24.99,1.23,27.81,33.14,14.25,38.9,MODERATE,6.099999999999994
17.17,1.6,45.64,72.89,5.04,43.45,LOW,-50.68
8.98,12.38,32.99,55.89,6.59,74.88,CRITICAL,-40.32
16.97,1.61,47.89,37.15,12.43,85.3,MODERATE,-7.75
10.4,2.62,55.28,27.88,12.23,71.81,MODERATE,-5.2499999999999964
8.81,2.76,32.77,16.33,8.88,57.15,MODERATE,1.360000000000003
9.82,3.95,64.48,34.59,2.82,66.53,MODERATE,-21.950000000000003
14.84,2.74,64.37,54.0,33.77,54.92,MODERATE,-5.390000000000001
8.67,0.89,56.49,62.18,6.58,58.24,LOW,-46.93
32.3,1.42,22.06,17.18,1.4,54.33,HIGH,16.519999999999996
17.45,1.73,35.07,64.61,10.97,77.24,LOW,-36.19
16.21,1.46,81.29,23.87,25.73,55.32,MODERATE,18.069999999999997
27.34,3.54,45.48,40.68,69.57,33.21,CRITICAL,56.23
10.4,2.02,15.0,29.09,21.9,49.28,HIGH,3.2099999999999973
26.41,7.19,41.63,42.27,46.9,31.09,CRITICAL,31.04
10.32,3.76,33.6,27.94,17.68,33.98,HIGH,0.05999999999999872
33.06,1.34,21.47,49.64,3.39,96.88,HIGH,-13.189999999999998
4.54,1.53,42.29,35.2,6.34,82.58,LOW,-24.320000000000004
8.81,5.65,53.63,38.3,20.54,86.28,CRITICAL,-8.949999999999996
14.47,1.3,41.75,58.24,38.13,76.56,MODERATE,-5.640000000000001
19.25,4.6,63.07,42.66,5.48,68.56,HIGH,-17.929999999999996
35.03,4.68,30.16,63.71,16.14,76.92,CRITICAL,-12.54
6.52,4.81,51.98,17.84,15.62,41.43,HIGH,4.300000000000001
29.25,0.96,43.41,69.58,18.71,67.35,LOW,-21.619999999999997
5.55,1.21,47.62,52.79,23.75,29.6,LOW,-23.49
9.87,1.52,62.37,45.79,9.93,41.78,LOW,-25.990000000000002
7.88,1.8,69.93,25.13,17.22,54.34,LOW,-0.030000000000001137
33.5,0.89,25.94,20.91,36.8,52.66,CRITICAL,49.39
19.32,3.98,28.79,6.98,5.83,11.68,CRITICAL,18.169999999999998
7.75,2.4,52.67,53.72,31.59,47.2,LOW,-14.379999999999995
0.68,4.75,53.13,59.53,32.42,88.27,MODERATE,-26.43
11.63,3.53,39.53,5.0,24.25,70.8,CRITICAL,30.880000000000003
4.83,2.61,43.85,47.58,0.19,42.64,LOW,-42.559999999999995
5.24,1.9,61.04,24.69,24.24,52.6,LOW,4.789999999999996
17.32,2.19,48.68,43.95,24.66,76.2,MODERATE,-1.9699999999999989
14.15,1.75,43.74,38.84,44.89,81.5,HIGH,20.199999999999996
30.65,1.24,49.91,27.42,0.84,86.75,HIGH,4.069999999999997
11.68,7.6,40.72,44.28,28.0,66.51,CRITICAL,-4.600000000000001
7.55,1.23,29.26,25.15,73.43,42.61,HIGH,55.830000000000005
9.32,1.19,39.82,35.51,11.45,31.07,LOW,-14.739999999999998
21.0,1.0,49.16,38.21,26.83,44.82,MODERATE,9.619999999999997
33.35,2.32,45.09,28.89,3.39,34.35,HIGH,7.850000000000001
32.11,0.85,30.49,26.99,24.94,94.07,CRITICAL,30.06
2.92,4.81,37.39,39.36,10.87,53.39,MODERATE,-25.57
4.4,1.21,35.99,55.18,2.45,54.66,LOW,-48.33
7.49,1.24,40.76,33.76,19.42,37.56,LOW,-6.849999999999994
7.84,2.29,19.1,5.28,5.13,75.17,HIGH,7.689999999999999
9.71,0.77,53.33,29.02,11.28,86.5,LOW,-8.029999999999998
11.41,0.61,45.18,35.15,33.94,63.3,MODERATE,10.199999999999996
6.82,3.39,40.74,35.28,78.62,48.12,CRITICAL,50.16
37.43,3.96,41.82,43.11,1.25,85.33,CRITICAL,-4.43
43.91,2.22,33.66,13.81,16.36,82.75,CRITICAL,46.459999999999994
30.94,4.55,23.99,21.28,10.79,88.44,CRITICAL,20.450000000000003
12.13,2.98,34.26,37.53,20.23,73.69,HIGH,-5.170000000000002
14.46,0.32,40.07,27.65,39.87,65.69,HIGH,26.68
15.33,3.93,67.68,16.68,7.37,57.12,HIGH,6.02
29.31,7.02,70.8,45.26,27.56,84.76,CRITICAL,11.61
28.37,1.77,40.57,41.17,5.45,31.37,MODERATE,-7.350000000000001
45.61,1.86,25.1,21.26,59.53,13.54,CRITICAL,83.88
25.36,5.11,45.27,29.68,15.3,70.78,CRITICAL,10.979999999999997
7.99,0.62,60.11,37.05,5.81,68.33,LOW,-23.249999999999996
12.18,1.47,20.5,25.6,8.53,54.8,MODERATE,-4.890000000000001
20.48,1.12,36.38,42.93,33.99,51.92,MODERATE,11.54
6.51,3.49,40.04,29.9,49.54,26.05,HIGH,26.15
38.11,2.31,64.28,6.05,11.38,76.19,CRITICAL,43.440000000000005
14.14,1.67,33.65,50.22,15.85,14.23,LOW,-20.229999999999997
4.61,1.88,63.24,40.06,0.7,66.89,LOW,-34.75
31.16,4.25,47.85,37.91,7.75,38.08,HIGH,1.0
4.67,1.1,25.61,21.44,22.14,85.31,MODERATE,5.370000000000001
48.9,3.51,58.25,48.56,28.04,92.42,CRITICAL,28.379999999999995
5.7,3.06,43.61,35.13,4.48,49.41,LOW,-24.950000000000003
17.5,1.3,73.7,19.49,48.72,75.9,HIGH,46.730000000000004
15.79,8.72,66.07,40.18,3.13,27.41,HIGH,-21.26
12.58,0.32,44.08,24.5,26.78,71.19,MODERATE,14.86
27.64,1.31,63.0,15.25,10.71,54.86,HIGH,23.1
7.99,1.76,61.49,41.1,0.81,73.73,LOW,-32.3
33.64,0.5,52.76,59.7,20.52,17.88,LOW,-5.540000000000006
8.8,2.31,45.12,53.43,13.3,66.89,LOW,-31.33
16.5,1.06,27.39,24.23,34.59,78.68,HIGH,26.860000000000003
40.82,9.74,61.15,38.65,28.74,69.97,CRITICAL,30.910000000000004
8.14,4.2,72.98,13.58,3.86,97.18,HIGH,-1.58
27.74,3.37,42.11,29.27,17.6,44.31,CRITICAL,16.070000000000004
15.88,2.01,49.17,52.22,9.51,64.69,LOW,-26.83
1.81,0.59,39.02,38.55,26.97,61.84,LOW,-9.77
10.88,3.22,29.54,9.34,6.46,14.91,HIGH,8.0
33.02,1.19,39.75,33.9,44.58,44.98,CRITICAL,43.699999999999996
19.44,2.41,36.75,28.54,48.45,44.15,CRITICAL,39.35
27.91,5.24,46.85,34.56,43.78,49.52,CRITICAL,37.129999999999995
26.08,4.03,15.0,34.02,0.12,69.21,CRITICAL,-7.820000000000004
26.26,3.42,74.97,37.23,5.01,41.87,MODERATE,-5.959999999999994
15.47,1.41,55.79,46.24,19.99,83.51,MODERATE,-10.780000000000001
34.04,5.94,45.96,19.07,21.21,54.55,CRITICAL,36.18
2.77,6.95,56.56,38.81,3.67,60.06,HIGH,-32.370000000000005
7.84,0.69,76.66,25.96,7.25,68.17,LOW,-10.870000000000001
49.43,2.91,38.61,56.14,10.9,38.17,CRITICAL,4.189999999999998
19.23,2.25,34.77,48.0,4.67,51.33,MODERATE,-24.1
8.33,4.58,65.57,14.94,15.16,63.88,HIGH,8.550000000000002
5.99,4.94,52.26,27.43,1.0,44.57,MODERATE,-20.439999999999998
5.81,1.19,28.88,46.38,1.35,47.27,LOW,-39.22
12.5,2.15,15.0,55.09,50.15,55.45,HIGH,7.559999999999995
43.49,2.77,37.02,20.07,5.05,17.79,CRITICAL,28.47
22.28,2.28,45.73,53.28,14.81,87.39,MODERATE,-16.189999999999998
8.05,3.15,32.71,31.49,11.5,59.27,MODERATE,-11.939999999999998
3.45,6.4,25.96,14.68,14.58,31.52,CRITICAL,3.3500000000000014
33.2,1.5,59.02,42.41,17.47,19.84,MODERATE,8.260000000000005
6.74,11.49,61.57,20.63,53.46,19.63,CRITICAL,39.57000000000001
15.99,0.77,27.97,41.6,13.11,39.66,LOW,-12.5
11.05,1.57,46.24,28.91,0.68,35.28,LOW,-17.18
17.81,0.61,59.69,48.61,5.63,62.25,LOW,-25.17
6.04,2.11,46.65,40.31,13.9,55.59,LOW,-20.37
4.19,5.6,19.26,18.99,18.42,91.79,CRITICAL,3.6200000000000045
25.86,2.38,53.01,37.79,31.46,87.86,HIGH,19.53
13.81,1.87,52.9,22.93,28.1,94.64,HIGH,18.980000000000004
13.97,0.44,35.22,20.23,13.36,11.72,LOW,7.099999999999998
0.26,4.73,57.18,32.53,7.19,11.62,LOW,-25.080000000000002
5.26,2.69,61.97,23.87,10.69,10.0,LOW,-7.920000000000002
20.45,7.61,27.47,46.73,28.69,43.62,CRITICAL,2.4100000000000037
16.79,1.0,36.02,14.94,27.19,54.36,HIGH,29.040000000000006
11.38,2.76,55.6,48.48,14.88,83.43,MODERATE,-22.219999999999995
24.33,1.34,38.95,54.08,23.33,40.44,MODERATE,-6.420000000000002
23.61,1.71,60.78,29.82,12.23,37.36,MODERATE,6.020000000000003
20.31,0.55,33.39,51.57,5.35,20.25,LOW,-25.910000000000004
14.98,1.36,29.64,51.69,14.31,76.16,MODERATE,-22.4
29.29,2.91,54.89,27.38,90.69,46.68,CRITICAL,92.6
4.68,9.16,22.72,9.88,5.05,94.93,CRITICAL,-0.15000000000000036
24.79,4.7,40.88,58.85,53.33,42.17,CRITICAL,19.270000000000003
28.85,3.07,37.75,35.64,0.39,95.42,CRITICAL,-6.399999999999999
5.64,2.32,55.21,51.54,4.67,47.72,LOW,-41.230000000000004
19.46,4.73,44.2,55.09,18.82,63.33,HIGH,-16.810000000000002
10.36,2.97,55.96,38.82,1.28,53.61,LOW,-27.18
6.78,2.65,72.55,32.37,17.86,32.5,LOW,-7.729999999999997
14.27,1.99,34.55,35.56,0.02,76.14,MODERATE,-21.270000000000003
14.61,4.47,63.57,36.01,13.37,60.44,HIGH,-8.030000000000001
14.37,6.58,42.25,43.75,7.03,69.08,HIGH,-22.35
14.9,1.19,16.92,59.7,14.56,58.33,LOW,-30.240000000000002
24.28,2.06,22.34,38.34,21.8,70.98,CRITICAL,7.739999999999995
5.98,1.11,33.95,33.71,8.43,26.39,LOW,-19.3
26.91,3.26,63.36,47.17,78.05,37.02,CRITICAL,57.78999999999999
7.15,10.87,30.58,49.65,57.28,62.96,CRITICAL,14.780000000000008
27.35,1.85,62.14,42.01,12.31,79.11,HIGH,-2.3499999999999943
10.45,1.6,28.43,32.86,22.49,33.63,MODERATE,0.0799999999999983
5.39,3.48,43.86,39.9,7.22,51.19,LOW,-27.29
21.82,1.1,44.1,55.41,12.83,77.78,LOW,-20.759999999999998
5.92,2.44,59.18,27.11,4.15,36.57,LOW,-17.04
15.63,0.38,57.43,42.39,23.77,36.68,LOW,-2.990000000000002
12.26,3.28,35.93,38.99,53.51,78.61,CRITICAL,26.779999999999994
8.07,5.43,29.29,45.12,1.68,10.0,MODERATE,-35.37
8.16,0.64,61.13,29.15,28.25,40.23,LOW,7.259999999999998
16.22,1.88,66.14,21.3,8.37,92.44,MODERATE,3.2899999999999956
37.07,9.27,47.0,59.37,29.7,91.28,CRITICAL,7.399999999999999
21.03,0.88,31.32,17.78,11.36,15.78,MODERATE,14.61
0.7,6.15,52.97,46.47,4.66,58.56,MODERATE,-41.11
21.93,1.53,47.73,40.32,1.54,16.76,LOW,-16.85
30.01,5.42,40.38,50.22,5.78,14.46,HIGH,-14.43
2.8,2.3,44.98,42.64,8.31,82.39,LOW,-31.53
29.81,1.23,56.87,48.77,7.9,30.23,LOW,-11.060000000000002
9.25,1.82,29.18,65.79,4.5,54.94,LOW,-52.040000000000006
21.94,3.28,53.35,32.29,2.88,77.03,HIGH,-7.469999999999999
12.71,0.5,68.14,42.89,41.23,71.66,LOW,11.049999999999997
19.34,1.92,21.65,24.44,20.29,91.01,HIGH,15.189999999999994
18.92,2.31,27.18,53.33,22.03,24.73,MODERATE,-12.379999999999995
5.98,3.83,47.45,22.15,14.98,89.99,HIGH,-1.1899999999999977
17.67,0.92,63.72,38.26,32.57,49.43,MODERATE,11.980000000000004
12.85,5.27,24.59,18.84,6.18,59.9,CRITICAL,0.19000000000000128
1.12,3.45,40.32,52.97,9.79,13.42,LOW,-42.06
2.03,1.76,43.86,5.0,1.94,32.69,LOW,-1.0300000000000002
11.79,0.98,52.22,46.6,17.9,47.95,LOW,-16.910000000000004
14.63,3.37,55.03,19.21,0.8,22.91,MODERATE,-3.7799999999999994
3.38,2.65,85.38,22.36,9.59,39.55,LOW,-9.39
10.38,2.24,53.98,39.97,0.89,86.59,LOW,-28.699999999999996
6.36,0.9,47.63,50.37,0.55,34.27,LOW,-43.459999999999994
35.53,4.21,18.81,23.38,18.78,50.69,CRITICAL,30.930000000000003
19.43,1.8,49.27,24.77,49.15,77.58,CRITICAL,43.81
21.03,7.93,54.48,5.13,49.31,72.81,CRITICAL,65.21000000000001
27.64,2.25,50.56,5.0,4.59,74.24,CRITICAL,27.230000000000004
3.93,3.22,51.74,35.32,30.6,32.15,MODERATE,-0.7899999999999991
5.15,1.01,59.91,24.53,13.28,56.21,LOW,-6.100000000000001
1.93,1.91,56.89,33.96,19.75,64.49,LOW,-12.280000000000001
28.36,1.48,40.24,25.08,0.56,52.8,HIGH,3.84
14.64,0.26,55.87,14.49,1.2,15.13,LOW,1.3499999999999996
18.54,2.14,56.32,47.16,35.54,68.1,MODERATE,6.920000000000002
8.58,5.96,59.53,12.5,64.66,35.1,CRITICAL,60.739999999999995
22.82,1.32,31.2,35.01,65.36,81.31,CRITICAL,53.17000000000001
19.38,4.22,49.45,41.29,2.7,42.65,MODERATE,-19.21
8.9,5.0,44.04,53.53,5.58,82.39,MODERATE,-39.05
2.6,1.97,44.83,42.75,7.96,43.72,LOW,-32.19
6.15,0.71,58.25,46.38,9.17,52.76,LOW,-31.060000000000002
19.96,3.32,15.0,42.24,3.79,80.58,HIGH,-18.490000000000002
3.07,2.25,51.8,6.92,10.86,10.0,MODERATE,7.01
61.48,2.63,61.33,79.16,12.93,36.6,HIGH,-4.75
6.05,2.67,21.07,35.04,3.12,34.56,LOW,-25.869999999999997
16.63,1.62,46.14,16.53,23.01,84.8,HIGH,23.11
4.33,1.79,41.44,12.87,4.27,20.77,LOW,-4.27
23.2,4.21,47.71,16.57,64.89,74.47,CRITICAL,71.52000000000001
3.22,1.79,51.19,31.67,8.73,35.04,LOW,-19.72
7.38,1.48,60.97,13.38,8.78,84.47,MODERATE,2.7799999999999994
12.1,1.23,32.66,49.94,6.09,32.49,LOW,-31.75
13.81,0.25,37.75,43.39,39.25,92.73,MODERATE,9.670000000000002
38.65,4.54,78.75,35.43,81.64,68.33,CRITICAL,84.85999999999999
2.69,5.86,28.41,33.31,5.97,84.58,HIGH,-24.650000000000002
34.85,2.7,36.53,41.58,38.4,96.8,CRITICAL,31.67
10.76,3.9,51.49,33.98,0.82,60.25,MODERATE,-22.4
37.81,0.87,70.53,69.82,66.19,10.0,MODERATE,34.18000000000001
15.4,2.87,49.58,18.26,1.08,18.03,MODERATE,-1.7800000000000011
20.22,2.82,32.77,7.09,56.86,26.68,CRITICAL,69.99
10.83,0.96,52.47,17.51,2.75,60.8,LOW,-3.9300000000000015
54.45,0.67,65.91,14.44,7.74,71.1,CRITICAL,47.75000000000001
10.29,1.79,53.54,42.77,5.07,23.12,LOW,-27.410000000000004
12.3,4.34,57.46,31.82,22.03,82.17,HIGH,2.509999999999998
13.1,0.42,66.7,20.42,29.23,76.72,MODERATE,21.909999999999997
10.89,1.55,45.46,72.79,4.34,69.88,LOW,-57.56
10.11,2.1,51.22,29.02,67.7,68.56,CRITICAL,48.790000000000006
6.69,1.48,42.32,47.28,13.84,23.37,LOW,-26.75
12.19,4.19,37.82,44.96,50.92,10.0,HIGH,18.15
2.14,4.35,38.14,27.36,23.91,50.01,HIGH,-1.3099999999999987
5.07,1.02,33.39,36.62,6.67,53.24,LOW,-24.879999999999995
3.9,4.46,72.43,5.0,6.8,74.38,HIGH,5.699999999999999
12.44,2.08,45.07,27.67,17.33,27.65,MODERATE,2.0999999999999943
9.62,1.06,51.43,44.51,7.79,13.73,LOW,-27.099999999999998
24.49,1.93,40.63,54.5,73.76,10.0,HIGH,43.75
82.7,1.34,59.67,31.37,17.33,70.71,CRITICAL,68.66
12.46,1.96,50.77,43.85,71.91,85.94,CRITICAL,40.52
18.85,1.69,56.73,30.48,3.94,43.59,MODERATE,-7.689999999999998
2.14,2.29,22.98,27.57,13.03,37.41,MODERATE,-12.4
6.77,1.47,39.12,36.29,4.13,38.41,LOW,-25.39
2.95,6.41,28.43,28.34,23.59,38.7,CRITICAL,-1.8000000000000007
4.68,1.32,30.27,47.61,12.61,76.83,LOW,-30.32
16.19,7.26,16.81,64.46,5.72,18.96,HIGH,-42.55
10.29,3.67,46.06,40.83,17.84,78.94,MODERATE,-12.7
36.35,2.5,67.01,42.54,34.34,67.1,CRITICAL,28.15
11.46,2.18,55.47,28.09,21.92,58.74,MODERATE,5.290000000000003
6.57,3.81,28.4,47.77,97.76,74.16,CRITICAL,56.56000000000001
16.85,5.87,38.05,51.83,2.97,84.78,HIGH,-32.01
23.05,7.67,38.34,35.52,16.11,36.63,CRITICAL,3.6399999999999935
1.33,2.27,25.53,27.17,9.9,18.26,LOW,-15.940000000000001
15.41,1.58,49.45,65.14,46.54,28.03,LOW,-3.1899999999999977
15.45,1.54,32.28,57.04,7.97,41.31,LOW,-33.620000000000005
5.13,3.34,59.83,32.69,2.65,74.92,MODERATE,-24.909999999999997
26.03,5.38,54.39,37.48,25.83,39.53,CRITICAL,14.380000000000003
27.86,3.99,50.9,25.94,1.31,97.32,CRITICAL,3.229999999999997
11.09,6.0,53.16,26.97,11.27,76.49,CRITICAL,-4.609999999999999
19.11,3.41,54.9,18.95,1.64,13.7,MODERATE,1.8000000000000007
8.93,6.52,65.74,27.74,53.79,35.6,CRITICAL,34.980000000000004
3.5,4.24,47.91,63.03,9.34,95.61,LOW,-50.19
28.97,2.88,36.99,35.3,2.75,89.73,CRITICAL,-3.5799999999999983
14.24,0.48,34.82,24.18,8.22,78.21,LOW,-1.7199999999999989
11.79,1.57,73.68,26.99,41.71,97.72,HIGH,26.51
9.04,6.25,34.73,45.2,1.2,56.74,HIGH,-34.96000000000001
16.79,1.99,23.89,18.88,2.57,97.45,HIGH,0.4800000000000004
30.33,10.08,33.43,55.35,13.31,51.55,CRITICAL,-11.71
9.48,2.01,27.73,49.83,1.71,37.98,LOW,-38.64
19.08,1.71,34.69,24.33,2.22,61.01,MODERATE,-3.030000000000001
7.99,1.87,63.16,22.79,8.24,55.59,MODERATE,-6.559999999999999
14.07,3.2,35.37,28.1,3.02,10.0,MODERATE,-11.010000000000002
4.28,13.1,45.33,34.5,22.18,83.55,CRITICAL,-8.04
19.76,2.81,44.97,21.7,14.16,37.72,HIGH,12.220000000000002
5.04,1.29,33.79,38.22,9.41,97.18,LOW,-23.77
18.63,4.36,53.6,29.93,0.54,49.68,HIGH,-10.760000000000002
8.14,7.39,54.56,45.98,20.64,79.06,CRITICAL,-17.199999999999996
6.93,1.18,25.09,26.57,54.55,40.11,HIGH,34.91
17.82,2.09,54.39,30.34,2.62,20.84,MODERATE,-9.899999999999999
9.23,3.13,35.23,32.0,22.7,17.2,MODERATE,-0.07000000000000028
14.24,2.49,30.49,39.69,71.5,41.28,CRITICAL,46.05
9.69,1.08,64.32,36.97,5.96,56.71,LOW,-21.32
7.71,0.91,36.53,79.42,16.72,83.6,LOW,-54.99
28.17,2.97,71.67,30.66,26.08,57.24,HIGH,23.59
6.43,1.46,50.53,20.38,34.52,27.25,MODERATE,20.570000000000004
16.43,3.57,52.56,48.27,11.48,89.42,MODERATE,-20.360000000000003
4.13,3.32,50.96,39.49,15.74,68.12,MODERATE,-19.62
10.99,2.53,36.64,14.19,24.41,35.2,HIGH,21.21
13.31,1.98,52.76,54.23,54.6,76.07,HIGH,13.68
27.73,2.42,49.39,39.93,4.91,59.77,HIGH,-7.289999999999999
10.81,5.92,15.94,37.75,83.31,62.61,CRITICAL,56.370000000000005
5.54,1.98,50.09,47.71,35.03,28.16,LOW,-7.140000000000001
6.25,0.33,52.64,49.06,20.8,41.14,LOW,-22.01
32.29,5.82,64.7,34.92,13.81,65.74,CRITICAL,11.18
9.54,5.39,62.69,33.12,7.44,60.95,HIGH,-16.139999999999997
8.1,3.15,47.04,64.7,63.57,53.22,HIGH,6.969999999999999
10.47,4.39,30.34,22.18,6.69,61.49,HIGH,-5.02
74.28,4.17,29.47,40.88,26.94,73.14,CRITICAL,60.339999999999996
2.83,1.95,41.44,39.45,15.66,53.63,LOW,-20.96
12.94,1.31,35.17,16.59,43.87,40.65,HIGH,40.22
17.69,2.93,43.59,61.53,0.78,55.47,LOW,-43.06
11.85,1.94,31.3,38.46,7.93,66.94,MODERATE,-18.68
31.09,0.84,30.1,24.93,4.65,77.54,HIGH,10.810000000000002
7.71,0.99,66.73,6.76,7.46,66.41,MODERATE,8.41
9.44,2.58,37.28,61.77,5.66,16.96,LOW,-46.67
15.3,1.01,43.26,29.72,2.49,46.58,LOW,-11.93
14.01,4.81,27.74,34.9,9.82,70.95,CRITICAL,-11.07
11.13,2.07,23.09,27.96,10.42,10.0,MODERATE,-6.41
2.76,1.91,44.33,34.87,9.54,75.01,LOW,-22.57
13.46,2.13,59.35,56.57,10.07,75.33,LOW,-33.04
12.73,5.08,40.48,23.7,14.38,86.3,CRITICAL,3.41
27.07,4.27,62.25,35.94,47.54,73.54,CRITICAL,38.67
12.68,4.28,51.88,41.58,8.69,59.06,MODERATE,-20.21
12.03,3.75,27.21,41.84,10.64,34.45,MODERATE,-19.17
9.42,2.91,48.51,27.84,3.4,30.77,MODERATE,-15.02
9.98,4.36,73.48,27.05,18.08,95.0,HIGH,1.009999999999998
20.97,8.88,33.42,43.17,23.41,38.56,CRITICAL,1.2099999999999937
13.22,2.09,31.95,21.6,1.25,67.84,MODERATE,-7.130000000000001
26.02,5.28,24.77,5.0,16.66,65.12,CRITICAL,37.68
1.78,4.06,40.37,50.89,20.78,73.29,MODERATE,-28.33
5.44,3.12,76.29,45.98,17.21,45.98,LOW,-23.329999999999995
21.71,0.41,37.91,33.17,44.31,37.01,HIGH,32.85000000000001
8.74,5.84,56.93,28.13,45.36,55.11,CRITICAL,25.970000000000002
14.87,1.86,39.37,47.35,11.35,51.08,LOW,-21.130000000000003
10.83,2.15,74.2,22.07,52.73,55.44,HIGH,41.489999999999995
24.28,5.91,38.13,44.18,31.24,67.65,CRITICAL,11.339999999999996
17.05,4.79,31.01,34.89,60.48,69.75,CRITICAL,42.64
6.9,3.5,59.25,34.61,8.76,31.79,LOW,-18.95
32.75,0.93,62.12,45.42,3.52,29.79,LOW,-9.149999999999999
2.88,8.5,44.42,18.5,6.66,34.39,CRITICAL,-8.96
2.81,2.24,46.58,20.25,32.82,38.23,MODERATE,15.380000000000003
7.87,7.32,62.84,41.08,13.64,90.27,CRITICAL,-19.569999999999997
12.96,3.68,28.68,41.02,29.76,58.21,HIGH,1.6999999999999957
5.49,0.7,39.83,31.56,4.03,17.5,LOW,-22.04
8.08,4.99,46.49,49.08,22.81,37.35,MODERATE,-18.189999999999998
12.02,3.74,27.59,15.27,2.69,88.59,CRITICAL,-0.5600000000000005
2.1,2.23,46.48,27.3,48.52,81.71,HIGH,23.320000000000004
10.44,3.11,39.48,28.96,20.35,16.58,MODERATE,1.8299999999999983
2.46,2.69,59.42,25.69,70.75,68.73,HIGH,47.519999999999996
7.99,4.17,24.13,19.01,4.0,91.59,HIGH,-7.020000000000001
7.23,3.27,20.23,5.0,2.63,62.46,HIGH,4.859999999999999
6.88,1.18,64.07,17.58,55.38,53.95,HIGH,44.68000000000001
12.99,4.99,25.0,38.59,12.81,79.53,CRITICAL,-12.790000000000003
40.92,1.44,34.1,21.13,23.23,64.09,CRITICAL,43.02000000000001
24.91,7.24,58.69,41.04,8.2,79.46,CRITICAL,-7.93
40.22,2.33,46.83,44.29,0.19,13.27,MODERATE,-3.8800000000000026
0.7,1.58,60.64,56.35,73.38,48.96,MODERATE,17.729999999999997
33.7,3.68,35.07,43.77,4.98,67.57,CRITICAL,-5.089999999999996
18.7,0.7,26.33,29.24,1.45,69.06,MODERATE,-9.09
7.26,0.29,38.78,25.68,12.7,55.0,LOW,-5.719999999999999
4.48,2.92,68.92,32.54,27.59,36.1,LOW,-0.46999999999999886
12.68,4.04,18.4,31.23,9.98,54.9,HIGH,-8.57
6.33,2.41,34.89,34.23,71.75,56.28,CRITICAL,43.85
11.04,3.25,49.57,39.58,22.02,22.38,MODERATE,-6.519999999999996
6.93,2.11,35.12,41.27,23.88,63.14,MODERATE,-10.460000000000004
30.73,7.95,67.24,33.03,23.78,71.82,CRITICAL,21.480000000000004
26.72,0.36,69.83,49.97,7.43,61.84,LOW,-15.82
42.04,1.13,48.08,36.74,0.62,42.18,HIGH,5.919999999999995
4.74,0.5,39.86,33.71,7.48,71.46,LOW,-21.490000000000002
34.45,6.08,73.21,49.94,20.83,91.1,CRITICAL,5.340000000000003
13.34,2.82,31.39,39.98,0.07,74.43,MODERATE,-26.569999999999997
15.0,1.85,36.79,68.72,31.94,80.58,LOW,-21.78
26.47,4.04,64.33,33.43,7.36,84.54,HIGH,0.3999999999999986
7.69,5.09,79.18,37.52,58.89,66.78,HIGH,29.059999999999995
8.46,1.35,34.48,48.0,5.26,36.19,LOW,-34.28
4.78,3.2,39.53,47.97,1.36,32.25,LOW,-41.83
32.37,1.88,57.12,48.3,10.9,29.78,MODERATE,-5.030000000000001
9.31,1.97,27.41,33.06,4.32,46.64,MODERATE,-19.43
15.45,3.36,42.99,40.31,34.62,34.85,HIGH,9.759999999999991
26.81,0.86,69.52,40.65,1.22,26.24,LOW,-12.620000000000001
26.35,1.26,17.04,57.35,76.73,41.84,CRITICAL,45.73000000000001
28.95,2.94,45.45,32.53,3.88,19.62,MODERATE,0.29999999999999716
4.05,0.59,76.42,44.52,45.41,97.22,LOW,4.939999999999991
4.75,2.91,40.85,57.17,1.38,69.22,LOW,-51.04
8.23,1.56,33.54,34.99,31.27,70.12,MODERATE,4.509999999999998
27.44,3.02,33.06,22.39,2.02,84.49,CRITICAL,7.07
7.23,3.25,43.09,34.97,2.28,56.01,LOW,-25.46
8.27,3.48,46.55,43.69,5.85,75.29,MODERATE,-29.57
5.99,2.16,46.64,40.71,35.17,66.04,MODERATE,0.45000000000000284
0.68,2.63,49.36,37.44,9.96,68.77,LOW,-26.799999999999997
13.29,1.58,36.29,30.98,0.68,72.3,MODERATE,-17.01
10.71,1.37,35.75,56.15,0.43,13.66,LOW,-45.01
49.97,4.66,42.62,58.67,18.26,95.18,CRITICAL,9.560000000000002
10.49,4.99,25.46,51.51,19.64,69.8,HIGH,-21.379999999999995
13.03,5.13,26.01,53.07,6.08,43.48,MODERATE,-33.96
6.04,7.39,42.32,41.46,0.92,55.83,HIGH,-34.5
10.42,1.09,47.96,31.6,19.6,38.62,MODERATE,-1.5799999999999983
21.41,2.81,23.25,41.39,23.65,22.3,HIGH,3.6700000000000017
50.27,7.0,60.77,45.41,30.97,65.07,CRITICAL,35.83000000000001
13.63,3.1,48.71,53.81,1.43,46.61,LOW,-38.75
5.13,2.94,45.64,17.94,12.71,35.67,MODERATE,-0.10000000000000142
13.23,1.16,53.83,24.83,11.59,67.1,MODERATE,-0.00999999999999801
3.32,0.57,48.34,33.25,1.14,41.42,LOW,-28.79
32.77,1.6,20.83,37.69,26.37,12.56,HIGH,21.450000000000003
38.01,2.19,25.61,32.32,5.25,81.62,CRITICAL,10.939999999999998
11.18,1.06,18.02,30.23,8.99,51.77,MODERATE,-10.059999999999999
14.51,2.25,53.07,34.79,30.85,73.14,HIGH,10.57
14.19,1.1,41.16,32.79,16.28,68.79,MODERATE,-2.3200000000000003
6.48,4.34,53.41,55.09,25.97,85.8,MODERATE,-22.64
7.65,1.61,59.75,48.01,17.42,10.0,LOW,-22.939999999999998
27.53,1.38,45.31,51.5,8.84,66.5,MODERATE,-15.129999999999995
1.45,4.6,43.89,27.71,39.81,39.67,HIGH,13.550000000000004
2.28,1.35,42.07,59.94,52.99,61.49,LOW,-4.669999999999995
18.78,0.58,41.77,33.69,4.26,63.14,LOW,-10.649999999999999
2.9,2.12,41.92,21.48,2.35,35.53,LOW,-16.23
19.6,1.93,78.05,31.18,22.55,28.1,MODERATE,10.970000000000006
16.87,5.29,40.8,28.98,3.51,75.6,CRITICAL,-8.599999999999998
19.76,2.71,49.82,28.67,51.06,61.28,CRITICAL,42.150000000000006
14.91,3.6,50.47,26.65,24.55,19.6,HIGH,12.810000000000002
6.68,1.9,44.33,42.9,2.21,35.11,LOW,-34.01
13.0,4.2,52.99,38.75,11.5,83.66,HIGH,-14.25
4.9,4.33,40.59,35.04,4.8,64.28,MODERATE,-25.34
15.48,4.85,40.62,35.23,15.11,49.37,HIGH,-4.639999999999997
13.01,0.59,55.52,6.15,27.87,46.5,MODERATE,34.730000000000004
20.44,2.75,43.83,36.11,11.19,54.42,HIGH,-4.479999999999997
10.2,0.61,42.51,33.07,34.01,67.99,MODERATE,11.139999999999993
16.0,2.54,50.96,33.69,19.21,92.92,HIGH,1.5200000000000031
11.95,7.87,45.72,5.0,26.51,43.46,CRITICAL,33.46
21.43,3.08,50.39,22.8,0.8,73.61,HIGH,-0.5700000000000003
35.93,1.21,61.09,35.09,15.66,75.18,HIGH,16.5
14.32,5.26,35.41,5.0,30.21,58.93,CRITICAL,39.53
2.19,0.33,38.61,78.88,32.01,66.92,LOW,-44.68
13.64,0.95,49.52,66.46,24.0,29.09,LOW,-28.819999999999993
19.74,4.26,46.35,22.7,4.6,38.1,HIGH,1.639999999999997
42.84,4.52,39.56,40.94,61.21,48.35,CRITICAL,63.110000000000014
51.68,7.27,22.07,27.93,0.56,89.64,CRITICAL,24.310000000000002
44.42,0.33,39.65,54.52,3.73,51.43,MODERATE,-6.3700000000000045
37.34,5.69,42.59,16.76,52.87,62.5,CRITICAL,73.45
13.7,6.28,68.64,26.73,63.67,23.36,CRITICAL,50.64
5.7,6.18,55.84,63.2,1.86,88.3,MODERATE,-55.64
9.05,5.67,56.83,33.33,38.14,83.44,CRITICAL,13.86
11.16,0.65,43.58,13.29,18.48,26.19,MODERATE,16.35
6.83,3.4,37.0,30.06,1.68,64.14,MODERATE,-21.549999999999997
11.05,4.7,47.34,39.65,37.94,42.35,HIGH,9.339999999999996
12.33,1.96,40.53,27.7,41.45,71.3,HIGH,26.080000000000002
20.23,7.76,47.31,17.88,4.38,96.31,CRITICAL,6.73
9.91,2.85,26.22,44.43,18.27,68.76,MODERATE,-16.25
33.52,2.52,36.66,39.54,4.96,76.2,HIGH,-1.0599999999999952
25.67,0.85,56.44,40.19,0.91,70.24,LOW,-13.609999999999996
6.61,1.64,63.39,33.69,0.44,66.57,LOW,-26.639999999999997
8.4,0.76,37.75,26.75,25.67,75.72,MODERATE,7.32
9.75,5.22,47.12,44.03,15.18,63.37,HIGH,-19.1
53.27,3.83,43.4,45.35,8.22,59.41,CRITICAL,16.14
33.44,1.8,31.91,45.42,3.53,48.06,HIGH,-8.450000000000003
19.48,0.91,33.97,24.65,31.52,46.4,HIGH,26.35
14.65,1.02,45.81,39.34,0.09,40.21,LOW,-24.6
5.74,6.07,45.72,25.65,0.21,76.4,HIGH,-19.7
21.93,2.6,43.86,48.87,10.35,58.73,MODERATE,-16.589999999999996
22.04,0.55,62.67,54.81,42.7,55.58,MODERATE,9.930000000000007
44.15,1.87,49.47,13.24,16.07,81.42,CRITICAL,46.98
18.04,1.31,32.62,50.3,2.19,96.95,LOW,-30.069999999999997
1.78,2.18,50.82,7.25,88.01,78.2,CRITICAL,82.54
14.07,1.14,33.73,53.99,15.52,90.96,LOW,-24.400000000000002
21.66,2.96,46.69,55.04,12.6,80.81,MODERATE,-20.78
5.36,3.41,66.39,23.61,2.99,88.47,MODERATE,-15.259999999999998
14.91,0.96,37.22,21.13,71.64,61.92,CRITICAL,65.42
10.16,3.73,44.87,14.93,26.6,56.49,HIGH,21.830000000000005
17.77,4.67,73.68,49.47,7.15,43.61,MODERATE,-24.549999999999997
31.27,1.88,53.61,51.86,43.59,66.19,HIGH,23.0
9.44,3.14,42.0,38.68,74.82,61.25,CRITICAL,45.57999999999999
17.49,0.58,24.94,34.86,8.34,96.88,LOW,-9.030000000000001
6.36,8.44,60.28,19.21,8.09,85.31,CRITICAL,-4.760000000000002
7.67,0.71,57.95,58.44,5.1,49.58,LOW,-45.67
12.37,3.08,47.92,22.93,7.49,54.23,MODERATE,-3.0700000000000003
12.34,2.95,31.6,35.1,19.24,66.75,HIGH,-3.520000000000003
24.91,3.07,48.0,58.74,16.88,39.62,MODERATE,-16.950000000000003
21.69,6.59,44.42,35.21,103.93,25.57,CRITICAL,90.41
17.91,6.71,33.44,11.74,33.92,31.96,CRITICAL,40.089999999999996
14.47,2.02,17.26,56.76,9.3,50.0,LOW,-32.989999999999995
29.6,1.75,65.81,54.44,1.8,60.09,LOW,-23.039999999999996
12.63,1.89,41.33,68.06,4.26,35.64,LOW,-51.17
6.3,3.08,47.03,40.39,18.25,79.06,MODERATE,-15.84
2.34,1.96,46.29,21.32,14.57,40.47,LOW,-4.41
20.06,5.51,44.56,31.93,20.49,33.26,CRITICAL,8.619999999999997
19.4,2.04,63.94,13.11,13.38,31.92,HIGH,19.67
7.2,2.66,32.32,9.7,6.75,95.33,HIGH,4.25
6.6,2.1,15.94,36.94,30.4,38.91,MODERATE,0.060000000000002274
37.91,2.82,68.45,35.62,34.5,66.28,CRITICAL,36.79
8.83,2.55,62.93,43.81,2.42,27.82,LOW,-32.56
22.76,2.87,28.77,19.49,1.16,68.04,HIGH,4.430000000000003
21.45,1.19,24.6,39.27,84.89,42.78,CRITICAL,67.07
10.63,1.43,26.6,13.24,89.98,91.15,CRITICAL,87.37
8.99,4.38,41.05,55.41,3.39,17.08,LOW,-43.029999999999994
27.7,4.13,15.0,37.3,4.44,64.59,CRITICAL,-5.159999999999997
9.93,5.59,71.48,42.65,36.85,88.56,HIGH,4.130000000000003
13.48,0.75,37.02,38.75,6.33,65.94,LOW,-18.939999999999998
23.56,3.05,55.34,33.56,33.75,93.14,CRITICAL,23.75
24.55,4.16,55.19,13.42,42.79,80.61,CRITICAL,53.92
20.35,4.49,39.32,23.73,25.77,28.66,CRITICAL,22.390000000000004
30.13,4.01,50.4,32.61,29.41,88.31,CRITICAL,26.93
8.0,7.5,28.84,41.34,16.37,72.5,CRITICAL,-16.970000000000002
15.7,2.34,76.61,26.03,11.25,57.74,MODERATE,0.9199999999999982
11.14,1.03,57.82,16.45,13.06,74.05,MODERATE,7.7500000000000036
3.74,2.54,23.01,47.71,16.53,20.94,LOW,-27.439999999999998
5.16,0.71,43.29,31.63,24.74,51.96,LOW,-1.7300000000000004
14.83,3.26,31.52,36.98,3.46,65.21,MODERATE,-18.689999999999998
25.97,1.09,51.1,5.0,72.75,22.6,CRITICAL,93.72
3.96,2.79,37.58,22.9,5.49,64.48,MODERATE,-13.45
15.15,0.38,39.22,46.24,7.76,90.3,LOW,-23.330000000000002
31.72,2.62,40.58,29.23,77.69,56.87,CRITICAL,80.17999999999999
24.78,4.13,64.24,39.29,20.29,17.99,HIGH,5.780000000000001
1.64,1.69,52.43,42.85,1.53,86.83,LOW,-39.68
26.51,0.74,46.98,44.58,30.52,87.89,HIGH,12.450000000000003
6.84,1.51,39.0,33.56,17.26,74.51,MODERATE,-9.46
45.93,2.07,63.39,30.87,3.17,82.07,CRITICAL,18.23
6.82,6.28,57.97,53.87,6.43,68.46,MODERATE,-40.62
11.25,3.39,66.07,47.34,8.66,65.26,LOW,-27.430000000000003
18.62,4.62,44.62,5.44,2.54,82.16,CRITICAL,15.719999999999999
7.28,7.68,37.97,15.69,6.94,76.92,CRITICAL,-1.4699999999999989
8.0,4.47,47.96,34.93,33.99,73.53,HIGH,7.060000000000002
1.65,1.09,54.7,23.26,5.47,69.42,LOW,-16.14
13.72,2.01,45.15,36.87,2.23,48.76,LOW,-20.919999999999995
8.49,1.37,30.56,48.07,8.85,36.01,LOW,-30.73
4.91,2.73,15.0,62.05,3.91,91.38,LOW,-53.23
14.93,1.73,46.5,70.91,23.49,61.77,LOW,-32.489999999999995
11.47,2.15,55.91,44.79,11.85,83.0,LOW,-21.47
14.92,2.74,29.19,52.17,1.16,72.49,MODERATE,-36.09
29.15,1.85,49.57,13.85,12.05,32.53,HIGH,27.35
6.96,4.64,46.2,31.72,18.84,16.08,MODERATE,-5.919999999999998
19.38,4.92,50.96,57.71,5.44,29.67,MODERATE,-32.89
13.95,3.09,58.9,64.61,17.74,64.44,LOW,-32.92
13.59,0.78,58.96,33.42,16.73,79.04,LOW,-3.1000000000000014
2.01,1.59,43.7,46.05,14.82,59.64,LOW,-29.22
40.75,6.66,34.1,20.07,3.55,82.21,CRITICAL,24.229999999999997
17.3,5.01,57.02,35.64,15.47,60.4,HIGH,-2.8699999999999974
9.92,2.48,17.53,41.03,26.7,46.14,MODERATE,-4.410000000000004
10.95,3.15,35.65,65.32,20.73,89.62,MODERATE,-33.63999999999999
5.53,7.95,67.34,38.29,26.55,51.08,CRITICAL,-6.210000000000001
28.34,2.16,37.67,73.27,17.44,89.95,MODERATE,-27.489999999999995
17.04,1.95,75.39,20.85,24.42,51.08,MODERATE,20.61
21.03,6.63,49.3,20.82,2.33,45.11,CRITICAL,2.539999999999999
5.71,0.87,56.35,37.55,0.11,75.76,LOW,-31.729999999999997
18.25,3.1,49.14,43.86,102.56,85.74,CRITICAL,76.95
14.13,0.81,51.58,5.0,18.01,73.59,HIGH,27.14
36.86,9.32,35.72,21.75,12.98,65.2,CRITICAL,28.090000000000003
30.07,4.28,27.5,34.48,27.61,77.04,CRITICAL,23.200000000000003
8.3,1.06,55.52,18.25,28.26,71.45,MODERATE,18.310000000000002
29.81,6.75,16.59,21.88,19.03,64.36,CRITICAL,26.960000000000004
9.58,3.23,54.53,27.52,17.0,24.85,MODERATE,-0.9400000000000013
13.33,0.96,58.98,24.07,6.77,10.0,LOW,-3.969999999999999
23.04,6.36,61.38,46.18,11.1,20.21,HIGH,-12.04
12.63,3.5,53.47,27.23,0.6,55.13,MODERATE,-14.0
9.75,4.25,38.66,33.66,7.04,16.34,MODERATE,-16.869999999999997
18.67,2.84,53.33,41.78,13.22,39.55,MODERATE,-9.89
23.26,0.54,36.54,30.33,54.13,60.48,CRITICAL,47.06
8.68,1.73,42.53,23.49,40.93,59.49,HIGH,26.12
18.13,1.29,37.71,40.51,1.46,53.0,LOW,-20.919999999999998
39.19,4.79,47.62,21.98,15.72,72.73,CRITICAL,32.92999999999999
4.02,3.84,54.88,36.19,13.1,34.69,MODERATE,-19.07
1.95,2.7,44.64,44.84,38.68,67.83,MODERATE,-4.210000000000001
3.08,5.81,43.37,10.1,7.01,10.0,HIGH,-0.009999999999999787
10.86,0.78,48.45,55.43,7.67,55.48,LOW,-36.9
9.01,2.2,46.68,44.71,20.42,15.96,LOW,-15.280000000000001
2.89,1.78,35.19,42.27,6.37,50.72,LOW,-33.010000000000005
16.47,1.35,59.54,43.62,19.36,64.55,LOW,-7.789999999999999
10.36,2.56,55.84,41.45,26.91,70.13,MODERATE,-4.180000000000007
8.22,2.85,62.51,37.63,2.52,80.13,LOW,-26.89
5.37,0.86,37.47,16.55,14.2,84.94,MODERATE,3.0199999999999996
20.86,1.64,71.8,41.84,26.07,28.28,LOW,5.089999999999996
17.71,6.03,27.99,41.66,23.78,58.77,CRITICAL,-0.1699999999999946
8.14,2.57,51.62,37.49,70.98,41.85,HIGH,41.63
11.91,2.35,43.83,8.37,35.03,61.04,CRITICAL,38.57
22.25,0.78,54.4,34.48,77.49,36.36,CRITICAL,65.25999999999999
4.4,2.53,32.96,5.0,40.07,55.54,HIGH,39.47
50.23,1.39,39.04,12.02,0.29,51.48,CRITICAL,38.5
6.99,6.72,56.93,17.63,5.24,76.56,CRITICAL,-5.399999999999999
5.07,2.25,37.21,8.56,3.76,84.88,MODERATE,0.2699999999999996
11.8,2.74,29.21,49.6,9.32,68.24,MODERATE,-28.48
3.13,2.89,40.24,39.57,14.64,58.81,LOW,-21.8
4.38,5.81,45.09,30.69,21.17,61.88,CRITICAL,-5.140000000000001
7.91,1.13,49.1,36.51,28.16,38.54,LOW,-0.4399999999999977
15.63,1.04,44.41,36.89,6.45,56.23,LOW,-14.809999999999999
19.27,0.25,72.13,47.59,0.54,37.23,LOW,-27.780000000000005
25.55,3.18,46.31,24.02,4.21,29.79,HIGH,5.740000000000002
14.43,1.48,48.97,61.84,74.17,70.29,HIGH,26.75999999999999
8.26,3.97,52.75,16.31,20.68,68.36,HIGH,12.629999999999999
25.13,4.54,55.07,12.3,22.16,20.61,CRITICAL,34.989999999999995
2.94,8.8,31.94,33.39,5.95,47.21,CRITICAL,-24.5
6.77,3.48,29.04,53.13,6.53,10.97,LOW,-39.83
8.04,3.7,38.56,38.74,55.22,40.69,HIGH,24.519999999999996
17.86,5.59,50.06,32.85,58.26,54.24,CRITICAL,43.27
24.79,3.26,65.49,23.01,12.4,43.44,HIGH,14.179999999999996
18.31,2.78,37.75,29.41,8.88,18.74,MODERATE,-2.2200000000000024
2.26,2.09,51.98,36.16,45.08,85.72,HIGH,11.18
37.98,3.35,74.06,17.13,16.08,33.79,HIGH,36.92999999999999
2.22,0.56,41.81,18.24,26.87,34.81,LOW,10.850000000000001
22.13,0.61,24.52,30.65,42.29,94.28,CRITICAL,33.77
11.49,5.76,42.08,35.42,22.09,76.76,CRITICAL,-1.8400000000000034
8.94,5.76,37.19,15.59,7.22,55.75,CRITICAL,0.5700000000000003
15.95,1.04,47.3,59.32,18.8,62.37,LOW,-24.57
48.89,3.02,53.79,27.08,18.53,80.22,CRITICAL,40.34
17.2,8.08,63.61,33.2,23.76,30.08,CRITICAL,7.759999999999998
37.74,1.24,68.14,41.32,2.25,56.54,MODERATE,-1.3299999999999983
7.56,1.32,58.44,21.9,18.96,10.0,LOW,4.620000000000001
34.85,1.24,29.81,57.94,5.48,40.14,MODERATE,-17.61
23.8,2.12,44.45,30.82,23.44,93.58,HIGH,16.42
19.2,3.04,39.04,24.49,9.07,91.86,HIGH,3.780000000000001
19.77,0.99,44.9,20.42,14.18,76.67,HIGH,13.530000000000001
8.83,4.02,32.69,16.24,50.97,28.67,CRITICAL,43.56
32.4,4.74,48.7,39.09,8.08,50.06,CRITICAL,1.3899999999999935
5.73,3.55,43.97,38.65,21.12,16.88,LOW,-11.799999999999997
3.51,2.75,49.13,14.31,8.49,73.89,MODERATE,-2.3100000000000005
34.49,0.79,48.61,20.51,72.81,31.55,CRITICAL,86.79
2.9,5.29,61.37,37.85,10.81,51.14,MODERATE,-24.14
6.49,6.62,68.23,27.3,28.42,94.28,CRITICAL,7.610000000000003
4.87,1.43,48.69,36.94,9.51,41.26,LOW,-22.56
26.03,5.94,47.74,39.94,29.09,90.27,CRITICAL,15.180000000000007
3.26,0.25,28.13,48.77,21.76,77.86,LOW,-23.75
30.32,3.48,37.38,36.48,17.47,52.42,CRITICAL,11.310000000000002
22.06,3.79,32.03,26.53,7.11,37.08,HIGH,2.639999999999997
27.78,1.85,54.19,18.21,11.47,76.61,HIGH,21.04
10.06,1.26,44.42,21.08,5.22,22.21,LOW,-5.799999999999997
15.59,3.39,45.16,57.89,55.87,92.02,CRITICAL,13.569999999999993
18.46,3.15,28.62,27.27,22.09,42.97,HIGH,13.279999999999998
3.61,6.93,69.88,33.62,17.12,57.14,HIGH,-12.889999999999997
6.11,1.59,26.64,42.68,9.94,60.07,LOW,-26.63
4.52,5.41,48.1,37.94,1.47,72.05,MODERATE,-31.95
15.47,1.53,32.13,66.43,44.46,49.13,LOW,-6.500000000000007
12.2,3.91,44.82,53.11,19.74,78.84,MODERATE,-21.17
3.38,3.8,26.1,21.78,13.74,62.61,HIGH,-4.66
7.05,2.22,48.49,45.57,45.95,61.44,MODERATE,7.43
1.34,0.81,41.39,52.98,2.31,63.34,LOW,-49.33
16.24,14.51,51.86,5.0,9.11,61.36,CRITICAL,20.349999999999998
3.59,4.13,49.31,35.24,59.46,63.92,HIGH,27.809999999999995
8.26,1.63,33.53,45.24,4.28,83.17,LOW,-32.7
24.85,3.62,35.02,48.63,1.49,20.45,MODERATE,-22.290000000000003
18.53,4.34,52.61,27.82,10.83,60.41,HIGH,1.5399999999999991
5.14,2.2,66.2,37.79,38.32,25.7,MODERATE,5.670000000000002
4.9,2.9,82.89,31.31,2.04,76.99,LOW,-24.369999999999997
14.32,3.63,62.32,32.22,5.08,35.09,MODERATE,-12.82
8.62,2.11,43.68,45.76,22.31,58.24,LOW,-14.829999999999998
8.58,0.96,15.0,32.87,7.23,22.28,LOW,-17.059999999999995
41.2,3.84,17.8,32.68,12.75,55.88,CRITICAL,21.270000000000003
4.78,3.73,15.0,67.21,37.85,35.38,MODERATE,-24.57999999999999
1.0,1.61,38.73,13.43,0.83,54.68,LOW,-11.6
3.47,2.37,51.76,55.71,10.96,33.43,LOW,-41.28
14.94,1.3,60.03,24.6,27.49,92.92,HIGH,17.83
8.75,6.83,33.91,42.33,7.59,45.77,HIGH,-25.99
5.57,0.73,52.68,5.0,22.78,28.51,MODERATE,23.35
13.55,2.35,21.13,21.34,22.52,73.46,HIGH,14.73
16.76,3.57,40.63,23.26,5.84,57.1,HIGH,-0.6600000000000001
24.95,6.73,39.22,12.92,23.4,58.89,CRITICAL,35.42999999999999
19.05,2.05,57.18,35.56,23.72,94.62,MODERATE,7.209999999999994
10.24,5.93,53.2,28.4,2.8,45.37,HIGH,-15.36
7.31,5.06,54.2,43.44,21.87,50.01,HIGH,-14.259999999999998
11.18,1.83,69.21,27.71,1.49,34.8,LOW,-15.040000000000001
9.94,3.63,40.05,12.3,4.53,74.45,HIGH,2.169999999999998
9.93,8.2,52.85,24.65,0.89,87.33,CRITICAL,-13.829999999999998
11.67,1.43,20.2,47.49,8.78,82.75,LOW,-27.040000000000003
11.78,4.88,59.35,35.97,10.43,85.75,HIGH,-13.759999999999998
29.61,2.67,15.47,52.44,3.57,63.48,HIGH,-19.259999999999998
48.72,0.8,46.83,30.97,15.67,10.0,HIGH,33.42
23.19,0.31,31.91,35.0,22.2,79.78,MODERATE,10.39
20.85,1.72,61.6,32.32,37.77,37.13,HIGH,26.300000000000004
6.28,7.33,22.27,24.32,7.99,95.29,CRITICAL,-10.05
6.91,0.56,60.54,28.01,1.03,83.05,LOW,-20.07
45.13,0.83,35.2,31.35,1.07,47.42,HIGH,14.850000000000001
3.59,13.32,39.9,36.93,1.95,92.28,CRITICAL,-31.39
12.45,0.83,36.39,37.01,50.47,49.92,MODERATE,25.910000000000004
13.29,3.06,60.86,42.82,2.01,77.01,MODERATE,-27.520000000000003
9.71,4.35,62.09,39.51,14.41,73.86,HIGH,-15.389999999999997
22.67,2.67,25.93,24.72,7.99,91.01,HIGH,5.940000000000005
8.07,1.81,63.71,5.0,5.6,49.28,MODERATE,8.67
4.26,4.09,38.35,20.44,18.66,50.16,HIGH,2.4800000000000004
11.17,5.05,65.01,28.49,0.99,69.11,HIGH,-16.33
41.16,0.25,25.46,36.4,69.44,87.18,CRITICAL,74.19999999999999
1.31,0.25,38.91,46.3,0.99,49.32,LOW,-44.0
37.31,0.98,60.03,22.95,2.2,90.0,HIGH,16.560000000000006
6.97,3.03,27.03,27.12,14.42,55.25,MODERATE,-5.73
7.1,6.52,38.83,18.11,44.34,50.53,CRITICAL,33.330000000000005
24.53,3.25,40.13,31.98,7.04,29.5,HIGH,-0.41000000000000014
9.68,3.3,49.5,38.45,3.67,22.24,LOW,-25.1
38.22,1.7,42.1,20.55,15.17,83.53,CRITICAL,32.84
10.71,3.3,42.22,15.14,21.25,92.82,CRITICAL,16.82
9.89,0.62,70.05,28.67,3.76,50.5,LOW,-15.020000000000001
6.91,5.73,28.74,44.17,1.1,62.78,HIGH,-36.160000000000004
2.76,3.08,37.61,39.54,50.43,50.19,HIGH,13.649999999999999
35.17,1.4,22.97,21.13,0.57,88.22,CRITICAL,14.610000000000003
29.39,0.99,48.8,31.16,43.38,10.0,HIGH,41.610000000000014
28.59,1.63,60.53,35.61,1.23,72.9,MODERATE,-5.789999999999999
16.12,7.58,43.1,38.13,7.54,62.48,CRITICAL,-14.470000000000002
8.67,7.64,34.79,29.48,12.36,74.12,CRITICAL,-8.45
10.29,7.09,47.99,27.99,22.47,50.53,CRITICAL,4.77
9.82,0.99,33.89,40.96,50.84,57.8,MODERATE,19.700000000000003
9.32,3.44,61.21,44.75,0.22,97.97,LOW,-35.21
4.0,1.89,65.48,41.84,6.47,37.64,LOW,-31.370000000000005
18.67,1.45,74.1,43.25,9.41,32.74,LOW,-15.169999999999998
8.31,1.59,45.72,41.42,33.59,69.32,MODERATE,0.480000000000004
15.11,4.38,60.96,39.39,11.76,71.61,HIGH,-12.520000000000003
11.48,1.68,42.53,28.41,6.78,67.26,MODERATE,-10.149999999999999
12.93,0.41,73.75,27.01,46.64,15.75,MODERATE,32.56
40.68,3.28,65.8,23.58,10.04,73.81,CRITICAL,27.14
32.76,2.79,46.63,38.71,30.45,60.51,CRITICAL,24.499999999999993
21.01,6.93,27.21,35.35,46.08,17.07,CRITICAL,31.740000000000002
11.46,3.19,43.89,35.91,1.19,39.25,MODERATE,-23.259999999999998
14.99,6.02,42.65,41.9,9.66,68.14,CRITICAL,-17.25
17.58,1.26,47.51,39.17,71.66,77.5,CRITICAL,50.06999999999999
1.35,1.55,32.03,30.83,21.76,83.45,LOW,-7.719999999999995
10.94,2.05,39.92,23.37,85.84,53.13,CRITICAL,73.41
3.87,5.42,55.9,37.02,3.57,38.97,MODERATE,-29.580000000000005
18.02,1.6,23.2,27.15,3.38,23.54,MODERATE,-5.75
26.34,1.22,40.59,34.05,99.75,64.75,CRITICAL,92.04
20.51,3.71,54.19,25.6,1.59,36.46,HIGH,-3.5
9.65,2.89,37.07,44.69,2.4,42.81,LOW,-32.64
13.08,4.01,54.87,25.93,30.47,86.32,CRITICAL,17.619999999999997
12.26,1.54,58.83,46.03,17.13,84.21,LOW,-16.64
22.45,7.93,46.45,36.31,15.29,94.37,CRITICAL,1.4299999999999926
11.17,4.36,52.29,28.62,0.63,49.39,MODERATE,-16.82
51.04,1.84,48.76,39.94,3.24,84.8,CRITICAL,14.340000000000003
16.35,1.24,60.06,16.76,5.19,30.65,MODERATE,4.780000000000001
12.43,10.64,33.41,38.9,4.39,96.4,CRITICAL,-22.08
20.44,4.27,49.52,54.35,68.54,58.71,CRITICAL,34.63
13.66,3.73,43.5,33.04,1.12,68.54,HIGH,-18.259999999999998
16.48,6.06,57.69,21.6,14.5,52.37,CRITICAL,9.379999999999999
54.37,1.02,65.7,34.77,67.56,97.82,CRITICAL,87.16
20.72,0.25,31.07,21.19,6.73,76.7,MODERATE,6.259999999999998
5.76,1.8,34.34,43.01,2.68,50.47,LOW,-34.57
28.87,3.23,83.48,54.9,1.94,81.32,MODERATE,-24.089999999999996
24.39,0.63,62.08,30.03,4.33,35.55,MODERATE,-1.3100000000000023
0.99,1.21,51.33,25.54,4.82,45.06,LOW,-19.729999999999997
18.47,1.28,28.94,54.59,7.06,49.46,LOW,-29.060000000000006
3.03,2.51,49.29,48.44,2.26,51.29,LOW,-43.15
1.09,5.63,60.61,33.2,20.6,85.61,HIGH,-11.510000000000002
13.79,3.27,54.99,23.4,7.85,79.07,HIGH,-1.759999999999998
15.37,1.31,74.46,50.85,35.42,12.61,LOW,-0.060000000000002274
12.74,2.4,57.55,17.99,40.36,88.9,CRITICAL,35.11
16.11,2.56,35.39,28.27,31.54,45.65,HIGH,19.38
20.62,4.71,61.94,30.95,4.69,25.18,HIGH,-5.639999999999997
4.76,1.31,35.52,58.69,26.36,10.0,LOW,-27.57
23.17,3.61,48.44,13.84,10.7,89.24,CRITICAL,20.030000000000005
1.39,1.8,24.51,45.46,4.57,77.83,LOW,-39.5
6.16,1.06,47.97,33.94,25.5,21.24,LOW,-2.2799999999999976
17.5,2.59,39.48,30.21,2.04,86.0,MODERATE,-10.670000000000002
27.18,3.35,44.99,28.88,1.47,16.83,MODERATE,-0.23000000000000043
9.85,2.4,45.23,54.82,48.65,22.82,LOW,3.6799999999999997
17.07,0.89,33.09,24.62,22.58,65.91,MODERATE,15.029999999999998
21.93,6.04,40.34,46.76,41.75,76.74,CRITICAL,16.92
13.53,0.82,19.5,31.33,25.02,85.03,MODERATE,7.219999999999999
17.08,2.02,51.33,57.85,16.7,86.72,LOW,-24.07
13.67,2.8,37.1,52.4,7.83,47.35,LOW,-30.9
10.0,2.06,55.04,36.39,7.81,33.94,LOW,-18.580000000000002
19.69,1.2,35.74,62.27,19.63,88.98,MODERATE,-22.950000000000003
8.15,1.87,40.38,22.1,3.0,54.89,MODERATE,-10.950000000000001
8.82,3.94,59.89,39.16,42.02,76.88,HIGH,11.680000000000007
2.01,2.12,27.69,22.0,3.03,63.07,LOW,-16.96
21.76,6.92,56.5,50.46,47.05,20.59,CRITICAL,18.35
3.63,5.58,33.45,48.68,29.73,60.6,HIGH,-15.32
3.01,5.18,27.8,24.07,76.88,64.9,CRITICAL,55.82
5.87,0.47,62.45,21.31,22.94,81.93,LOW,7.5000000000000036
25.4,0.98,43.4,44.63,23.91,73.75,MODERATE,4.68
5.05,1.53,63.19,59.23,12.93,38.93,LOW,-41.25
21.68,4.68,36.97,70.04,3.13,80.63,HIGH,-45.230000000000004
34.56,1.21,53.58,18.21,20.78,77.81,CRITICAL,37.13
7.09,1.02,22.26,33.07,16.65,65.9,LOW,-9.330000000000002
7.66,3.88,43.16,25.6,0.06,56.38,MODERATE,-17.880000000000003
39.45,5.79,32.38,52.15,10.79,39.45,CRITICAL,-1.9099999999999966
9.36,4.78,21.53,30.11,17.82,70.1,CRITICAL,-2.9299999999999997
28.13,0.6,77.0,43.14,13.82,22.58,LOW,-1.1899999999999977
13.95,3.82,51.63,35.46,5.79,80.11,HIGH,-15.720000000000002
10.61,4.24,82.27,36.25,37.16,64.05,HIGH,11.519999999999996
11.32,3.62,28.43,48.59,38.11,68.5,HIGH,0.8399999999999963
17.24,5.14,15.0,58.57,12.17,67.45,HIGH,-29.160000000000004
41.52,3.0,31.2,46.31,34.78,28.85,CRITICAL,29.99000000000001
10.08,5.95,59.91,8.74,4.28,36.29,HIGH,5.619999999999999
13.82,8.06,59.22,5.0,1.62,39.47,CRITICAL,10.440000000000001
18.53,4.55,48.06,21.16,97.96,36.35,CRITICAL,95.33
11.06,1.85,61.05,15.65,39.71,84.53,HIGH,35.120000000000005
20.73,1.66,21.65,35.01,28.16,85.55,CRITICAL,13.880000000000003
12.11,4.7,34.32,48.81,5.81,81.84,HIGH,-30.890000000000004
24.23,1.49,18.04,29.55,66.94,61.22,CRITICAL,61.620000000000005
37.79,2.12,27.05,47.16,10.92,82.19,CRITICAL,1.5500000000000043
20.86,1.8,27.66,37.96,87.97,64.16,CRITICAL,70.87
10.09,3.58,43.78,5.0,7.26,36.05,HIGH,12.350000000000001
15.65,2.29,49.66,45.87,5.62,66.23,LOW,-24.599999999999998
13.91,12.52,51.07,12.97,1.97,79.67,CRITICAL,2.91
21.72,4.82,55.95,19.96,8.03,61.98,CRITICAL,9.79
7.67,1.49,59.4,20.46,29.47,39.67,MODERATE,16.68
12.29,0.7,41.3,27.05,1.52,47.65,LOW,-13.240000000000002
13.28,1.67,52.82,37.99,23.61,78.29,MODERATE,-1.1000000000000014
10.84,1.98,53.88,51.55,27.17,53.56,LOW,-13.539999999999992
24.72,3.4,44.17,20.32,17.54,87.22,CRITICAL,21.939999999999998
9.52,1.67,21.88,35.23,11.32,18.93,LOW,-14.389999999999997
30.39,3.61,44.9,54.01,13.42,18.05,HIGH,-10.199999999999996
39.56,6.28,33.56,33.35,11.24,26.54,CRITICAL,17.450000000000003
20.34,4.32,44.53,58.22,26.58,86.93,CRITICAL,-11.299999999999997
11.79,2.77,44.67,18.65,12.07,38.05,HIGH,5.210000000000001
18.16,0.29,38.7,28.55,6.93,21.34,LOW,-3.460000000000001
4.99,4.41,15.0,29.57,6.96,97.0,HIGH,-17.62
6.06,2.86,24.2,35.66,6.66,58.67,MODERATE,-22.939999999999998
9.38,6.49,25.9,33.06,17.94,67.07,CRITICAL,-5.740000000000002
46.11,4.16,55.0,42.89,32.35,76.21,CRITICAL,35.57000000000001
3.76,3.51,26.92,21.24,10.7,27.92,MODERATE,-6.779999999999999
12.15,1.02,32.0,25.11,12.01,37.69,MODERATE,-0.9499999999999993
11.83,0.95,76.54,58.02,21.31,55.88,LOW,-24.880000000000003
31.38,4.88,56.38,48.26,30.55,80.96,CRITICAL,13.670000000000002
1.71,1.69,76.98,24.51,9.37,68.17,LOW,-13.430000000000003
7.21,5.07,54.48,34.35,36.39,30.52,HIGH,9.25
18.83,2.41,37.56,38.54,12.56,61.04,HIGH,-7.149999999999999
7.27,0.92,28.33,11.24,119.87,61.01,CRITICAL,115.9
3.35,1.93,25.32,62.68,12.93,20.8,LOW,-46.4
7.44,5.94,38.95,25.31,3.98,63.53,HIGH,-13.889999999999999
10.04,6.01,25.58,14.98,24.46,40.62,CRITICAL,19.52
21.02,3.63,77.48,57.3,9.38,80.34,MODERATE,-26.9
13.61,4.29,61.01,49.91,22.43,70.51,HIGH,-13.869999999999997
11.02,5.66,54.9,21.55,7.21,68.56,HIGH,-3.3200000000000003
10.74,5.73,49.37,28.33,12.05,65.65,HIGH,-5.539999999999999
16.51,0.39,42.89,38.35,15.81,51.3,LOW,-6.030000000000001
23.92,1.02,48.42,31.89,9.68,41.8,MODERATE,1.7100000000000009
8.42,1.63,41.2,50.41,0.95,93.12,LOW,-41.04
7.78,7.27,15.12,25.16,4.42,64.59,CRITICAL,-12.96
7.46,1.53,24.18,52.03,14.44,81.45,LOW,-30.130000000000003
19.09,5.94,33.06,31.62,1.68,76.77,CRITICAL,-10.850000000000001
5.74,3.07,31.78,55.53,43.18,83.01,HIGH,-6.609999999999999
16.44,2.55,44.05,31.07,53.23,41.76,CRITICAL,38.6
8.21,0.55,57.1,30.3,33.36,25.64,LOW,11.27
6.03,2.11,43.05,44.95,24.42,36.61,LOW,-14.5
8.76,2.3,33.48,33.03,12.11,16.09,LOW,-12.160000000000004
8.89,5.56,74.24,14.97,11.9,84.03,CRITICAL,5.8199999999999985
17.31,1.97,35.93,42.96,4.45,87.69,MODERATE,-21.200000000000003
20.85,2.65,79.34,36.14,6.86,62.8,MODERATE,-8.43
6.5,1.35,67.62,49.92,34.4,52.04,LOW,-9.020000000000003
9.76,1.97,50.31,48.07,6.93,12.44,LOW,-31.380000000000003
8.63,4.2,28.01,28.06,7.19,91.4,HIGH,-12.239999999999998
5.5,1.66,40.93,34.02,9.14,10.0,LOW,-19.380000000000003
16.62,0.83,32.15,25.48,50.25,42.23,HIGH,41.39
15.9,2.4,29.07,35.84,32.22,68.3,HIGH,12.279999999999994
25.91,6.07,33.13,61.72,21.07,67.47,CRITICAL,-14.739999999999995
3.47,1.7,43.13,37.42,25.93,79.79,LOW,-8.020000000000003
11.2,1.39,55.02,50.1,41.63,45.26,MODERATE,2.729999999999997
19.26,5.05,58.46,43.91,18.71,71.83,HIGH,-5.939999999999998
7.89,2.12,43.88,40.77,29.83,34.74,MODERATE,-3.0500000000000043
25.83,2.09,23.7,31.11,8.37,89.59,HIGH,3.0899999999999963
18.66,6.98,39.28,38.89,4.65,83.52,CRITICAL,-15.579999999999998
4.64,0.86,60.74,29.2,0.69,67.33,LOW,-23.869999999999997
29.9,1.18,37.99,12.41,5.16,63.78,HIGH,22.650000000000002
9.05,6.27,52.99,60.0,14.86,84.29,HIGH,-36.09
6.32,2.64,34.84,45.07,49.36,58.48,HIGH,10.61
23.0,10.16,30.97,52.78,15.42,97.9,CRITICAL,-14.36
6.54,1.8,24.72,40.99,34.37,54.35,MODERATE,-0.0800000000000054
13.53,0.98,49.28,19.32,3.71,54.07,MODERATE,-2.080000000000002
27.99,1.94,29.38,46.89,16.37,68.1,HIGH,-2.530000000000001
12.05,3.64,47.85,40.71,31.83,77.02,HIGH,3.1699999999999946
7.32,2.37,35.47,28.57,26.25,88.04,HIGH,5.0
24.93,1.12,61.0,17.67,3.65,28.43,MODERATE,10.909999999999997
31.47,3.2,34.94,24.33,12.84,88.8,CRITICAL,19.980000000000004
19.41,4.12,15.0,34.6,33.92,78.96,CRITICAL,18.729999999999997
4.53,1.82,15.0,64.23,18.57,83.89,LOW,-41.13
3.91,4.75,55.97,47.89,70.56,79.77,CRITICAL,26.58
6.71,0.89,32.19,39.42,47.91,16.07,LOW,15.199999999999996
29.77,6.97,48.36,27.67,75.67,56.29,CRITICAL,77.77
18.98,2.92,58.36,30.87,14.73,88.4,HIGH,2.84
15.89,6.39,49.24,29.17,26.62,43.67,CRITICAL,13.340000000000003
19.05,3.63,49.18,18.31,37.29,26.04,CRITICAL,38.03
15.48,1.73,25.67,41.51,10.49,30.3,LOW,-15.54
2.99,1.59,64.3,22.02,7.24,20.11,LOW,-11.79
15.05,1.75,63.27,42.25,11.81,83.7,LOW,-15.39
43.55,9.45,44.51,31.48,26.35,55.21,CRITICAL,38.42
19.26,2.65,40.57,36.62,50.69,30.43,HIGH,33.330000000000005
8.57,4.18,28.07,39.57,14.4,83.96,HIGH,-16.6
8.83,2.11,43.48,36.49,12.14,79.93,LOW,-15.520000000000003
10.93,1.91,45.95,20.54,17.97,73.61,MODERATE,8.36
19.3,5.84,39.85,31.57,9.61,77.2,CRITICAL,-2.66
4.63,6.06,60.08,44.6,18.4,64.82,HIGH,-21.570000000000004
4.97,2.72,45.84,9.27,8.27,56.88,MODERATE,3.969999999999999
18.94,4.05,66.06,22.83,42.17,31.28,HIGH,38.28
13.64,2.21,33.28,43.42,14.71,59.33,MODERATE,-15.07
2.92,2.08,35.48,36.35,17.36,61.3,MODERATE,-16.07
6.09,5.09,54.98,61.87,4.69,27.64,LOW,-51.089999999999996
13.37,7.94,26.0,24.92,15.12,70.08,CRITICAL,3.5699999999999967
17.05,1.66,35.13,40.24,24.03,66.92,MODERATE,0.8399999999999963
3.23,0.84,49.92,7.68,3.64,61.82,LOW,-0.8099999999999996
36.88,0.27,19.65,24.16,3.87,15.89,MODERATE,16.59
26.15,0.69,47.57,57.08,2.02,38.19,LOW,-28.91
7.11,2.25,37.1,33.9,14.63,89.4,MODERATE,-12.159999999999997
21.45,2.97,75.37,23.75,9.58,85.69,HIGH,7.280000000000001
2.73,2.71,65.07,36.26,16.79,57.08,LOW,-16.74
17.54,2.17,48.38,50.28,7.75,75.31,MODERATE,-24.990000000000002
4.77,1.79,47.3,19.96,6.72,85.16,MODERATE,-8.470000000000002
3.0,2.4,49.18,5.0,7.07,68.03,MODERATE,5.07
13.85,1.96,68.79,36.65,24.98,78.76,MODERATE,2.1799999999999997
7.01,1.52,50.68,43.73,9.38,59.72,LOW,-27.339999999999996
15.15,3.82,17.51,28.69,9.77,83.35,CRITICAL,-3.7699999999999996
11.5,5.58,47.38,22.65,2.25,47.0,HIGH,-8.899999999999999
21.66,4.63,50.12,52.13,44.64,59.84,CRITICAL,14.169999999999995
24.51,2.1,60.09,63.15,0.47,34.39,LOW,-38.17
19.17,6.43,17.51,35.26,5.41,42.41,CRITICAL,-10.679999999999996
3.62,3.03,50.31,71.38,0.99,38.09,LOW,-66.77
17.46,9.37,27.01,31.31,1.06,83.4,CRITICAL,-12.79
29.07,1.63,47.73,32.41,1.83,74.3,MODERATE,-1.509999999999998
14.78,1.95,65.48,43.66,10.84,71.99,LOW,-18.04
5.64,0.84,49.11,34.11,74.5,75.46,HIGH,46.03
9.46,7.79,25.49,16.02,28.09,93.18,CRITICAL,21.529999999999998
3.05,0.6,54.64,53.02,3.46,88.86,LOW,-46.510000000000005
10.27,1.9,67.82,41.72,9.06,61.21,LOW,-22.39
8.21,0.59,62.97,37.07,3.17,63.81,LOW,-25.689999999999998
31.8,0.35,60.92,21.13,1.81,52.53,MODERATE,12.48
1.95,0.91,74.79,46.4,18.39,88.09,LOW,-26.06
7.49,2.68,40.13,23.28,2.39,84.79,MODERATE,-13.4
15.35,5.89,44.38,19.02,30.33,88.2,CRITICAL,26.66
15.59,2.61,39.23,5.0,10.78,11.81,HIGH,21.369999999999997
26.67,1.43,68.09,18.8,66.68,72.1,CRITICAL,74.55000000000001
4.06,4.97,29.31,19.54,18.36,65.37,CRITICAL,2.879999999999999
25.57,2.91,35.74,60.75,12.91,98.0,HIGH,-22.269999999999996
20.9,1.76,27.12,42.13,0.45,29.82,MODERATE,-20.780000000000005
13.75,1.54,73.18,59.5,148.73,57.26,CRITICAL,102.97999999999999
8.56,0.37,48.04,22.3,4.14,40.91,LOW,-9.600000000000001
17.18,1.75,34.15,39.45,1.53,69.18,LOW,-20.740000000000002
16.57,1.57,48.11,42.67,6.95,93.95,LOW,-19.150000000000002
18.26,3.36,51.44,57.39,13.78,60.84,MODERATE,-25.35
2.21,2.62,40.25,22.93,8.74,34.06,MODERATE,-11.98
4.96,0.35,42.77,11.53,15.78,41.63,MODERATE,9.209999999999999
16.24,3.27,36.34,26.19,10.99,76.35,HIGH,1.0399999999999956
1.83,3.65,21.48,24.78,7.8,22.25,MODERATE,-15.150000000000002
7.01,4.91,46.8,39.09,6.35,62.19,HIGH,-25.730000000000004
22.08,4.68,76.53,16.77,12.5,96.07,CRITICAL,17.81
2.71,0.53,39.86,31.52,17.45,41.92,LOW,-11.36
24.31,5.31,41.75,47.36,8.02,72.03,HIGH,-15.030000000000001
41.8,1.84,47.72,46.74,0.96,67.22,HIGH,-3.980000000000004
32.03,2.18,46.28,20.05,19.61,55.17,CRITICAL,31.59
59.56,6.62,67.42,37.28,1.55,84.15,CRITICAL,23.83
12.81,1.35,54.94,53.37,47.17,62.02,MODERATE,6.6100000000000065
11.82,5.11,50.43,38.58,18.2,64.48,HIGH,-8.559999999999999
3.55,4.88,64.87,35.4,26.34,64.56,MODERATE,-5.509999999999998
14.31,3.49,47.61,46.11,29.44,75.59,HIGH,-2.3599999999999994
23.68,12.23,56.04,54.71,2.16,44.84,CRITICAL,-28.87
7.1,1.91,54.3,35.71,5.52,25.65,LOW,-23.090000000000003
13.03,5.5,69.11,5.66,25.51,12.88,HIGH,32.879999999999995
8.51,2.58,51.96,10.03,11.07,50.23,MODERATE,9.549999999999999
15.43,0.85,53.05,32.51,16.02,16.11,LOW,-1.0599999999999987
6.01,6.43,62.96,17.25,10.0,64.0,CRITICAL,-1.240000000000002
28.98,3.56,48.55,24.06,6.75,60.83,CRITICAL,11.670000000000005
19.31,6.61,24.14,29.6,0.41,72.82,CRITICAL,-9.880000000000003
36.81,1.68,42.41,21.57,2.84,67.34,HIGH,18.080000000000005
8.32,1.45,50.16,47.75,11.72,63.23,LOW,-27.71
10.18,4.74,47.47,56.14,8.3,85.24,MODERATE,-37.66
7.12,1.79,37.2,21.23,13.35,96.4,MODERATE,-0.7600000000000016
8.35,3.19,53.94,37.91,7.31,10.0,LOW,-22.249999999999996
14.66,1.1,55.1,61.86,30.46,38.75,LOW,-16.739999999999995
11.15,0.81,36.35,8.42,8.9,24.4,MODERATE,11.63
36.44,0.26,34.31,43.34,65.71,65.39,CRITICAL,58.80999999999999
6.91,0.54,37.84,6.77,1.44,40.05,MODERATE,1.58
11.89,6.31,45.01,56.66,60.41,36.93,CRITICAL,15.64
17.95,4.61,59.76,33.76,6.17,53.26,HIGH,-9.64
27.5,0.56,32.3,46.36,26.87,23.66,MODERATE,8.010000000000005
12.71,5.44,32.24,43.22,3.09,58.71,HIGH,-27.419999999999998
29.13,4.16,57.18,30.77,18.55,94.86,CRITICAL,16.91
20.63,0.25,21.49,30.22,13.64,48.56,MODERATE,4.049999999999997
20.76,1.69,32.08,26.27,4.83,86.32,HIGH,-0.6799999999999962
16.85,5.05,56.65,34.81,56.02,58.18,CRITICAL,38.06
18.26,3.18,53.13,32.34,0.85,68.47,HIGH,-13.23
17.78,4.73,66.51,25.56,1.38,95.6,HIGH,-6.399999999999999
9.1,2.51,65.44,47.99,7.69,54.42,LOW,-31.200000000000003
59.21,2.73,67.56,33.0,23.01,73.01,CRITICAL,49.22
9.58,3.21,41.56,38.23,23.97,10.0,MODERATE,-4.68
9.55,4.33,80.06,14.92,45.95,67.16,CRITICAL,40.58
1.89,3.88,51.49,36.47,3.13,40.74,LOW,-31.45
5.59,2.78,33.66,37.04,39.31,10.0,MODERATE,7.8600000000000065
17.69,3.17,32.08,36.86,0.62,48.38,MODERATE,-18.549999999999997
10.7,1.16,48.23,24.24,66.45,25.53,HIGH,52.91000000000001
5.29,2.37,25.94,12.16,1.7,11.42,MODERATE,-5.17
23.14,1.67,75.51,52.59,0.62,62.98,LOW,-28.830000000000002
13.23,6.2,47.05,56.78,7.84,60.16,HIGH,-35.71
17.88,3.85,47.08,62.64,0.68,87.7,MODERATE,-44.08
15.44,2.21,34.29,35.21,27.63,20.45,MODERATE,7.859999999999999
59.73,0.27,57.74,41.46,8.52,93.36,CRITICAL,26.79
8.5,2.75,36.77,50.68,0.89,50.23,LOW,-41.29
6.95,0.32,54.02,34.77,3.54,44.62,LOW,-24.28
22.98,1.54,51.49,36.8,2.93,89.54,MODERATE,-10.889999999999997
9.68,0.41,20.89,28.83,8.2,49.13,LOW,-10.95
8.68,3.39,61.33,34.53,38.05,41.16,MODERATE,12.199999999999996
12.08,4.28,46.02,53.59,18.46,76.59,HIGH,-23.050000000000004
20.58,1.44,24.68,39.48,52.31,91.92,CRITICAL,33.410000000000004
16.13,3.44,52.34,9.07,16.58,72.95,CRITICAL,23.639999999999993
7.99,1.38,52.7,38.4,54.71,48.37,MODERATE,24.300000000000004
18.15,0.78,36.5,41.72,4.8,57.66,LOW,-18.77
10.57,4.01,31.34,39.8,5.86,87.1,MODERATE,-23.369999999999997
17.96,6.82,31.22,37.42,17.64,55.17,CRITICAL,-1.8200000000000003
12.93,4.18,34.55,44.55,40.7,23.06,HIGH,9.080000000000005
16.76,3.78,41.24,34.59,4.68,60.15,HIGH,-13.150000000000002
5.45,3.83,59.72,43.15,58.39,51.26,HIGH,20.690000000000005
11.24,2.08,15.0,22.7,11.03,43.13,MODERATE,-0.4299999999999997
10.65,2.34,61.44,46.38,19.92,59.17,MODERATE,-15.810000000000002
4.2,1.44,41.55,27.89,10.26,58.24,LOW,-13.43
17.09,5.03,42.86,43.89,1.56,31.64,MODERATE,-25.240000000000002
65.13,1.23,36.14,47.45,8.72,79.74,CRITICAL,26.39999999999999
0.21,3.44,58.48,24.14,18.07,49.82,MODERATE,-5.859999999999999
10.42,3.24,44.44,32.59,9.12,58.5,MODERATE,-13.050000000000004
20.8,5.08,58.07,36.13,14.36,76.94,CRITICAL,-0.970000000000006
7.62,4.42,31.31,33.21,10.86,63.25,HIGH,-14.73
9.86,2.06,62.07,28.04,1.28,85.72,LOW,-16.9
10.22,6.09,23.36,44.56,13.74,15.21,HIGH,-20.6
2.8,1.68,30.31,33.45,15.59,84.63,LOW,-15.060000000000002
5.47,2.41,29.46,33.84,5.87,46.68,LOW,-22.500000000000004
39.16,1.84,17.18,47.08,55.07,73.5,CRITICAL,47.14999999999999
16.45,1.01,43.48,56.11,12.8,43.02,LOW,-26.86
27.72,1.55,72.3,40.57,8.01,59.58,MODERATE,-4.840000000000003
8.35,3.05,41.94,39.82,1.43,66.85,MODERATE,-30.04
18.91,2.11,45.07,28.68,10.77,96.38,HIGH,1.0
13.69,0.84,76.3,55.49,12.65,43.36,LOW,-29.150000000000002
4.91,1.68,58.28,33.51,6.76,82.59,LOW,-21.839999999999996
6.88,1.4,50.8,22.96,21.61,47.27,MODERATE,5.529999999999998
16.81,1.9,27.35,57.44,14.98,57.64,LOW,-25.65
16.45,3.28,38.27,24.46,6.93,94.67,HIGH,-1.0800000000000018
19.65,3.01,32.48,7.78,25.03,10.0,CRITICAL,36.9
14.8,3.0,52.96,50.33,9.05,53.71,LOW,-26.479999999999997
3.16,0.66,58.9,37.07,16.52,53.3,LOW,-17.39
5.88,1.92,57.95,22.5,40.88,56.7,HIGH,24.260000000000005
15.18,3.78,65.69,29.7,35.58,73.14,HIGH,21.06
22.45,0.74,72.07,85.18,11.4,31.82,LOW,-51.330000000000005
5.87,5.28,48.12,33.11,43.9,52.99,CRITICAL,16.659999999999997
6.95,9.69,42.83,33.91,3.11,13.72,HIGH,-23.849999999999994
53.39,0.3,39.97,26.89,20.11,87.49,CRITICAL,46.61
12.81,1.28,72.0,26.41,40.0,82.64,HIGH,26.400000000000002
22.37,4.3,51.49,41.45,10.41,87.13,HIGH,-8.670000000000002
16.25,2.09,49.39,36.2,9.33,92.59,MODERATE,-10.620000000000005
7.08,2.6,53.32,18.12,34.34,57.34,HIGH,23.3
11.12,3.79,32.5,54.36,18.36,95.79,HIGH,-24.880000000000003
42.27,8.0,42.17,38.21,3.97,33.16,CRITICAL,8.030000000000001
22.15,4.12,58.67,22.83,12.4,12.14,HIGH,11.719999999999999
15.63,4.55,36.16,50.05,4.23,30.22,MODERATE,-30.189999999999998
27.64,0.65,36.33,20.75,12.6,42.94,HIGH,19.490000000000002
4.1,0.3,42.54,34.68,7.39,71.29,LOW,-23.19
19.39,2.69,68.17,39.12,27.41,89.49,HIGH,7.68
16.4,2.2,57.39,46.86,2.35,10.0,LOW,-28.11
4.82,0.88,53.61,43.68,0.09,69.38,LOW,-38.769999999999996
13.94,1.3,33.91,48.46,19.21,17.42,LOW,-15.310000000000002
1.23,3.93,30.14,15.13,48.08,48.48,CRITICAL,34.17999999999999
9.95,0.89,24.86,13.34,10.41,74.95,MODERATE,7.02
14.05,3.31,45.76,32.39,9.5,52.89,MODERATE,-8.84
12.34,2.11,41.26,29.92,0.17,93.13,MODERATE,-17.410000000000004
14.1,3.07,38.69,26.28,30.75,47.08,HIGH,18.57
37.41,5.01,49.86,15.85,3.71,59.07,CRITICAL,25.269999999999996
25.8,1.24,42.22,26.93,20.21,50.29,HIGH,19.080000000000005
1.52,2.59,23.26,29.6,34.77,66.06,MODERATE,6.690000000000005
22.01,3.17,44.14,35.16,0.24,80.12,HIGH,-12.909999999999997
2.41,0.73,53.3,50.66,31.46,38.1,LOW,-16.789999999999992
12.93,0.52,57.26,55.13,124.12,73.76,CRITICAL,81.92000000000002
19.74,1.35,43.35,30.08,71.04,76.4,CRITICAL,60.7
1.34,4.16,26.14,45.59,15.49,84.4,MODERATE,-28.76
32.94,1.08,27.66,48.13,4.78,14.9,MODERATE,-10.410000000000004
21.77,5.4,54.48,24.08,8.05,36.15,HIGH,5.740000000000002
7.73,6.66,57.75,22.46,8.3,54.61,HIGH,-6.43
8.85,1.7,53.42,70.55,31.1,60.64,LOW,-30.599999999999994
39.65,0.98,48.13,48.38,14.3,55.89,HIGH,5.57
14.79,0.79,44.98,23.33,7.4,51.45,MODERATE,-1.1400000000000006
9.18,1.08,47.35,12.29,13.46,29.94,MODERATE,10.350000000000001
4.36,2.08,40.12,14.01,34.94,69.96,HIGH,25.29
27.45,0.4,37.59,24.62,2.83,45.89,MODERATE,5.66
0.89,4.74,41.16,12.37,13.74,90.97,HIGH,2.2600000000000016
21.17,9.5,44.75,24.07,10.27,46.65,CRITICAL,7.370000000000001
10.49,1.14,43.2,13.06,41.38,83.89,HIGH,38.81
29.08,6.19,27.9,18.03,18.68,98.0,CRITICAL,29.729999999999997
16.93,7.0,33.02,64.15,14.39,27.96,HIGH,-32.830000000000005
3.76,3.09,75.63,36.65,29.79,54.33,MODERATE,-3.1000000000000014
46.3,1.67,73.58,66.34,28.59,47.4,MODERATE,8.549999999999997
9.5,5.54,35.68,23.69,43.18,41.18,CRITICAL,28.99
30.91,1.97,59.53,64.91,7.51,48.0,LOW,-26.489999999999995
4.22,1.11,25.3,36.54,2.02,57.62,LOW,-30.299999999999997
16.75,3.25,53.65,31.08,50.48,42.57,HIGH,36.14999999999999
14.3,3.58,44.54,21.68,61.83,63.05,CRITICAL,54.449999999999996
3.13,0.84,29.33,19.17,2.62,47.39,LOW,-13.420000000000002
16.27,3.48,49.47,37.89,15.13,78.4,HIGH,-6.490000000000002
12.33,1.04,39.87,28.22,10.49,53.4,LOW,-5.399999999999999
17.83,1.49,24.22,23.43,0.35,65.38,MODERATE,-5.25
16.7,0.83,43.71,18.27,35.36,92.31,HIGH,33.790000000000006
7.15,4.16,37.06,27.66,18.47,24.05,HIGH,-2.0400000000000027
61.77,4.53,43.35,66.21,1.66,68.85,CRITICAL,-2.779999999999994
31.85,2.93,48.01,44.55,11.22,52.19,HIGH,-1.4799999999999969
10.2,6.82,48.15,69.6,7.07,10.0,LOW,-52.33
7.11,1.39,60.72,38.07,3.24,59.08,LOW,-27.72
22.59,3.29,58.2,44.31,10.69,45.52,MODERATE,-11.030000000000001
9.54,2.91,68.47,28.5,4.8,41.5,MODERATE,-14.16
6.17,3.53,58.0,42.12,19.34,43.14,MODERATE,-16.61
31.31,4.19,26.86,61.27,3.31,62.35,HIGH,-26.650000000000006
9.09,3.83,70.22,44.2,30.92,79.89,HIGH,-4.189999999999998
31.43,1.44,55.91,23.2,17.19,93.9,CRITICAL,25.420000000000005
19.32,1.35,34.82,33.99,2.25,95.58,MODERATE,-12.420000000000002
3.69,0.83,60.44,46.41,23.44,31.48,LOW,-19.279999999999994
15.19,9.66,54.1,49.77,13.17,47.28,CRITICAL,-21.410000000000004
6.83,3.58,49.07,41.48,22.45,83.98,MODERATE,-12.199999999999996
22.6,0.72,82.8,20.86,7.66,85.31,MODERATE,9.400000000000002
27.19,1.77,27.56,24.22,2.17,33.97,HIGH,5.140000000000001
9.95,3.89,49.49,34.24,10.96,72.59,MODERATE,-13.330000000000002
9.5,2.91,35.03,45.3,11.63,56.48,MODERATE,-24.169999999999995
33.16,2.53,20.17,15.46,12.16,43.99,CRITICAL,29.859999999999992
3.37,2.2,21.29,31.05,6.58,85.56,MODERATE,-21.1
7.14,1.67,58.31,25.76,1.42,13.55,LOW,-17.200000000000003
22.74,1.38,38.15,24.24,2.26,20.73,MODERATE,0.7600000000000016
18.14,5.36,66.67,22.63,10.83,17.58,HIGH,6.34
19.3,2.13,39.14,42.4,8.34,72.36,MODERATE,-14.759999999999998
30.57,4.27,37.22,52.72,0.57,69.27,HIGH,-21.58
14.78,1.35,44.22,46.44,48.78,54.19,MODERATE,17.120000000000005
12.31,1.48,22.32,21.8,33.31,84.91,HIGH,23.820000000000004
24.09,5.12,20.46,5.0,15.62,89.73,CRITICAL,34.71
7.84,1.62,36.33,14.48,11.47,41.63,MODERATE,4.830000000000002
24.75,0.93,46.8,19.04,120.22,13.82,CRITICAL,125.93
16.66,4.1,83.9,55.09,4.0,84.74,LOW,-34.43000000000001
9.15,4.36,30.82,33.68,2.29,71.31,MODERATE,-22.24
20.81,2.51,59.84,27.03,27.41,62.75,HIGH,21.189999999999998
3.89,1.46,47.27,38.04,6.28,35.42,LOW,-27.869999999999997
10.85,4.14,33.71,19.63,7.31,59.31,HIGH,-1.4699999999999989
2.87,4.11,57.52,40.33,50.64,55.51,HIGH,13.18
6.34,5.41,47.52,34.96,15.72,92.0,HIGH,-12.899999999999999
4.74,2.93,53.43,47.65,5.31,45.84,LOW,-37.599999999999994
4.48,0.91,40.0,75.82,25.01,81.23,LOW,-46.32999999999999
4.09,1.91,45.05,44.02,5.84,41.25,LOW,-34.09
3.05,2.26,44.26,50.39,12.82,29.55,LOW,-34.519999999999996
34.91,6.48,51.46,22.33,22.56,76.28,CRITICAL,35.14
8.19,1.9,18.14,54.39,56.01,85.18,HIGH,9.810000000000002
62.3,1.7,39.21,41.6,91.28,52.0,CRITICAL,111.97999999999999
11.03,1.99,70.52,31.61,8.08,17.88,LOW,-12.5
19.07,2.9,51.88,41.46,5.48,79.91,MODERATE,-16.91
11.92,3.27,63.44,42.51,18.8,19.24,LOW,-11.79
9.74,5.12,43.65,10.27,10.11,83.38,CRITICAL,9.580000000000002
13.06,0.9,61.47,16.35,20.46,73.25,MODERATE,17.17
5.79,1.47,42.29,45.76,20.73,98.0,LOW,-19.24
6.61,1.15,29.52,5.1,25.57,62.85,HIGH,27.08
16.27,6.47,63.7,30.22,33.52,88.48,CRITICAL,19.570000000000007
1.05,1.28,25.67,30.73,18.05,98.0,LOW,-11.629999999999999
19.64,2.22,54.5,31.23,16.94,44.16,MODERATE,5.349999999999998
15.77,3.49,46.7,13.07,32.68,65.9,CRITICAL,35.38
30.2,0.28,64.69,29.77,10.98,32.88,MODERATE,11.41
25.81,1.07,41.84,33.17,17.91,38.54,MODERATE,10.549999999999997
10.23,4.53,29.32,47.21,9.18,24.31,MODERATE,-27.8
11.96,2.66,58.76,45.04,1.14,28.0,LOW,-31.939999999999998
5.75,3.13,41.05,32.73,6.47,66.17,MODERATE,-20.509999999999998
11.13,1.89,50.16,25.69,32.26,86.57,HIGH,17.7
8.27,0.83,27.69,32.71,10.76,65.4,LOW,-13.68
10.46,4.75,45.66,31.73,2.26,57.18,MODERATE,-19.009999999999998
20.03,2.11,42.88,54.12,34.6,19.04,MODERATE,0.5100000000000051
11.99,3.07,49.47,35.47,71.99,50.18,CRITICAL,48.50999999999999
13.05,3.32,43.46,54.6,4.05,85.35,MODERATE,-37.5
9.59,0.89,33.16,50.44,38.52,37.9,LOW,-2.3299999999999983
43.14,3.1,15.0,17.19,4.12,39.79,CRITICAL,30.069999999999997
1.26,2.58,31.71,24.3,16.01,43.64,MODERATE,-7.029999999999998
5.53,1.03,47.56,27.26,3.41,37.52,LOW,-18.32
15.56,4.62,44.33,49.51,40.0,15.75,HIGH,6.050000000000004
11.96,3.13,18.63,64.47,30.38,97.63,HIGH,-22.129999999999995
9.08,1.15,57.42,18.45,23.05,30.19,MODERATE,13.680000000000003
9.23,4.97,15.0,25.22,14.28,65.19,CRITICAL,-1.7100000000000009
29.39,7.54,58.35,31.75,26.52,33.71,CRITICAL,24.159999999999997
5.08,5.65,68.8,44.98,2.13,61.5,MODERATE,-37.769999999999996
15.9,2.04,56.58,48.84,24.26,67.33,MODERATE,-8.68
28.96,0.61,39.88,24.42,8.36,58.39,MODERATE,12.899999999999999
6.71,8.76,30.22,36.02,48.45,80.82,CRITICAL,19.14
15.7,2.67,59.4,29.49,1.66,34.94,MODERATE,-12.129999999999999
3.18,1.78,15.11,27.96,59.87,42.78,HIGH,35.089999999999996
20.73,2.58,35.59,39.06,6.59,67.29,HIGH,-11.740000000000002
0.45,2.56,62.32,36.94,0.38,55.78,LOW,-36.11
17.25,3.77,24.0,86.15,28.59,43.08,MODERATE,-40.31
9.67,0.77,53.84,23.94,19.96,45.9,LOW,5.690000000000001
19.47,1.49,15.0,19.86,5.31,27.63,MODERATE,4.919999999999998
15.33,4.96,55.42,7.11,27.94,13.05,CRITICAL,36.160000000000004
4.05,2.29,45.49,32.03,21.48,30.06,MODERATE,-6.5
29.32,1.93,56.86,29.94,42.56,67.02,CRITICAL,41.94
10.45,1.32,54.22,26.5,1.27,16.22,LOW,-14.780000000000001
7.68,3.6,45.57,28.2,37.36,45.89,HIGH,16.84
10.94,5.81,53.31,27.65,30.23,95.16,CRITICAL,13.520000000000003
16.61,0.25,28.89,39.39,4.82,79.35,LOW,-17.96
14.37,1.35,42.48,54.38,40.9,11.49,LOW,0.8899999999999935
26.65,3.04,58.97,49.51,18.62,34.85,MODERATE,-4.240000000000002
9.56,1.8,30.34,18.05,42.53,86.75,CRITICAL,34.040000000000006
16.96,6.45,71.6,32.83,7.06,14.62,HIGH,-8.809999999999999
36.38,1.38,25.4,19.06,9.98,31.08,HIGH,27.3
11.84,0.63,15.0,47.02,71.5,68.49,HIGH,36.32
15.6,1.25,30.21,22.09,0.53,40.0,LOW,-5.960000000000001
9.42,2.07,54.2,22.38,43.92,84.45,HIGH,30.960000000000004
8.26,1.73,51.02,41.65,9.6,60.76,LOW,-23.79
14.23,2.19,33.57,20.76,28.56,65.13,HIGH,22.029999999999998
26.67,4.81,60.82,14.57,2.56,40.2,CRITICAL,14.66
18.28,4.57,40.61,27.4,8.56,36.25,HIGH,-0.5599999999999952
0.77,1.5,49.09,38.3,1.24,56.88,LOW,-36.29
34.49,2.2,56.14,27.78,11.46,48.52,HIGH,18.17
12.49,1.95,22.36,12.57,15.21,70.61,HIGH,15.130000000000003
17.51,3.23,40.44,28.41,19.37,97.58,CRITICAL,8.470000000000002
11.52,1.09,21.57,61.7,4.54,35.96,LOW,-45.64
29.69,2.06,48.99,35.1,31.41,34.72,HIGH,26.0
21.41,5.48,42.01,5.0,17.59,63.45,CRITICAL,34.0
28.39,3.0,46.61,52.02,27.52,83.57,HIGH,3.8899999999999935
18.21,0.76,52.9,9.91,5.72,76.89,MODERATE,14.02
34.72,0.47,53.76,22.49,0.76,62.57,HIGH,12.989999999999998
18.54,2.11,66.8,52.21,23.98,25.69,LOW,-9.690000000000005
5.61,5.11,36.01,37.56,10.54,56.51,HIGH,-21.410000000000004
11.61,0.93,32.11,30.05,62.69,47.4,HIGH,44.25
10.57,3.06,32.97,52.64,39.94,66.56,HIGH,-2.1300000000000026
2.27,1.63,73.31,39.45,32.68,97.5,LOW,-4.5
20.83,1.19,40.84,38.29,14.08,60.4,MODERATE,-3.3800000000000026
14.08,7.63,52.33,42.54,58.49,96.42,CRITICAL,30.03000000000001
44.93,0.72,60.0,29.35,5.75,90.17,CRITICAL,21.33
31.69,1.19,52.91,41.29,4.03,31.54,MODERATE,-5.57
27.07,1.82,31.82,37.66,3.92,29.46,MODERATE,-6.669999999999995
14.42,1.63,21.72,40.44,11.72,25.18,MODERATE,-14.299999999999997
14.77,1.79,43.56,55.75,26.29,80.7,LOW,-14.689999999999998
3.44,1.51,50.25,5.8,2.24,92.05,MODERATE,-0.1200000000000001
16.77,0.25,47.17,42.27,10.21,88.53,LOW,-15.290000000000003
25.33,1.09,65.61,20.35,10.02,52.43,MODERATE,14.999999999999993
10.44,1.57,41.5,9.39,3.45,70.39,MODERATE,4.5
32.63,3.63,21.37,47.54,17.33,49.3,CRITICAL,2.4200000000000017
10.25,8.66,35.89,53.19,9.9,66.17,CRITICAL,-33.04
29.3,2.53,36.95,6.46,35.04,80.32,CRITICAL,57.88
16.63,7.64,52.1,45.32,0.13,59.61,CRITICAL,-28.560000000000002
15.53,2.89,53.25,27.38,49.2,26.57,HIGH,37.35000000000001
10.49,3.28,59.39,29.71,52.2,75.31,CRITICAL,32.980000000000004
21.65,2.37,19.23,20.99,0.65,70.75,HIGH,1.3099999999999987
17.12,1.75,32.22,29.08,21.12,52.58,HIGH,9.160000000000004
11.62,2.62,87.16,27.6,9.76,61.91,MODERATE,-6.220000000000002
4.72,0.61,45.63,25.81,1.7,55.11,LOW,-19.39
20.11,5.76,67.04,21.36,8.04,84.01,CRITICAL,6.789999999999999
5.56,1.77,68.83,69.5,4.8,73.2,LOW,-59.14
9.97,2.77,27.73,58.65,29.38,76.04,MODERATE,-19.299999999999997
12.19,2.31,48.14,68.03,22.65,50.61,LOW,-33.190000000000005
12.52,0.72,35.8,10.86,31.82,62.77,HIGH,33.480000000000004
10.69,3.17,49.13,27.72,2.86,32.34,MODERATE,-14.17
7.17,4.03,56.13,26.11,6.55,30.19,MODERATE,-12.39
29.97,0.25,50.99,30.01,5.59,84.29,MODERATE,5.550000000000001
9.22,0.33,45.51,39.65,120.41,60.18,CRITICAL,89.97999999999999
17.09,0.25,37.1,46.06,1.15,37.4,LOW,-27.820000000000004
9.47,8.58,32.95,21.78,34.36,88.74,CRITICAL,22.049999999999997
6.95,3.87,39.55,41.19,0.8,82.72,MODERATE,-33.44
8.43,2.56,51.88,55.51,34.24,52.08,MODERATE,-12.839999999999996
7.71,4.61,41.26,12.86,28.42,41.85,CRITICAL,23.270000000000003
13.6,3.93,58.01,41.17,41.9,10.0,HIGH,14.329999999999998
9.44,3.9,29.3,40.73,3.15,44.59,MODERATE,-28.139999999999997
9.89,1.83,35.2,42.56,15.18,44.21,LOW,-17.490000000000002
19.25,2.7,38.56,48.63,41.77,90.65,HIGH,12.39
4.28,2.34,44.56,34.2,29.59,82.53,MODERATE,-0.3300000000000054
47.87,2.26,41.08,44.04,11.56,59.55,CRITICAL,15.39
4.91,5.48,47.38,19.42,79.46,86.92,CRITICAL,64.94999999999999
4.88,4.82,52.1,18.7,11.9,74.49,HIGH,-1.9199999999999982
6.91,0.53,42.17,25.24,1.64,55.99,LOW,-16.689999999999998
11.52,2.22,46.95,38.13,2.63,98.0,LOW,-23.980000000000004
21.87,3.79,15.0,68.84,22.92,46.69,MODERATE,-24.049999999999997
2.17,4.42,66.37,50.53,3.66,72.69,LOW,-44.7
18.85,3.08,29.53,50.1,0.86,75.9,MODERATE,-30.39
1.04,3.8,41.91,25.51,1.62,47.94,MODERATE,-22.85
22.31,3.16,46.24,32.72,21.26,32.36,HIGH,10.850000000000001
5.73,2.16,45.57,39.64,0.73,50.93,LOW,-33.18
22.56,4.49,39.69,57.07,25.02,38.48,HIGH,-9.490000000000002
11.53,2.37,25.83,33.24,12.58,37.4,MODERATE,-9.130000000000003
7.09,1.44,54.64,28.69,31.32,92.72,MODERATE,9.719999999999995
16.03,6.15,50.18,21.51,22.27,44.89,CRITICAL,16.789999999999996
32.05,3.2,42.62,27.83,19.11,44.42,CRITICAL,23.33
13.37,4.52,43.2,55.59,6.32,87.3,MODERATE,-35.900000000000006
63.35,3.82,25.75,41.33,26.74,65.45,CRITICAL,48.760000000000005
33.04,3.14,69.17,46.83,1.92,44.6,MODERATE,-11.869999999999997
2.56,4.42,74.44,17.96,0.22,61.66,MODERATE,-15.18
19.31,5.51,78.17,29.22,63.47,61.63,CRITICAL,53.56
19.47,2.54,51.28,50.75,20.83,84.54,MODERATE,-10.450000000000003
27.69,0.66,58.84,52.89,3.1,40.99,LOW,-22.099999999999998
7.25,1.28,62.37,22.77,4.48,60.54,LOW,-11.04
47.69,0.46,72.52,44.23,39.3,88.78,CRITICAL,42.76
16.12,1.46,25.86,40.7,1.5,27.27,LOW,-23.080000000000002
7.39,2.82,29.02,18.35,25.35,90.79,HIGH,14.39
40.99,2.63,58.16,12.5,45.42,80.22,CRITICAL,73.91
18.94,2.5,33.19,43.38,0.56,47.62,MODERATE,-23.880000000000003
33.05,0.83,57.39,39.41,10.66,30.45,MODERATE,4.299999999999997
8.4,4.26,44.48,16.2,5.55,51.73,HIGH,-2.25
14.75,5.28,61.43,33.72,7.85,77.61,HIGH,-11.119999999999997
21.54,0.57,47.07,54.91,5.06,25.98,LOW,-28.31
6.09,0.74,30.42,24.31,13.72,30.85,LOW,-4.4999999999999964
23.82,5.46,65.54,53.84,5.81,82.72,HIGH,-24.210000000000004
3.77,1.17,37.52,52.52,4.65,69.99,LOW,-44.1
20.23,5.37,32.16,45.83,1.35,13.52,HIGH,-24.249999999999996
11.11,0.38,34.39,25.05,4.72,25.57,LOW,-9.220000000000002
13.33,2.64,35.6,44.84,23.73,21.07,MODERATE,-7.780000000000001
24.22,1.86,33.33,11.73,2.94,80.72,CRITICAL,15.43
3.42,1.67,44.19,48.04,2.54,64.94,LOW,-42.08
10.39,2.93,52.71,28.15,80.98,50.85,CRITICAL,63.220000000000006
4.41,3.46,44.07,50.57,35.89,87.85,MODERATE,-10.270000000000003
30.74,5.57,62.53,34.29,6.5,68.48,CRITICAL,2.9499999999999957
29.36,9.16,40.44,33.91,6.24,44.13,CRITICAL,1.6900000000000048
12.75,2.58,63.71,58.89,32.73,14.46,LOW,-13.410000000000004
6.69,2.22,56.52,39.59,7.36,33.15,LOW,-25.540000000000003
27.51,3.67,18.98,57.6,5.16,40.39,HIGH,-24.93
2.94,2.05,51.96,52.71,29.36,64.63,LOW,-20.410000000000004
16.95,2.95,45.02,50.21,28.19,45.54,MODERATE,-5.07
43.38,2.95,56.67,39.3,47.08,66.91,CRITICAL,51.16000000000001
10.71,2.26,45.56,30.9,3.07,84.04,MODERATE,-17.119999999999997
16.1,1.38,22.62,31.26,1.19,92.78,MODERATE,-13.969999999999999
20.6,4.46,32.05,19.0,26.47,78.86,CRITICAL,28.07
18.96,1.95,46.68,23.77,76.16,86.32,CRITICAL,71.35000000000001
15.03,1.8,45.91,19.8,23.47,52.18,HIGH,18.7
6.77,3.41,39.58,69.26,21.15,44.95,LOW,-41.34
7.92,9.11,24.94,32.51,10.41,46.87,CRITICAL,-14.18
19.79,2.87,51.38,8.69,24.97,74.92,CRITICAL,36.07
4.54,1.73,35.99,39.61,1.7,92.32,LOW,-33.37
23.37,2.92,37.93,26.01,0.33,84.12,HIGH,-2.3100000000000023
21.66,6.74,97.59,15.91,36.35,92.34,CRITICAL,42.10000000000001
13.08,2.08,47.1,19.73,0.4,72.34,MODERATE,-6.25
17.3,4.18,67.38,54.06,16.57,21.01,MODERATE,-20.189999999999998
3.67,6.11,62.05,28.66,11.74,82.82,HIGH,-13.25
13.34,2.43,40.24,43.42,15.18,70.8,MODERATE,-14.900000000000002
19.37,7.46,53.52,36.9,20.3,37.41,CRITICAL,2.770000000000003
18.07,1.29,48.48,29.92,68.63,28.32,HIGH,56.77999999999999
1.67,0.99,51.72,29.39,22.17,80.28,LOW,-5.549999999999997
17.37,5.31,22.63,54.23,18.88,79.42,CRITICAL,-17.979999999999997
9.71,0.8,36.57,37.33,24.0,19.52,LOW,-3.6199999999999974
13.07,3.48,39.54,29.52,39.61,48.54,CRITICAL,23.16
19.15,2.83,44.44,26.9,8.19,71.77,HIGH,0.4399999999999977
14.51,1.69,34.47,22.99,6.44,21.22,MODERATE,-2.039999999999999
30.45,3.11,54.43,36.83,21.54,45.86,HIGH,15.159999999999997
29.48,1.04,50.6,53.28,3.05,48.76,LOW,-20.75
13.91,0.44,49.82,68.86,16.68,83.25,LOW,-38.269999999999996
53.22,2.08,58.29,15.59,11.61,36.62,CRITICAL,49.239999999999995
4.59,4.0,38.69,33.52,15.99,33.23,MODERATE,-12.940000000000005
13.88,1.38,57.32,26.69,60.75,40.48,HIGH,47.94
34.92,1.03,37.2,65.79,7.6,76.85,MODERATE,-23.270000000000003
23.62,3.99,18.73,37.41,9.24,73.81,CRITICAL,-4.549999999999997
37.59,1.17,21.4,42.74,15.47,10.0,HIGH,10.32
19.82,1.81,83.04,27.17,10.83,46.91,MODERATE,3.479999999999997
5.68,2.24,60.34,48.95,7.77,75.12,LOW,-35.5
12.06,1.4,59.96,26.67,32.55,86.36,HIGH,17.939999999999998
27.77,4.4,15.0,50.95,51.26,83.4,CRITICAL,28.08
5.12,2.84,51.8,24.09,2.53,47.05,LOW,-16.439999999999998
20.95,4.08,41.12,47.1,14.43,61.67,HIGH,-11.720000000000006
5.13,0.45,32.12,43.55,17.72,51.73,LOW,-20.7
11.47,1.08,56.21,43.2,23.88,66.05,LOW,-7.850000000000001
12.74,3.46,27.96,34.36,5.34,39.45,MODERATE,-16.28
8.16,1.56,54.06,20.6,1.45,80.31,LOW,-10.990000000000002
15.33,2.18,28.1,5.0,1.44,59.38,HIGH,11.77
38.49,0.84,42.92,52.67,22.48,10.17,MODERATE,8.299999999999997
3.62,0.89,37.59,19.19,9.87,28.64,LOW,-5.700000000000003
24.74,2.34,35.13,57.61,52.52,37.4,HIGH,19.650000000000006
21.86,4.05,35.7,41.06,20.13,49.77,CRITICAL,0.9299999999999926
42.95,4.46,43.07,5.0,35.47,69.21,CRITICAL,73.42
19.2,6.57,56.15,11.45,30.74,10.09,CRITICAL,38.489999999999995
35.38,0.55,68.91,21.66,6.56,44.81,HIGH,20.280000000000005
10.23,0.44,29.4,21.51,5.01,53.73,LOW,-6.270000000000001
20.59,0.25,35.3,32.47,12.81,63.18,MODERATE,0.9299999999999997
7.23,6.23,15.0,19.98,3.88,87.05,CRITICAL,-8.870000000000001
11.85,6.85,37.2,52.19,0.63,34.4,MODERATE,-39.709999999999994
13.53,2.68,44.89,16.91,54.05,34.36,CRITICAL,50.67
3.56,0.74,24.21,30.4,34.28,86.02,MODERATE,7.440000000000005
17.01,1.79,41.91,30.67,4.15,92.41,MODERATE,-9.509999999999998
18.08,1.64,56.92,58.19,1.66,50.66,LOW,-38.45
11.87,4.16,54.91,52.81,32.07,40.27,MODERATE,-8.870000000000005
28.35,3.24,25.3,25.57,0.03,32.71,HIGH,2.8100000000000023
10.24,6.01,49.4,66.96,3.68,53.15,MODERATE,-53.03999999999999
17.81,3.13,42.04,53.86,1.28,88.89,MODERATE,-34.769999999999996
20.25,1.22,30.65,36.44,28.63,67.58,HIGH,12.439999999999998
12.49,1.67,24.25,42.41,9.77,95.82,MODERATE,-20.15
18.87,7.57,32.87,21.37,0.83,23.87,CRITICAL,-1.6700000000000017
6.56,3.69,51.18,10.46,10.53,48.46,HIGH,6.629999999999999
30.0,4.98,41.07,21.55,5.17,84.7,CRITICAL,13.620000000000001
7.41,1.96,38.25,47.05,15.43,57.64,LOW,-24.209999999999997
40.54,1.04,42.41,28.5,0.47,28.65,HIGH,12.509999999999998
11.14,1.25,49.38,37.46,90.37,79.59,CRITICAL,64.05000000000001
4.17,1.8,40.53,48.31,6.97,20.55,LOW,-37.17
11.18,0.51,77.71,23.09,23.71,36.78,LOW,11.8
9.41,3.19,37.79,45.26,4.48,10.0,LOW,-31.369999999999997
31.98,6.9,29.04,47.46,24.57,48.72,CRITICAL,9.089999999999996
1.13,2.4,49.99,12.92,1.05,93.15,LOW,-10.74
34.72,4.21,56.62,46.1,11.63,75.95,CRITICAL,0.25
5.45,3.72,15.0,5.0,8.27,88.87,CRITICAL,8.719999999999999
20.16,2.16,61.33,21.68,25.06,68.36,HIGH,23.54
12.57,1.56,51.82,45.78,39.65,62.7,MODERATE,6.439999999999998
7.96,1.98,15.0,45.83,12.05,67.81,MODERATE,-25.819999999999997
3.89,1.99,43.92,46.92,16.29,41.49,LOW,-26.740000000000002
5.57,1.02,67.64,55.13,7.94,38.64,LOW,-41.620000000000005
4.24,1.42,27.86,59.82,0.63,34.33,LOW,-54.95
24.51,3.25,56.2,28.77,12.73,84.19,HIGH,8.470000000000002
32.09,2.2,30.77,27.65,0.72,24.79,HIGH,5.160000000000004
13.7,4.38,53.14,67.42,13.82,82.21,MODERATE,-39.900000000000006
6.23,1.18,52.04,69.86,2.48,88.71,LOW,-61.15
53.24,1.52,41.42,26.69,15.42,72.89,CRITICAL,41.97
27.99,0.51,47.38,40.24,34.41,58.52,MODERATE,22.15999999999999
4.05,1.04,53.4,11.66,43.11,61.78,HIGH,35.5
14.88,3.28,39.61,21.73,21.23,94.12,CRITICAL,14.379999999999999
42.99,2.85,42.02,20.9,25.04,10.0,CRITICAL,47.13
4.63,3.05,39.65,32.48,40.62,35.18,HIGH,12.770000000000003
1.17,0.85,53.73,45.71,71.76,35.09,MODERATE,27.220000000000006
5.1,0.63,51.22,42.35,1.64,10.29,LOW,-35.61
33.15,1.09,46.61,15.16,17.97,44.36,HIGH,35.959999999999994
15.77,5.12,48.09,36.8,10.58,18.88,HIGH,-10.449999999999996
26.1,0.42,55.05,31.26,20.02,60.41,MODERATE,14.860000000000003
9.59,4.21,32.66,53.2,11.99,65.96,MODERATE,-31.620000000000005
7.33,3.53,42.89,64.04,13.46,43.74,LOW,-43.25000000000001
11.05,2.7,49.26,53.83,18.36,43.46,LOW,-24.419999999999998
18.17,4.11,53.46,14.96,16.21,26.35,HIGH,19.42
57.0,2.5,60.66,12.04,1.24,96.69,CRITICAL,46.2
13.21,4.94,42.61,48.85,6.12,80.92,HIGH,-29.52
36.71,4.88,34.17,22.48,30.86,57.62,CRITICAL,45.08999999999999
5.56,3.58,39.65,37.43,9.65,43.64,MODERATE,-22.22
22.07,5.59,62.43,45.13,5.05,29.19,HIGH,-18.01
22.69,0.79,50.27,31.56,35.18,56.15,HIGH,26.310000000000006
40.87,2.18,42.26,75.31,11.49,76.03,HIGH,-22.950000000000003
17.07,3.13,57.66,36.78,28.71,41.99,MODERATE,9.0
63.47,0.88,42.23,55.87,9.63,34.85,HIGH,17.229999999999997
8.97,2.98,70.7,45.09,0.42,52.11,LOW,-35.7
21.89,6.13,55.43,36.99,15.23,16.84,HIGH,0.13000000000000256
12.39,1.92,50.64,32.38,32.52,64.23,MODERATE,12.530000000000001
21.85,3.95,25.64,33.73,0.75,46.43,HIGH,-11.129999999999995
19.41,3.91,69.65,39.3,1.77,32.37,MODERATE,-18.119999999999997
36.58,1.34,63.16,56.22,1.74,14.28,LOW,-17.9
39.09,3.34,53.82,11.67,88.87,77.1,CRITICAL,116.29
15.34,1.11,46.53,19.02,12.39,62.45,MODERATE,8.71
44.11,0.9,39.45,38.6,53.18,15.55,CRITICAL,58.68999999999999
5.43,0.84,27.53,42.66,7.22,91.11,LOW,-30.009999999999998
36.46,4.93,55.76,21.38,49.38,74.69,CRITICAL,64.46000000000001
28.09,0.44,38.0,44.77,25.65,77.1,HIGH,8.969999999999992
7.53,1.43,34.66,5.2,51.58,77.38,CRITICAL,53.91
26.47,1.55,47.19,37.21,30.29,87.56,HIGH,19.549999999999997
22.44,3.08,34.71,46.01,5.67,31.77,MODERATE,-17.9
14.93,1.11,43.61,26.5,52.86,24.46,HIGH,41.28999999999999
6.09,2.56,51.92,5.0,4.82,41.62,MODERATE,5.91
8.62,4.89,48.87,30.52,16.36,33.39,HIGH,-5.540000000000003
15.67,8.51,70.82,38.25,4.37,77.11,CRITICAL,-18.21
18.68,6.16,32.06,33.83,10.41,53.65,CRITICAL,-4.739999999999998
27.71,6.04,47.45,38.61,22.47,80.6,CRITICAL,11.57
12.5,2.06,28.38,36.47,5.09,59.9,LOW,-18.88
18.73,0.62,53.86,30.04,21.38,67.45,MODERATE,10.07
50.52,1.1,36.29,44.46,1.58,62.82,HIGH,7.640000000000001
4.99,1.94,31.53,21.79,1.33,43.25,LOW,-15.469999999999999
6.13,1.3,32.4,48.91,41.3,91.04,MODERATE,-1.4799999999999969
4.45,0.65,32.75,59.0,28.2,34.53,LOW,-26.35
21.19,2.4,39.2,34.78,18.65,37.1,MODERATE,5.060000000000002
6.87,3.7,24.16,16.56,8.6,76.32,HIGH,-1.0899999999999999
25.8,3.57,46.41,23.18,34.37,48.33,CRITICAL,36.99
29.4,2.22,56.19,36.91,1.24,52.64,MODERATE,-6.27
13.48,5.35,65.17,21.63,11.02,17.62,HIGH,2.870000000000001
21.06,0.56,32.2,30.78,50.85,39.43,HIGH,41.129999999999995
16.8,6.42,55.67,12.56,38.45,10.12,CRITICAL,42.69
14.5,9.02,32.72,38.95,16.83,84.29,CRITICAL,-7.6200000000000045
14.86,6.57,31.07,50.12,18.65,56.72,CRITICAL,-16.61
23.06,0.64,32.66,33.92,3.49,80.89,MODERATE,-7.3700000000000045
16.04,4.85,33.56,42.82,1.03,37.72,HIGH,-25.75
10.24,7.27,56.79,20.75,74.81,52.86,CRITICAL,64.3
10.06,3.42,53.09,42.51,3.09,69.92,MODERATE,-29.36
14.2,3.55,47.58,18.58,19.3,59.41,HIGH,14.920000000000002
27.75,1.62,39.87,32.77,1.35,38.37,MODERATE,-3.6700000000000017
12.21,2.05,67.78,5.0,61.08,34.84,CRITICAL,68.28999999999999
10.71,4.55,32.59,36.09,9.61,53.49,HIGH,-15.770000000000003
7.51,4.55,41.43,48.31,4.83,36.24,MODERATE,-35.97
47.5,1.5,43.33,41.41,48.06,77.29,CRITICAL,54.150000000000006
23.07,4.85,63.74,45.88,0.9,57.46,HIGH,-21.910000000000004
9.13,1.77,54.38,29.96,29.34,75.73,MODERATE,8.509999999999998
19.15,2.53,62.2,14.24,0.7,86.28,HIGH,5.609999999999998
41.78,4.98,55.08,43.92,6.74,25.59,CRITICAL,4.600000000000001
9.09,2.15,37.28,50.63,16.14,28.05,LOW,-25.400000000000002
21.55,2.57,51.11,57.64,20.31,21.24,MODERATE,-15.780000000000001
17.73,2.53,50.57,58.85,4.02,56.59,LOW,-37.1
21.37,0.88,55.49,37.73,3.5,84.77,LOW,-12.859999999999996
16.42,4.99,42.18,48.85,36.16,51.51,CRITICAL,3.729999999999997
2.37,2.47,44.75,69.5,12.3,62.41,LOW,-54.83
7.91,2.13,24.21,32.58,64.82,46.43,CRITICAL,40.14999999999999
9.91,0.81,53.61,19.94,7.95,28.16,LOW,-2.080000000000002
8.2,11.06,39.26,51.08,5.96,10.0,CRITICAL,-36.92
12.42,5.49,47.83,10.62,5.73,91.33,CRITICAL,7.529999999999999
12.78,1.77,50.16,31.04,8.15,38.03,MODERATE,-10.11
3.13,2.58,54.32,22.28,44.85,72.07,HIGH,25.700000000000003
0.6,2.37,44.04,10.57,12.19,23.85,MODERATE,2.219999999999999
8.22,2.63,24.05,41.74,0.86,79.62,LOW,-32.660000000000004
9.17,2.25,56.43,35.96,6.53,61.25,LOW,-20.26
23.57,3.08,61.84,38.74,8.48,42.4,MODERATE,-6.690000000000005
13.36,10.76,47.12,63.66,9.93,23.7,CRITICAL,-40.37
21.93,3.79,47.64,41.12,20.91,94.75,CRITICAL,1.720000000000006
8.75,4.17,38.99,50.58,24.8,48.59,MODERATE,-17.03
12.97,1.51,46.24,41.46,19.93,77.37,MODERATE,-8.560000000000002
12.08,1.64,41.12,45.0,21.89,49.18,LOW,-11.030000000000001
13.21,0.75,71.84,33.71,58.17,45.6,MODERATE,37.669999999999995
58.08,3.93,73.61,37.99,2.86,67.01,CRITICAL,22.949999999999996
9.91,0.3,38.46,30.85,0.8,31.36,LOW,-20.14
22.05,5.3,48.96,31.44,6.35,64.23,CRITICAL,-3.0400000000000027
8.36,0.55,41.45,16.51,7.77,35.75,LOW,-0.38000000000000256
5.69,1.8,59.06,62.28,12.51,29.27,LOW,-44.08
16.21,2.63,53.58,49.57,14.12,15.88,LOW,-19.240000000000002
39.49,2.59,37.72,43.65,0.27,48.07,HIGH,-3.8899999999999935
6.26,1.53,41.55,34.15,0.2,80.1,LOW,-27.689999999999998
12.29,3.03,51.6,21.72,46.23,31.08,HIGH,36.8
10.67,1.34,37.62,20.25,18.85,13.44,MODERATE,9.270000000000003
16.8,3.0,91.75,52.36,13.36,18.46,LOW,-22.2
6.64,2.6,46.76,34.32,7.28,93.83,MODERATE,-20.4
29.59,7.4,35.11,19.61,23.73,77.07,CRITICAL,33.71
10.7,4.03,22.51,29.55,10.37,45.73,HIGH,-8.48
15.91,3.0,56.71,30.9,1.96,64.7,MODERATE,-13.029999999999998
10.15,4.86,60.2,17.94,16.99,73.15,HIGH,9.2
32.64,4.76,64.34,41.48,18.3,72.17,CRITICAL,9.46
21.12,0.28,73.84,18.84,10.37,76.94,MODERATE,12.650000000000002
15.71,4.05,43.27,24.67,14.91,71.14,HIGH,5.949999999999999
27.51,2.53,35.72,47.3,13.29,90.4,HIGH,-6.5
4.26,1.94,54.77,38.09,6.44,75.74,LOW,-27.390000000000004
8.76,0.53,29.86,34.06,49.65,44.52,MODERATE,24.349999999999994
19.69,0.25,27.69,51.66,11.0,28.12,LOW,-20.969999999999995
11.55,1.5,51.06,39.63,4.95,52.42,LOW,-23.130000000000003
20.12,2.75,43.56,47.7,35.63,14.41,MODERATE,8.049999999999997
6.16,4.7,66.96,26.4,1.96,57.61,MODERATE,-18.279999999999998
29.23,1.14,55.65,31.71,14.34,96.23,HIGH,11.86
22.2,4.45,27.77,14.46,14.3,64.73,CRITICAL,22.04
15.59,0.78,45.03,28.26,11.09,48.24,MODERATE,-1.5800000000000018
23.45,2.23,72.42,32.95,32.19,70.27,HIGH,22.689999999999998
28.51,6.11,61.22,40.07,26.37,62.45,CRITICAL,14.810000000000002
6.34,1.53,55.5,48.78,3.67,55.86,LOW,-38.77
13.92,3.37,64.05,54.08,9.21,43.63,LOW,-30.949999999999996
12.23,3.67,45.86,34.15,34.55,63.32,HIGH,12.630000000000003
6.65,3.1,49.94,28.27,4.38,32.89,MODERATE,-17.24
19.44,1.29,56.47,43.29,3.25,27.96,LOW,-20.599999999999998
12.98,2.72,43.09,62.69,44.98,30.7,MODERATE,-4.730000000000004
27.96,0.73,28.69,16.18,35.69,54.84,CRITICAL,47.47
11.58,6.85,54.47,5.0,6.11,33.08,CRITICAL,12.690000000000001
31.15,5.0,48.0,31.06,24.75,45.87,CRITICAL,24.84
28.71,5.9,15.0,61.29,25.59,22.19,CRITICAL,-6.990000000000002
11.53,4.32,37.87,29.29,35.82,57.31,CRITICAL,18.060000000000002
26.47,2.76,49.11,43.24,21.37,31.3,MODERATE,4.600000000000001
24.06,0.5,53.0,56.11,1.19,63.0,LOW,-30.86
23.57,2.69,57.43,28.82,67.27,81.39,CRITICAL,62.02
7.55,3.58,23.31,37.73,39.62,78.97,CRITICAL,9.439999999999998
6.79,2.22,33.94,43.11,4.21,66.89,LOW,-32.11
22.17,4.68,69.12,10.27,36.39,80.34,CRITICAL,48.290000000000006
7.14,2.26,54.66,47.75,19.52,72.68,LOW,-21.09
11.9,1.62,42.17,36.19,3.7,74.44,LOW,-20.589999999999996
25.12,0.25,43.68,34.88,19.57,37.95,MODERATE,9.809999999999995
24.96,1.88,58.32,29.87,20.27,35.54,MODERATE,15.360000000000003
7.64,3.46,51.6,36.53,0.27,82.91,MODERATE,-28.62
13.53,3.33,30.43,27.61,2.3,69.36,HIGH,-11.780000000000001
6.04,0.58,37.85,33.45,15.53,57.97,LOW,-11.880000000000003
35.5,2.53,36.1,30.6,5.9,19.79,HIGH,10.799999999999997
4.49,3.29,28.15,26.13,12.04,55.65,MODERATE,-9.599999999999998
28.52,0.61,57.54,57.5,3.85,65.45,LOW,-25.130000000000003
2.9,1.07,37.46,28.71,6.15,41.42,LOW,-19.66
45.28,2.57,49.57,40.82,3.39,80.45,CRITICAL,7.850000000000001
2.46,5.46,16.1,38.3,6.51,78.25,HIGH,-29.33
8.68,2.59,25.47,16.72,61.08,55.29,CRITICAL,53.03999999999999
47.76,3.33,15.0,33.05,14.38,52.07,CRITICAL,29.090000000000003
5.35,3.61,45.06,32.35,11.13,46.44,MODERATE,-15.870000000000001
14.83,4.79,46.25,32.92,15.14,84.28,CRITICAL,-2.950000000000003
8.62,1.43,48.47,36.22,41.23,77.02,MODERATE,13.629999999999995
17.93,1.06,65.14,12.15,18.97,56.63,HIGH,24.75
19.82,0.62,31.1,29.17,10.29,34.85,LOW,0.9399999999999977
29.64,1.29,38.29,42.54,3.74,85.44,MODERATE,-9.159999999999997
24.68,1.05,41.71,45.24,2.17,74.14,MODERATE,-18.39
34.63,2.02,35.88,35.51,1.65,22.43,HIGH,0.7700000000000031
12.72,1.74,54.93,17.02,14.79,70.66,MODERATE,10.489999999999998
15.64,4.13,33.38,35.69,42.96,74.03,CRITICAL,22.910000000000004
12.55,0.25,33.17,51.27,21.43,47.69,LOW,-17.29
22.81,2.26,31.36,48.21,75.76,95.25,CRITICAL,50.36000000000001
20.54,0.31,15.0,29.24,17.26,97.11,HIGH,8.559999999999999
21.37,10.72,15.0,40.61,4.11,64.62,CRITICAL,-15.129999999999999
1.17,1.04,43.11,46.88,20.33,52.53,LOW,-25.380000000000003
11.68,1.23,47.07,45.04,27.82,36.48,LOW,-5.539999999999999
1.04,3.85,53.97,69.91,46.6,58.81,LOW,-22.269999999999996
21.17,3.43,51.89,57.05,0.29,27.98,LOW,-35.589999999999996
31.05,3.27,46.87,11.29,1.83,33.83,HIGH,21.590000000000003
9.51,2.87,42.66,31.35,5.24,55.11,MODERATE,-16.6
29.21,0.66,57.96,36.71,21.39,65.88,MODERATE,13.89
50.48,2.12,39.95,60.71,21.19,49.07,CRITICAL,10.96
17.15,0.79,36.76,53.5,12.65,58.61,LOW,-23.700000000000003
25.99,5.68,63.74,21.94,22.34,30.96,CRITICAL,26.389999999999997
18.45,1.1,20.73,36.62,29.48,12.31,MODERATE,11.310000000000002
16.21,1.41,31.47,21.26,11.07,77.36,HIGH,6.02
20.38,3.07,57.37,55.51,25.0,50.29,MODERATE,-10.130000000000003
19.34,2.26,35.0,19.87,16.92,73.88,HIGH,16.390000000000004
18.66,2.54,48.17,9.33,34.01,27.94,HIGH,43.34
43.98,11.93,44.63,46.82,9.82,48.04,CRITICAL,6.979999999999997
5.44,5.09,43.83,63.28,19.03,82.45,MODERATE,-38.81
37.59,2.35,57.07,16.73,85.04,69.93,CRITICAL,105.9
13.02,5.34,50.42,48.66,21.64,59.82,HIGH,-14.0
1.31,1.62,25.62,68.01,2.75,90.28,LOW,-63.95
12.84,1.56,41.19,53.53,19.21,71.06,LOW,-21.480000000000004
7.25,1.21,18.3,60.08,18.44,71.89,LOW,-34.39
22.0,1.19,60.96,31.45,1.27,54.69,LOW,-8.18
14.87,2.24,56.05,20.67,0.75,12.93,MODERATE,-5.0500000000000025
19.65,4.05,64.46,66.51,21.31,47.27,MODERATE,-25.55000000000001
7.22,3.48,30.78,41.45,18.72,55.1,MODERATE,-15.510000000000005
12.65,8.26,41.05,24.47,78.13,82.53,CRITICAL,66.31
17.3,6.43,49.88,46.45,11.43,67.46,CRITICAL,-17.720000000000002
12.18,1.09,47.21,37.44,37.14,45.27,MODERATE,11.880000000000003
2.71,2.66,39.4,59.25,14.96,84.52,LOW,-41.58
4.95,4.27,34.49,33.04,28.69,60.66,HIGH,0.6000000000000014
17.52,2.68,53.94,35.96,5.24,43.26,MODERATE,-13.200000000000003
18.5,3.72,59.24,31.3,40.86,68.82,CRITICAL,28.06
24.63,0.81,41.75,63.73,0.19,38.75,LOW,-38.91
10.85,3.4,41.42,34.41,9.45,89.47,MODERATE,-14.11
12.76,3.77,52.15,51.71,28.28,38.38,MODERATE,-10.670000000000002
15.23,2.32,22.72,29.92,6.28,81.9,MODERATE,-8.41
29.82,2.8,46.01,7.58,13.18,60.69,CRITICAL,35.42
11.47,1.94,52.92,34.29,37.22,85.73,HIGH,14.399999999999999
1.09,0.25,15.0,32.21,4.19,18.36,LOW,-26.93
34.0,2.98,55.43,49.97,1.02,68.64,HIGH,-14.949999999999996
14.42,2.52,49.69,5.0,6.72,69.54,HIGH,16.14
14.41,1.72,27.56,29.04,22.05,77.24,HIGH,7.420000000000002
24.05,1.28,29.21,40.4,38.56,10.0,HIGH,22.21
1.94,1.47,78.18,20.62,16.82,61.04,LOW,-1.8599999999999994
10.12,1.2,27.47,17.35,15.47,67.72,MODERATE,8.239999999999998
12.09,6.27,65.14,38.2,8.74,97.24,HIGH,-17.370000000000005
33.64,2.38,57.78,41.61,5.95,58.93,HIGH,-2.019999999999996
9.48,1.56,66.56,45.46,27.03,78.48,LOW,-8.949999999999996
28.32,2.08,77.13,57.65,15.24,18.89,LOW,-14.089999999999996
2.87,1.78,40.56,60.59,0.86,44.68,LOW,-56.86000000000001
29.15,2.55,15.0,25.63,4.29,72.37,CRITICAL,7.809999999999999
13.1,2.41,31.25,46.22,2.34,69.45,LOW,-30.78
11.32,5.93,57.03,32.72,10.6,67.34,HIGH,-10.799999999999997
25.73,7.12,70.3,30.55,10.1,24.36,CRITICAL,5.279999999999998
43.61,1.75,77.31,5.0,3.37,23.49,CRITICAL,41.98
36.09,1.33,50.89,31.21,5.02,53.19,HIGH,9.899999999999999
7.38,2.21,44.18,49.99,17.68,10.0,LOW,-24.930000000000003
24.27,4.56,42.12,39.62,16.86,92.83,CRITICAL,1.509999999999998
44.1,3.41,59.43,24.5,27.07,63.07,CRITICAL,46.67
11.24,3.93,29.79,33.26,8.6,52.17,HIGH,-13.419999999999998
15.41,0.89,50.63,39.9,14.55,67.01,LOW,-9.939999999999998
5.85,5.88,53.09,32.81,5.94,57.98,HIGH,-21.020000000000003
11.93,3.3,46.25,21.91,30.6,75.8,CRITICAL,20.62
15.43,6.42,51.23,57.35,8.16,67.35,HIGH,-33.760000000000005
20.58,3.6,39.29,38.41,3.31,58.85,HIGH,-14.52
23.73,0.6,36.42,25.51,31.41,45.79,HIGH,29.63
16.93,1.88,23.98,39.06,7.3,24.36,LOW,-14.830000000000002
10.37,2.47,44.72,19.25,64.66,74.05,CRITICAL,55.78
36.14,1.45,72.62,30.27,2.36,70.33,HIGH,8.23
20.06,2.83,25.31,34.21,7.97,50.34,MODERATE,-6.180000000000003
18.13,0.8,42.28,24.44,0.38,10.0,MODERATE,-5.930000000000003
7.0,2.64,33.11,17.95,12.18,86.84,HIGH,1.2300000000000004
32.03,2.08,44.76,27.79,14.99,28.74,HIGH,19.230000000000004
21.86,5.8,48.66,5.0,6.8,32.46,CRITICAL,23.66
11.83,5.69,44.06,26.4,15.02,25.03,HIGH,0.45000000000000284
11.24,0.56,21.41,33.34,23.77,51.24,MODERATE,1.6699999999999946
24.87,3.72,49.92,27.63,20.14,73.13,CRITICAL,17.380000000000006
19.16,3.41,39.42,45.28,55.29,34.61,HIGH,29.17
7.85,4.49,53.75,45.39,17.17,64.92,MODERATE,-20.369999999999997
26.46,1.28,45.96,43.82,18.33,75.35,MODERATE,0.9699999999999989
5.8,2.14,53.31,29.21,16.56,10.5,LOW,-6.850000000000001
24.02,1.82,63.58,24.26,48.13,87.69,CRITICAL,47.89
8.92,3.19,51.51,14.0,13.86,59.32,HIGH,8.780000000000001
1.68,3.51,62.13,41.66,20.88,74.06,LOW,-19.099999999999998
16.69,0.25,57.13,33.65,26.22,32.16,LOW,9.259999999999998
15.45,2.64,56.2,32.9,23.9,68.27,HIGH,6.449999999999996
15.72,2.58,28.43,12.08,16.18,45.48,HIGH,19.82
3.46,1.27,33.03,72.57,22.99,51.33,LOW,-46.11999999999999
44.25,2.4,60.87,40.36,53.76,79.07,CRITICAL,57.64999999999999
13.69,1.75,67.46,46.92,59.9,86.19,HIGH,26.67
13.95,5.59,49.48,30.84,2.32,50.74,HIGH,-14.57
17.72,1.87,43.2,30.96,38.0,28.89,HIGH,24.759999999999998
8.78,1.64,37.58,46.87,23.47,62.49,LOW,-14.619999999999997
19.97,2.09,28.56,39.21,7.45,13.97,LOW,-11.790000000000003
16.17,2.77,26.63,55.04,21.18,76.35,MODERATE,-17.689999999999998
30.46,0.45,31.24,53.44,3.9,45.32,LOW,-19.08
3.7,3.0,56.54,45.49,1.14,83.98,LOW,-40.650000000000006
29.91,2.77,15.0,27.5,4.41,10.0,HIGH,6.82
6.32,1.34,29.74,23.8,27.76,61.34,MODERATE,10.279999999999998
46.15,5.65,21.8,51.06,7.67,78.63,CRITICAL,2.759999999999998
11.35,3.37,33.68,21.89,43.24,72.57,CRITICAL,32.7
7.91,2.02,55.58,10.19,39.29,74.13,HIGH,37.010000000000005
18.83,3.77,35.09,65.69,6.19,80.88,MODERATE,-40.67
25.52,3.26,62.61,49.99,111.21,77.26,CRITICAL,86.73999999999998
15.86,1.57,26.95,41.27,59.37,51.65,HIGH,33.95999999999999
26.29,0.9,35.21,37.43,12.19,65.19,MODERATE,1.0499999999999972
12.91,0.84,40.32,31.67,14.31,41.4,LOW,-4.450000000000003
13.19,1.92,51.94,27.35,45.65,37.36,HIGH,31.489999999999995
8.03,1.27,42.12,51.54,69.1,61.53,HIGH,25.589999999999996
14.68,0.54,36.39,41.88,26.67,23.64,LOW,-0.5300000000000011
6.69,2.39,37.44,40.79,44.15,69.79,HIGH,10.049999999999997
9.16,2.45,30.08,33.76,7.53,73.55,MODERATE,-17.069999999999997
10.67,5.07,59.63,54.54,8.63,55.0,MODERATE,-35.239999999999995
5.05,5.01,51.79,37.36,28.41,44.62,HIGH,-3.8999999999999986
31.87,1.76,39.26,16.19,14.28,32.46,HIGH,29.959999999999997
18.37,1.3,47.5,39.4,9.75,29.23,LOW,-11.279999999999998
2.33,5.98,55.78,23.67,9.26,57.91,HIGH,-12.080000000000002
66.83,1.17,46.25,28.08,13.77,53.52,CRITICAL,52.519999999999996
56.44,4.23,23.68,32.94,30.15,46.63,CRITICAL,53.650000000000006
12.69,0.95,35.28,33.5,4.17,89.49,LOW,-16.64
16.54,6.12,37.99,42.62,29.71,25.36,CRITICAL,3.6300000000000026
9.12,8.78,81.34,10.12,7.26,77.73,CRITICAL,6.26
30.48,3.63,51.31,33.86,5.51,33.57,HIGH,2.1300000000000026
2.29,2.5,71.91,5.0,13.4,80.75,MODERATE,10.690000000000001
30.96,1.18,38.14,18.24,2.42,85.17,HIGH,15.140000000000004
9.07,1.87,39.43,58.31,19.87,85.79,LOW,-29.37
8.3,1.19,43.97,15.77,66.61,83.42,CRITICAL,59.14
2.09,3.0,49.71,39.76,12.91,50.07,LOW,-24.759999999999998
28.28,1.15,24.3,31.55,14.0,52.28,HIGH,10.73
24.37,2.6,53.14,21.73,46.3,78.17,CRITICAL,48.94
28.26,2.79,48.62,48.48,24.61,38.54,HIGH,4.390000000000008
21.08,0.59,52.08,50.43,20.5,76.73,LOW,-8.850000000000001
9.92,2.76,36.81,52.52,44.97,23.82,MODERATE,2.3699999999999974
16.25,5.19,66.7,47.59,20.68,61.15,HIGH,-10.660000000000004
7.15,4.45,45.27,45.9,5.85,66.18,MODERATE,-32.9
12.46,2.53,66.04,41.67,156.4,91.32,CRITICAL,127.19000000000001
7.05,5.48,47.0,32.06,21.6,46.08,HIGH,-3.41
11.49,4.16,36.41,27.45,0.15,74.7,HIGH,-15.809999999999999
8.41,4.11,33.19,36.27,12.08,43.9,MODERATE,-15.780000000000001
63.31,7.81,40.13,34.35,36.37,45.47,CRITICAL,65.33000000000001
17.49,2.26,33.12,30.76,7.69,59.01,MODERATE,-5.580000000000002
41.81,2.15,34.05,26.18,12.06,52.79,CRITICAL,27.690000000000005
12.34,0.57,15.0,27.98,37.04,82.86,HIGH,21.399999999999995
19.21,0.66,15.0,55.92,10.88,15.89,LOW,-25.83
39.72,0.25,56.91,37.15,20.42,28.75,MODERATE,22.990000000000002
28.84,2.66,48.38,39.26,20.16,40.02,HIGH,9.740000000000002
51.77,2.62,45.17,17.43,6.79,75.14,CRITICAL,41.13
14.96,0.29,76.48,43.21,34.96,44.25,LOW,6.710000000000001
25.02,2.28,48.9,18.67,4.34,95.4,HIGH,10.689999999999998
26.74,4.34,46.59,40.03,5.31,55.0,HIGH,-7.980000000000004
2.67,0.72,15.0,49.94,7.73,44.87,LOW,-39.54
34.59,0.25,42.05,38.59,46.92,28.33,HIGH,42.92
15.38,7.06,39.42,25.33,10.12,52.29,CRITICAL,0.1700000000000017
12.28,3.28,44.96,29.16,10.93,90.47,HIGH,-5.949999999999999
38.39,4.4,42.68,33.45,27.17,75.03,CRITICAL,32.11
18.87,5.78,59.57,28.68,16.53,10.0,HIGH,6.720000000000006
6.43,0.3,58.19,33.01,5.77,24.04,LOW,-20.81
5.44,3.36,57.25,27.24,2.79,88.41,MODERATE,-19.009999999999998
22.18,4.3,43.39,32.01,2.35,93.31,CRITICAL,-7.479999999999997
1.56,3.25,15.0,23.99,56.52,39.31,CRITICAL,34.09
6.42,4.62,43.69,18.09,30.8,48.68,HIGH,19.13
12.88,4.21,61.05,47.1,28.01,76.79,HIGH,-6.210000000000001
22.51,1.2,26.31,31.71,7.08,63.2,MODERATE,-2.1199999999999974
46.64,1.39,46.23,49.6,3.36,86.14,HIGH,0.3999999999999986
37.61,1.58,53.07,24.71,31.61,82.55,CRITICAL,44.51
33.56,4.78,59.12,51.4,4.5,72.22,HIGH,-13.339999999999996
7.19,1.06,48.96,49.88,12.06,33.94,LOW,-30.630000000000003
4.27,1.21,39.65,20.69,11.99,62.76,MODERATE,-4.430000000000003
13.28,1.72,25.74,62.16,32.53,35.94,LOW,-16.349999999999994
6.91,2.74,37.69,31.95,9.79,81.2,MODERATE,-15.25
24.98,4.18,78.4,29.2,19.17,26.03,HIGH,14.950000000000006
18.14,1.76,28.5,39.07,0.36,92.69,MODERATE,-20.57
42.34,6.59,49.76,31.71,19.72,84.75,CRITICAL,30.35
26.06,4.98,42.31,48.52,9.49,76.58,CRITICAL,-12.970000000000006
15.79,8.37,75.37,14.7,2.72,88.09,CRITICAL,3.8099999999999987
6.59,1.29,66.0,64.87,40.41,46.61,LOW,-17.870000000000005
17.15,10.75,64.93,39.94,1.69,63.57,CRITICAL,-21.099999999999998
9.53,6.03,21.19,11.49,2.83,62.77,CRITICAL,0.8699999999999992
28.64,2.0,58.06,53.72,44.64,28.91,HIGH,19.560000000000002
19.64,2.53,38.6,18.68,45.1,62.05,CRITICAL,46.06000000000001
27.22,2.5,45.63,27.73,8.54,97.46,HIGH,8.029999999999998
18.26,2.21,65.6,21.55,3.86,79.49,MODERATE,0.5700000000000003
16.01,3.52,53.63,26.55,16.56,39.67,HIGH,6.02
5.57,3.66,42.88,33.66,8.31,43.12,MODERATE,-19.779999999999994
19.41,6.67,49.42,18.26,57.66,79.35,CRITICAL,58.80999999999999
29.34,2.36,39.13,31.19,26.41,10.0,HIGH,24.56
9.26,2.88,62.9,30.29,26.4,44.31,MODERATE,5.369999999999997
13.0,0.9,59.86,67.21,1.08,91.52,LOW,-53.129999999999995
7.77,3.14,15.0,33.89,60.22,69.79,CRITICAL,34.099999999999994
3.0,3.3,46.86,55.41,38.08,57.28,MODERATE,-14.329999999999998
27.52,3.46,33.53,13.16,13.52,78.4,CRITICAL,27.88
2.47,5.2,39.51,41.3,46.97,68.93,CRITICAL,8.14
8.81,5.65,41.83,36.98,4.27,69.17,HIGH,-23.9
7.79,1.05,47.63,21.57,16.38,46.99,MODERATE,2.599999999999998
48.27,1.9,50.55,35.64,39.48,37.55,CRITICAL,52.11
6.44,2.56,28.65,35.9,10.04,78.93,MODERATE,-19.419999999999998
18.44,5.27,46.93,47.54,12.65,28.86,HIGH,-16.449999999999996
21.63,10.02,67.58,58.39,5.85,74.73,CRITICAL,-30.910000000000004
23.76,4.19,36.35,34.14,19.71,40.34,CRITICAL,9.329999999999998
8.07,4.29,60.06,39.46,6.34,78.96,MODERATE,-25.05
24.67,5.41,56.05,29.2,22.43,44.5,CRITICAL,17.900000000000002
8.26,5.33,46.71,30.65,15.63,85.54,HIGH,-6.759999999999998
14.56,2.13,47.21,49.42,36.32,64.59,MODERATE,1.4600000000000009
6.45,3.11,49.14,28.54,11.91,69.48,MODERATE,-10.18
14.0,2.56,44.83,49.43,4.68,82.05,LOW,-30.75
12.52,2.04,52.84,25.96,24.15,54.59,MODERATE,10.71
7.02,1.39,35.43,38.03,11.54,89.01,LOW,-19.470000000000002
25.47,5.1,42.42,32.23,6.13,65.48,CRITICAL,-0.629999999999999
26.5,1.37,33.08,39.66,15.45,49.76,MODERATE,2.2900000000000063
18.99,1.75,60.47,35.89,10.34,40.91,MODERATE,-6.560000000000002
33.3,2.55,39.94,11.88,40.22,10.0,CRITICAL,61.63999999999999
33.15,1.94,37.75,10.24,0.47,30.68,HIGH,23.379999999999995
16.83,6.12,60.41,31.87,8.47,12.55,HIGH,-6.570000000000004
4.05,3.64,39.91,51.42,13.01,35.83,LOW,-34.36
39.02,5.8,37.21,40.31,6.41,57.88,CRITICAL,5.1200000000000045
20.59,4.03,68.6,35.95,10.03,54.1,MODERATE,-5.330000000000005
11.83,1.89,68.26,54.54,12.76,68.8,LOW,-29.95
13.55,4.38,25.0,12.9,21.22,43.34,CRITICAL,21.869999999999997
11.29,2.62,53.57,63.77,32.33,53.48,LOW,-20.150000000000006
8.21,1.05,37.82,42.12,24.51,89.7,LOW,-9.399999999999999
11.53,1.15,35.91,33.71,74.77,80.21,CRITICAL,52.589999999999996
3.82,1.68,62.35,43.55,29.12,29.82,LOW,-10.61
25.87,3.77,35.22,22.9,35.04,48.66,CRITICAL,38.01
3.6,3.77,35.75,40.11,7.1,16.47,LOW,-29.41
5.4,6.62,66.02,32.23,11.78,27.01,HIGH,-15.049999999999997
13.21,2.78,49.33,5.0,14.19,10.0,HIGH,22.4
36.41,3.71,65.06,36.76,6.57,26.64,HIGH,6.219999999999999
13.44,4.23,27.5,27.65,7.67,80.59,HIGH,-6.539999999999999
9.22,4.48,30.51,53.73,21.08,26.3,MODERATE,-23.43
14.23,4.16,37.1,15.62,11.6,24.28,HIGH,10.209999999999999
7.25,3.76,64.62,37.22,28.25,62.97,MODERATE,-1.7199999999999989
20.14,7.33,30.34,7.34,5.06,69.12,CRITICAL,17.86
1.16,1.52,56.41,46.32,13.11,91.29,LOW,-32.05
12.39,7.47,21.73,37.85,12.9,19.13,CRITICAL,-12.560000000000002
27.04,3.34,34.24,27.49,25.73,27.01,CRITICAL,25.279999999999998
31.36,1.36,31.9,22.92,0.74,59.43,HIGH,9.18
45.11,3.9,55.31,54.06,22.02,71.8,CRITICAL,13.069999999999993
3.27,5.49,35.11,27.08,39.25,18.16,CRITICAL,15.440000000000005
57.16,3.89,59.58,30.86,43.86,10.0,CRITICAL,70.16
18.75,3.96,49.52,30.16,8.83,31.95,HIGH,-2.580000000000002
21.26,5.22,58.74,39.82,15.56,54.13,HIGH,-3.0
51.57,7.43,55.04,34.74,1.07,10.0,CRITICAL,17.9
22.51,2.53,39.72,52.13,30.14,36.54,MODERATE,0.5200000000000031
18.82,5.07,53.93,25.16,2.84,49.77,HIGH,-3.5
5.74,2.48,33.82,27.51,9.16,40.57,MODERATE,-12.610000000000001
17.87,0.82,43.69,23.69,67.38,97.77,CRITICAL,61.56
7.83,2.8,45.63,49.45,4.93,86.89,LOW,-36.690000000000005
6.14,0.7,26.24,30.6,0.43,17.7,LOW,-24.03
6.28,8.76,31.85,41.53,9.78,58.87,CRITICAL,-25.470000000000002
5.05,2.63,41.49,26.51,40.99,27.53,HIGH,19.529999999999998
12.54,3.26,66.47,33.37,42.43,78.82,HIGH,21.6
3.48,1.18,80.17,27.92,2.91,36.7,LOW,-21.53
29.84,1.51,16.93,30.09,7.95,87.48,HIGH,7.699999999999999
9.97,5.0,19.52,41.81,16.53,90.44,HIGH,-15.310000000000002
10.39,4.0,71.97,61.66,37.76,22.74,MODERATE,-13.509999999999998
15.06,4.7,45.53,33.02,12.88,42.48,HIGH,-5.080000000000002
38.53,3.98,17.99,14.42,16.17,67.19,CRITICAL,40.28
27.98,3.4,42.29,15.15,14.13,46.31,CRITICAL,26.96
29.83,1.86,30.51,47.42,42.84,21.92,HIGH,25.25
11.77,2.88,37.68,27.08,4.75,78.21,MODERATE,-10.559999999999999
30.48,0.93,32.67,8.63,7.61,72.28,HIGH,29.46
7.48,2.24,40.17,30.79,11.11,48.05,LOW,-12.2
7.56,3.59,43.12,48.06,18.83,43.48,MODERATE,-21.670000000000005
22.18,0.65,45.92,31.34,4.99,24.84,LOW,-4.169999999999998
17.82,4.21,32.41,33.98,54.33,56.76,CRITICAL,38.17000000000001
46.1,4.03,52.06,5.0,17.33,79.89,CRITICAL,58.43
8.07,1.67,66.84,42.49,7.56,56.88,LOW,-26.860000000000003
27.81,0.97,57.81,34.66,20.85,52.84,MODERATE,14.0
3.48,6.77,50.01,10.71,35.09,56.3,CRITICAL,27.86
15.62,1.75,29.3,32.85,9.16,30.56,LOW,-8.07
30.18,1.28,38.46,21.89,19.82,83.92,CRITICAL,28.11
21.26,7.51,48.26,28.68,14.59,27.1,CRITICAL,7.170000000000002
6.66,2.71,58.04,39.03,18.21,75.46,LOW,-14.16
3.38,5.5,45.13,59.12,7.45,21.35,LOW,-48.29
9.13,0.25,61.64,48.28,11.03,59.49,LOW,-28.12
36.63,5.59,52.02,30.85,25.98,30.62,CRITICAL,31.759999999999998
22.92,7.94,38.4,52.81,7.14,56.02,CRITICAL,-22.75
33.94,1.49,36.97,37.75,36.87,51.44,HIGH,33.06
33.45,1.42,31.88,53.82,2.22,87.91,MODERATE,-18.15
10.25,0.82,33.41,42.85,30.09,70.89,LOW,-2.509999999999998
2.82,2.3,45.38,28.42,46.39,10.0,MODERATE,20.79
15.78,0.9,36.48,38.42,30.33,32.96,MODERATE,7.689999999999998
27.36,1.96,22.86,33.92,23.92,77.72,CRITICAL,17.36
7.83,1.56,48.91,32.89,19.94,35.8,LOW,-5.119999999999997
7.37,1.63,31.42,22.45,10.69,28.99,LOW,-4.390000000000001
14.73,3.96,35.11,36.41,17.66,57.72,HIGH,-4.019999999999996
10.65,5.28,53.34,61.72,3.76,71.21,MODERATE,-47.31
8.83,9.91,49.61,58.0,33.89,76.24,CRITICAL,-15.280000000000001
18.67,1.44,82.03,48.06,0.94,53.79,LOW,-28.45
5.04,0.9,15.0,37.58,4.32,43.63,LOW,-28.22
6.41,4.19,56.61,12.4,47.46,95.88,CRITICAL,41.470000000000006
26.49,0.69,36.51,35.34,8.56,51.77,MODERATE,-0.29000000000000625
72.87,1.17,15.0,16.84,22.77,83.48,CRITICAL,78.8
12.16,1.71,65.46,64.18,2.59,82.8,LOW,-49.43000000000001
1.85,1.73,34.95,49.53,5.51,76.87,LOW,-42.17
21.19,2.86,71.28,54.13,12.13,59.15,LOW,-20.810000000000002
12.31,5.4,38.96,46.47,25.78,26.59,HIGH,-8.379999999999995
13.87,2.64,34.89,76.51,7.35,65.33,LOW,-55.290000000000006
13.8,2.55,66.17,39.63,2.6,73.32,MODERATE,-23.23
2.45,1.21,46.28,35.75,8.84,74.4,LOW,-24.46
9.61,0.9,52.75,12.83,12.69,95.11,MODERATE,9.469999999999997
10.46,3.18,71.32,24.71,9.86,10.0,MODERATE,-4.390000000000001
23.5,0.25,37.29,38.97,19.68,62.62,MODERATE,4.210000000000001
18.92,3.48,38.67,44.11,12.74,49.95,HIGH,-12.449999999999996
34.02,3.76,36.12,39.57,13.99,51.25,CRITICAL,8.440000000000005
11.1,4.57,25.35,38.94,1.62,59.03,MODERATE,-26.22
3.67,1.24,74.38,62.83,17.52,68.72,LOW,-41.64
11.92,4.55,50.35,43.16,9.8,21.53,MODERATE,-21.439999999999998
4.34,2.78,60.98,21.07,4.92,63.23,MODERATE,-11.81
4.43,1.93,43.36,50.05,0.19,28.61,LOW,-45.43
2.8,4.76,61.59,36.18,12.33,98.0,MODERATE,-21.05
20.33,3.71,37.78,33.43,25.36,54.12,HIGH,12.259999999999998
22.28,3.13,74.26,35.87,1.23,61.08,MODERATE,-12.359999999999996
14.3,1.78,44.63,34.76,1.68,79.62,LOW,-18.779999999999998
16.43,1.13,46.48,45.24,4.61,78.77,LOW,-24.200000000000003
7.55,8.41,41.9,58.7,1.02,87.32,CRITICAL,-50.13
13.83,2.49,58.25,61.16,54.38,72.36,MODERATE,7.050000000000011
10.4,1.32,48.33,58.25,21.28,76.67,LOW,-26.57
15.6,1.53,67.02,44.53,5.58,37.17,LOW,-23.35
17.03,2.57,44.93,29.86,4.27,13.33,MODERATE,-8.559999999999999
27.14,1.28,48.29,56.86,22.16,39.2,LOW,-7.560000000000002
38.42,2.64,54.44,61.48,5.91,82.93,HIGH,-17.15
8.98,3.82,32.17,30.31,28.45,86.27,CRITICAL,7.120000000000001
12.15,6.59,71.65,23.96,10.05,48.52,HIGH,-1.759999999999998
15.34,0.76,58.02,36.19,4.1,42.35,LOW,-16.75
13.41,7.96,54.27,43.29,5.16,16.57,HIGH,-24.72
23.97,4.01,58.56,39.97,34.19,21.67,HIGH,18.189999999999998
6.98,2.64,44.11,41.54,2.07,54.03,LOW,-32.489999999999995
15.46,2.99,71.53,43.19,19.92,85.59,MODERATE,-7.809999999999995
3.13,1.75,37.88,39.26,9.89,82.05,LOW,-26.24
2.75,1.66,27.3,22.15,6.52,56.68,LOW,-12.879999999999999
23.77,10.76,63.47,45.81,31.76,22.11,CRITICAL,9.719999999999999
21.64,2.02,51.08,64.86,6.89,81.21,LOW,-36.33
6.91,3.39,52.18,5.0,6.93,29.93,HIGH,8.84
8.81,0.57,34.96,30.95,5.41,50.75,LOW,-16.729999999999997
6.52,2.0,35.81,30.71,16.32,25.34,LOW,-7.870000000000001
32.63,1.28,56.82,37.9,10.25,90.41,HIGH,4.980000000000004
9.33,2.02,47.7,31.32,19.62,98.0,MODERATE,-2.3699999999999974
20.63,6.86,29.61,19.72,2.02,87.18,CRITICAL,2.9299999999999997
12.49,3.31,51.0,63.16,17.6,68.95,MODERATE,-33.06999999999999
5.12,0.75,26.95,31.14,3.65,36.32,LOW,-22.37
9.5,2.46,33.02,48.66,68.3,51.27,HIGH,29.14
10.73,1.71,46.14,58.25,7.21,74.57,LOW,-40.31
10.76,2.64,32.23,45.45,5.22,93.78,MODERATE,-29.470000000000002
14.85,3.55,60.82,19.23,15.05,81.92,HIGH,10.669999999999998
5.91,0.55,48.9,20.9,1.65,43.59,LOW,-13.339999999999998
8.67,1.64,19.41,50.66,46.24,50.69,MODERATE,4.250000000000007
15.98,3.75,18.48,31.83,4.83,35.91,HIGH,-11.019999999999996
15.95,1.74,46.97,33.6,16.34,72.49,MODERATE,-1.3100000000000023
6.85,2.75,50.32,38.0,4.97,94.74,MODERATE,-26.18
5.81,2.66,42.69,50.21,23.47,10.92,LOW,-20.930000000000003
5.09,1.02,15.99,38.46,9.99,45.61,LOW,-23.380000000000003
29.63,4.73,31.11,38.24,5.93,92.05,CRITICAL,-2.6799999999999997
11.6,2.19,56.07,56.9,12.04,54.92,LOW,-33.26
2.27,1.73,24.27,24.51,10.01,85.61,LOW,-12.230000000000002
8.46,2.69,48.83,30.5,1.54,84.39,LOW,-20.5
9.19,6.62,15.7,48.51,3.88,49.66,CRITICAL,-35.44
3.69,1.48,50.98,39.12,2.54,71.8,LOW,-32.89
14.22,2.74,36.69,31.4,14.66,57.41,MODERATE,-2.519999999999996
18.32,0.86,57.8,40.2,39.56,56.79,MODERATE,17.68
5.34,2.66,15.0,35.62,1.21,54.04,LOW,-29.069999999999997
12.79,3.28,38.48,6.6,13.14,14.77,HIGH,19.33
7.26,2.88,23.72,37.77,7.46,66.69,MODERATE,-23.050000000000004
19.37,3.29,54.36,54.7,4.16,47.16,LOW,-31.17
3.7,1.09,56.19,31.9,1.6,38.13,LOW,-26.599999999999998
5.82,4.36,60.02,31.48,4.74,51.26,MODERATE,-20.92
8.3,4.11,47.14,40.09,76.12,79.94,CRITICAL,44.33
6.66,2.98,26.56,46.42,16.27,83.94,MODERATE,-23.490000000000002
5.95,7.79,21.04,40.8,11.66,93.15,CRITICAL,-23.189999999999998
20.15,1.05,28.69,9.98,1.99,47.12,MODERATE,12.159999999999997
19.73,3.21,36.77,37.75,15.05,30.85,HIGH,-2.969999999999999
12.31,5.79,49.38,27.62,5.39,60.49,HIGH,-9.920000000000002
8.51,1.89,51.85,45.16,0.48,11.74,LOW,-36.169999999999995
1.96,2.73,40.67,24.77,12.07,62.44,MODERATE,-10.739999999999998
24.24,1.0,36.23,5.0,14.31,40.14,HIGH,33.55
12.53,3.62,40.45,71.81,7.0,55.91,LOW,-52.28
27.82,5.17,49.76,38.2,54.73,66.55,CRITICAL,44.349999999999994
28.24,0.66,57.46,70.64,3.58,54.96,LOW,-38.82
13.03,6.89,53.39,49.79,28.9,94.91,CRITICAL,-7.859999999999999
16.29,1.38,35.73,35.41,58.88,58.65,HIGH,39.760000000000005
31.26,1.76,35.3,46.8,29.74,50.57,HIGH,14.200000000000003
17.99,1.58,15.0,52.6,65.32,67.85,CRITICAL,30.709999999999987
7.46,2.18,65.69,21.47,5.08,44.67,LOW,-8.93
5.19,2.66,47.3,19.24,7.37,68.66,MODERATE,-6.679999999999998
19.14,2.81,41.82,44.81,21.86,88.81,HIGH,-3.8100000000000023
19.77,1.02,67.77,44.21,1.39,45.87,LOW,-23.05
9.82,3.36,48.99,51.17,44.8,68.17,MODERATE,3.4499999999999957
29.58,6.24,54.3,11.55,4.82,45.11,CRITICAL,22.849999999999998
9.24,0.25,36.45,32.88,33.29,73.47,LOW,9.649999999999999
29.47,2.44,46.74,68.48,16.76,30.05,MODERATE,-22.25
10.51,4.92,23.8,53.1,35.92,94.15,CRITICAL,-6.670000000000002
12.11,1.13,28.37,36.61,19.52,42.9,MODERATE,-4.98
7.64,0.84,48.43,48.58,44.52,89.36,MODERATE,3.5800000000000054
42.06,5.53,42.56,44.92,15.04,84.77,CRITICAL,12.18
7.47,6.06,15.0,36.82,10.57,10.65,HIGH,-18.78
38.37,1.67,37.82,49.02,2.82,96.28,HIGH,-7.830000000000005
13.68,0.39,77.03,41.8,6.66,53.97,LOW,-21.459999999999997
26.2,2.27,35.24,18.4,14.51,97.5,CRITICAL,22.310000000000002
7.04,0.25,37.95,5.0,10.22,48.12,LOW,12.260000000000002
11.41,2.72,53.29,46.92,14.69,52.41,LOW,-20.82
10.52,0.25,41.73,66.22,9.77,22.51,LOW,-45.93
15.06,3.89,44.38,29.51,7.45,52.93,HIGH,-7.0
11.29,2.34,66.93,59.37,5.13,85.29,LOW,-42.95
10.67,1.53,23.74,38.84,27.71,39.45,MODERATE,-0.46000000000000085
9.56,1.7,28.44,48.66,2.96,59.26,LOW,-36.14
14.14,2.29,64.53,61.16,5.37,69.7,LOW,-41.64999999999999
24.42,2.56,33.89,51.94,13.3,72.03,HIGH,-14.219999999999999
12.38,3.02,39.16,23.91,14.66,96.75,HIGH,3.129999999999999
0.87,8.12,71.63,60.73,33.75,62.34,HIGH,-26.11
38.68,4.49,28.39,21.84,19.88,38.24,CRITICAL,36.72
29.33,1.39,34.35,30.44,48.38,61.18,CRITICAL,47.27000000000001
29.58,2.91,75.68,46.77,13.81,11.81,MODERATE,-3.3800000000000026
13.41,2.73,31.14,35.17,9.96,70.82,HIGH,-11.8
2.13,0.98,69.12,40.84,7.71,25.44,LOW,-31.000000000000004
12.87,0.25,41.61,22.7,24.6,90.31,MODERATE,14.77
7.02,7.01,38.17,16.42,27.8,85.12,CRITICAL,18.4
56.5,2.87,29.28,43.73,9.42,93.35,CRITICAL,22.190000000000005
8.64,6.02,75.83,39.16,23.78,45.86,HIGH,-6.739999999999995
9.37,0.94,32.1,34.41,0.44,86.05,LOW,-24.599999999999998
13.47,6.49,60.38,66.97,34.52,26.09,MODERATE,-18.979999999999997
49.45,2.84,41.29,22.82,1.96,47.56,CRITICAL,28.590000000000003
11.62,1.81,53.99,23.53,25.73,47.74,MODERATE,13.82
6.56,3.65,31.74,5.0,12.67,61.44,HIGH,14.23
9.05,3.34,33.03,5.0,37.75,67.89,CRITICAL,41.8
8.93,9.79,47.36,14.71,47.58,44.66,CRITICAL,41.8
21.91,2.26,43.46,18.57,10.51,64.24,HIGH,13.850000000000001
7.49,4.38,44.83,40.47,10.75,60.75,MODERATE,-22.229999999999997
21.51,5.59,42.75,36.32,13.1,10.0,HIGH,-1.7100000000000009
51.15,0.35,33.35,44.98,18.93,48.38,HIGH,25.1
3.16,3.68,43.53,37.36,30.21,39.24,MODERATE,-3.989999999999995
13.67,2.86,38.35,41.45,8.13,23.92,LOW,-19.650000000000002
29.91,0.77,22.97,30.21,5.3,80.95,HIGH,5.0
3.99,4.04,71.17,51.64,5.47,58.3,LOW,-42.18
7.6,6.26,49.71,14.53,11.86,45.16,CRITICAL,4.9300000000000015
19.9,2.6,36.22,20.72,33.33,41.49,HIGH,32.51
3.01,2.1,44.36,36.47,0.65,65.44,LOW,-32.81
23.57,3.01,62.68,10.02,33.28,90.46,CRITICAL,46.83
8.54,0.62,69.22,33.16,0.71,90.13,LOW,-23.909999999999997
15.96,0.52,22.51,34.92,13.22,60.84,LOW,-5.740000000000002
24.86,1.68,60.52,14.61,2.72,36.95,MODERATE,12.969999999999999
14.79,4.37,53.98,46.73,14.47,94.33,HIGH,-17.47
27.55,2.09,42.97,34.35,20.6,41.91,HIGH,13.800000000000004
21.69,5.02,47.76,10.53,14.43,48.09,CRITICAL,25.590000000000003
17.41,2.78,61.33,44.07,76.52,29.66,HIGH,49.85999999999999
16.08,6.36,54.47,61.88,13.59,39.44,HIGH,-32.21000000000001
18.38,5.81,61.29,28.4,0.73,28.89,HIGH,-9.29
39.4,6.03,42.15,15.72,5.39,76.58,CRITICAL,29.07
7.85,0.57,45.69,27.38,3.2,58.77,LOW,-16.33
27.17,3.22,38.24,24.26,6.06,59.67,HIGH,8.970000000000002
12.69,2.18,15.0,39.6,3.93,91.55,MODERATE,-22.98
35.52,2.7,25.25,44.69,30.64,34.53,CRITICAL,21.47
13.96,1.75,24.25,64.8,7.91,46.06,LOW,-42.92999999999999
0.36,0.69,59.73,22.0,24.11,45.94,LOW,2.469999999999999
8.45,12.17,46.11,34.1,19.06,30.37,CRITICAL,-6.590000000000003
17.03,7.08,56.4,29.08,7.35,76.51,CRITICAL,-4.699999999999996
31.35,0.9,39.89,14.4,36.25,98.0,CRITICAL,53.199999999999996
1.2,1.44,44.09,35.47,25.87,72.9,LOW,-8.399999999999999
9.26,2.2,34.72,43.44,12.13,22.0,LOW,-22.049999999999997
15.5,0.3,33.47,41.49,141.1,51.69,CRITICAL,115.10999999999999
4.37,1.08,26.3,30.36,20.88,53.1,LOW,-5.109999999999999
18.82,2.89,40.46,36.81,136.87,33.01,CRITICAL,118.88
17.9,5.86,56.86,21.77,13.39,41.74,CRITICAL,9.52
3.06,2.27,33.22,33.83,7.27,46.51,LOW,-23.5
15.49,3.99,38.93,39.55,11.1,34.53,HIGH,-12.959999999999997
5.91,3.4,31.0,48.27,13.42,11.18,LOW,-28.940000000000005
3.15,0.56,48.03,26.23,52.77,92.2,MODERATE,29.69
11.18,0.96,26.57,40.6,3.67,21.38,LOW,-25.75
3.7,2.06,48.83,38.3,14.09,33.12,LOW,-20.509999999999998
6.42,4.64,33.97,47.44,48.57,49.04,HIGH,7.550000000000004
17.85,1.97,64.05,35.03,31.39,71.99,MODERATE,14.21
20.56,3.09,41.5,36.42,27.47,58.37,HIGH,11.61
22.26,3.29,66.42,48.75,20.41,58.68,MODERATE,-6.079999999999998
29.9,2.91,54.79,48.97,37.21,62.29,HIGH,18.14
4.37,0.69,85.24,33.89,19.64,63.47,LOW,-9.879999999999999
17.06,1.8,54.87,32.77,18.44,88.72,MODERATE,2.729999999999997
17.53,1.49,69.21,15.06,10.26,45.19,MODERATE,12.729999999999999
11.08,2.67,52.41,46.3,16.86,42.43,LOW,-18.36
39.09,0.47,43.37,22.73,31.9,13.25,HIGH,48.260000000000005
13.21,2.05,15.0,42.71,17.07,68.29,MODERATE,-12.43
8.78,3.15,27.62,41.78,7.26,94.25,MODERATE,-25.740000000000002
8.22,2.2,30.08,44.94,26.22,23.14,MODERATE,-10.5
10.46,1.55,58.68,31.88,32.97,27.05,MODERATE,11.55
10.15,1.72,52.14,30.67,2.19,31.25,LOW,-18.330000000000002
9.35,1.13,15.0,57.16,0.49,71.57,LOW,-47.31999999999999
17.4,1.67,73.34,33.4,30.93,48.98,MODERATE,14.93
47.03,1.24,36.46,12.63,5.93,37.56,CRITICAL,40.33
3.69,0.25,53.07,39.61,1.5,73.01,LOW,-34.42
8.02,0.42,32.74,28.74,12.35,61.18,LOW,-8.370000000000001
6.93,2.71,46.47,44.52,20.17,86.02,MODERATE,-17.42
11.75,1.83,18.67,61.18,0.23,57.06,LOW,-49.2
20.88,2.69,46.35,22.43,5.51,42.71,HIGH,3.960000000000001
32.31,2.89,52.13,40.66,2.4,57.05,HIGH,-5.949999999999996
47.8,2.09,58.55,27.57,2.77,18.62,HIGH,23.0
23.76,1.34,21.58,5.0,17.58,78.93,CRITICAL,36.34
40.3,0.8,65.72,45.62,8.81,78.82,MODERATE,3.490000000000002
12.7,3.74,39.42,35.13,3.18,89.4,HIGH,-19.250000000000004
39.88,4.95,48.14,19.67,26.09,10.65,CRITICAL,46.3
11.29,7.75,20.87,53.98,9.55,66.52,CRITICAL,-33.14
5.31,4.22,60.98,31.8,11.28,68.57,MODERATE,-15.21
9.32,0.32,27.22,26.02,30.85,90.8,MODERATE,14.150000000000002
5.65,1.54,38.63,34.25,75.3,72.79,CRITICAL,46.7
5.68,3.88,30.73,41.99,14.28,75.43,MODERATE,-22.03
11.64,1.49,46.81,17.86,34.73,69.88,HIGH,28.509999999999998
35.46,3.02,51.35,26.8,36.7,50.79,CRITICAL,45.36
17.9,4.93,65.51,19.53,10.31,10.0,HIGH,8.68
18.42,5.46,60.67,23.45,22.13,57.08,CRITICAL,17.099999999999998
9.14,1.88,17.85,43.92,3.98,29.58,LOW,-30.8
7.99,7.49,44.22,24.89,6.65,95.91,CRITICAL,-10.25
6.23,1.18,40.61,14.94,45.54,72.53,HIGH,36.83
10.99,3.44,45.37,18.52,23.05,64.51,HIGH,15.52
8.15,1.75,53.04,38.64,58.21,73.17,HIGH,27.72
32.97,2.43,64.43,39.02,77.67,51.46,CRITICAL,71.62
7.96,2.25,51.0,21.33,13.33,54.63,MODERATE,-0.03999999999999915
11.09,2.11,51.35,47.58,2.35,74.92,LOW,-34.14
14.9,1.15,68.7,35.25,9.17,38.96,LOW,-11.18
16.61,5.6,61.86,39.06,70.61,66.69,CRITICAL,48.16
3.34,2.43,49.58,32.99,5.89,61.46,LOW,-23.76
17.41,1.94,33.22,55.78,13.54,77.13,MODERATE,-24.830000000000002
12.03,5.59,68.59,43.0,19.13,51.52,MODERATE,-11.840000000000003
24.92,9.15,27.64,22.84,4.87,36.68,CRITICAL,6.950000000000003
25.24,1.01,60.69,29.49,6.53,64.25,MODERATE,2.280000000000001
23.22,3.54,77.61,19.29,33.3,35.88,HIGH,37.23
42.63,5.62,39.07,28.39,6.16,26.98,CRITICAL,20.400000000000006
5.18,2.22,55.36,46.29,22.19,56.29,LOW,-18.919999999999998
17.66,2.42,66.32,47.16,18.41,94.31,MODERATE,-11.089999999999996
19.7,1.74,50.24,53.08,95.73,88.35,CRITICAL,62.35000000000001
8.79,5.81,27.81,18.06,20.31,83.87,CRITICAL,11.04
36.17,3.25,48.1,59.15,47.61,18.31,HIGH,24.630000000000003
38.4,2.42,21.09,52.15,16.36,54.06,CRITICAL,2.6099999999999994
16.97,3.65,37.54,13.63,4.45,98.0,CRITICAL,7.789999999999997
12.41,1.54,55.53,45.42,15.45,46.24,LOW,-17.560000000000002
11.53,3.66,62.27,20.96,4.03,23.95,MODERATE,-5.400000000000002
8.58,3.46,54.31,13.62,26.31,43.74,HIGH,21.270000000000003
18.43,5.92,57.23,35.24,63.65,46.57,CRITICAL,46.839999999999996
39.14,4.6,51.14,29.55,3.96,95.32,CRITICAL,13.55
8.03,0.46,43.62,31.67,5.89,63.46,LOW,-17.750000000000004
6.42,1.8,32.3,39.91,3.46,76.06,LOW,-30.029999999999998
9.98,5.42,44.22,37.59,16.85,86.63,CRITICAL,-10.760000000000002
2.54,5.73,48.28,27.85,14.14,95.46,HIGH,-11.170000000000002
4.11,4.78,26.01,17.49,4.13,79.51,HIGH,-9.249999999999998
19.17,2.6,59.89,40.59,1.37,60.98,MODERATE,-20.05
17.28,6.54,53.73,63.63,25.76,84.52,CRITICAL,-20.589999999999996
27.92,1.86,45.91,39.96,23.74,89.56,HIGH,11.699999999999996
15.28,1.63,45.41,52.01,18.72,49.79,MODERATE,-18.009999999999998
13.81,3.87,67.14,38.58,59.34,10.0,HIGH,34.57000000000001
18.7,1.52,22.52,24.8,2.1,46.24,MODERATE,-4.0
16.64,2.04,42.8,31.66,15.17,34.8,MODERATE,0.15000000000000213
2.23,5.67,53.41,40.44,2.77,76.39,MODERATE,-35.44
6.8,3.61,77.51,47.58,68.01,83.17,HIGH,27.230000000000004
5.42,1.93,43.06,28.84,1.5,68.82,LOW,-21.92
2.9,1.47,33.88,50.83,10.5,92.0,LOW,-37.43
2.22,3.06,66.65,12.01,29.16,80.73,HIGH,19.369999999999997
6.86,1.38,51.33,12.58,3.01,87.28,MODERATE,-2.709999999999999
22.79,4.35,30.81,56.43,16.28,24.2,HIGH,-17.36
30.64,1.73,65.11,66.08,11.63,30.06,LOW,-23.809999999999995
25.83,2.99,69.53,32.44,0.91,63.81,MODERATE,-5.699999999999999
3.27,2.15,60.34,37.35,18.22,67.39,LOW,-15.860000000000003
20.26,4.45,40.86,41.4,12.05,15.04,HIGH,-9.089999999999996
25.34,2.07,44.12,44.35,43.81,81.97,CRITICAL,24.800000000000004
31.61,2.68,48.02,34.79,38.71,77.39,CRITICAL,35.529999999999994
21.48,1.2,39.07,25.64,1.46,68.73,MODERATE,-2.6999999999999993
16.97,3.36,32.15,6.49,18.5,75.12,CRITICAL,28.979999999999997
8.55,2.45,41.58,44.6,45.84,69.88,HIGH,9.79
8.22,5.06,40.88,34.22,8.05,42.0,HIGH,-17.949999999999996
9.54,0.31,27.31,38.85,8.12,42.62,LOW,-21.190000000000005
0.48,1.49,47.13,42.34,8.27,82.02,LOW,-33.59
24.34,4.64,25.8,15.29,4.12,59.74,CRITICAL,13.170000000000002
18.89,2.54,55.99,57.82,103.59,76.99,CRITICAL,64.66
19.39,8.38,37.5,30.73,27.42,86.91,CRITICAL,16.080000000000002
26.97,1.22,33.68,32.24,4.73,24.0,MODERATE,-0.5400000000000027
18.23,2.09,73.55,35.45,4.93,43.73,LOW,-12.290000000000003
32.72,1.48,50.88,12.0,3.96,86.88,CRITICAL,24.68
3.42,7.39,35.6,41.68,35.81,28.29,CRITICAL,-2.4499999999999957
12.69,4.11,31.4,73.53,9.97,63.29,MODERATE,-50.870000000000005
2.54,0.7,30.14,40.36,22.18,44.41,LOW,-15.64
2.71,2.45,40.96,46.92,9.7,41.81,LOW,-34.510000000000005
23.58,2.6,53.35,52.78,24.59,83.98,HIGH,-4.609999999999999
24.69,2.41,39.56,40.13,1.31,48.36,MODERATE,-14.130000000000003
6.13,3.49,29.01,29.65,14.46,11.34,MODERATE,-9.059999999999999
6.48,3.55,79.54,46.77,29.42,77.79,MODERATE,-10.869999999999997
11.24,4.45,31.14,49.92,37.03,58.06,HIGH,-1.6499999999999986
17.41,4.39,37.12,52.26,3.81,53.3,MODERATE,-31.04
3.24,2.0,35.41,35.48,27.97,74.42,MODERATE,-4.269999999999996
2.61,1.93,41.52,25.14,18.01,12.44,LOW,-4.52
1.63,8.02,53.32,44.92,20.12,16.02,HIGH,-23.17
20.38,1.34,52.57,35.83,16.22,66.12,MODERATE,0.769999999999996
3.59,4.87,52.57,9.07,44.65,30.04,CRITICAL,39.169999999999995
11.75,0.61,67.49,33.34,7.9,77.0,LOW,-13.690000000000005
5.28,3.62,32.01,35.17,24.12,62.59,MODERATE,-5.77
18.77,4.63,45.2,46.57,34.24,10.15,HIGH,6.440000000000005
8.67,9.06,29.95,24.12,38.69,70.54,CRITICAL,23.24
9.98,1.35,75.56,46.78,31.99,48.07,LOW,-4.810000000000002
20.6,3.0,52.67,39.03,9.4,50.12,MODERATE,-9.030000000000001
1.6,0.96,42.55,22.51,13.78,27.26,LOW,-7.130000000000003
5.13,1.59,15.0,40.56,24.47,22.25,LOW,-10.960000000000004
2.67,1.69,63.06,55.77,17.88,37.8,LOW,-35.220000000000006
28.37,2.72,61.43,56.73,9.48,57.48,MODERATE,-18.879999999999995
17.06,5.86,57.75,59.84,1.71,22.65,MODERATE,-41.07000000000001
37.06,4.62,67.76,45.47,39.74,76.55,CRITICAL,31.330000000000013
14.47,6.59,49.94,43.23,3.8,33.15,HIGH,-24.959999999999997
37.2,4.32,30.98,36.25,1.24,27.58,CRITICAL,2.190000000000005
3.07,8.09,30.65,13.32,18.48,98.0,CRITICAL,8.23
65.27,5.74,38.25,27.13,8.24,91.1,CRITICAL,46.379999999999995
2.32,4.08,31.34,28.58,21.0,54.91,MODERATE,-5.259999999999998
18.48,3.44,74.77,26.45,41.24,85.32,CRITICAL,33.269999999999996
25.95,0.59,52.53,23.59,11.2,70.21,HIGH,13.559999999999999
11.77,3.45,52.39,27.58,19.54,12.32,MODERATE,3.7300000000000004
42.75,1.16,37.28,35.11,18.77,74.79,CRITICAL,26.409999999999997
12.05,2.59,31.03,33.36,2.03,51.52,MODERATE,-19.28
6.05,4.05,31.61,31.87,11.28,94.95,HIGH,-14.540000000000003
18.08,2.37,31.36,39.84,15.27,56.11,HIGH,-6.490000000000009
5.47,1.38,57.7,36.52,10.49,83.76,LOW,-20.560000000000002
9.45,4.21,46.57,35.23,14.24,82.32,HIGH,-11.54
8.61,1.69,56.79,47.36,11.84,20.12,LOW,-26.91
16.77,2.84,46.78,30.54,2.78,42.92,MODERATE,-10.989999999999998
6.58,2.79,42.99,34.51,20.05,74.43,MODERATE,-7.8799999999999955
6.55,1.76,27.74,31.0,11.3,79.38,MODERATE,-13.149999999999999
11.59,2.09,24.8,21.12,28.52,78.64,HIGH,18.99
19.11,4.95,34.06,7.64,14.91,90.71,CRITICAL,26.379999999999995
7.62,6.19,58.17,30.77,0.49,88.96,HIGH,-22.66
18.88,4.98,44.06,42.64,17.56,91.46,CRITICAL,-6.200000000000003
4.4,3.6,44.45,22.07,36.68,89.92,HIGH,19.009999999999998
24.61,6.49,34.9,24.93,1.07,83.05,CRITICAL,0.75
41.92,2.65,60.97,20.5,7.16,69.17,CRITICAL,28.58
14.85,0.85,69.62,27.15,1.91,81.28,LOW,-10.39
3.41,1.97,58.47,38.01,3.92,13.54,LOW,-30.68
23.72,2.54,58.6,49.68,6.04,86.17,MODERATE,-19.92
42.63,2.08,21.81,29.04,9.45,91.08,CRITICAL,23.04
15.95,4.13,72.84,64.51,67.37,85.33,HIGH,18.810000000000002
23.33,1.32,24.18,53.44,0.11,10.0,LOW,-30.0
4.41,0.72,52.49,43.54,4.31,91.12,LOW,-34.82
15.12,0.95,46.2,29.15,45.14,58.3,HIGH,31.11
22.04,4.13,53.58,29.87,25.96,10.26,HIGH,18.13
7.5,2.59,24.01,20.7,39.16,37.84,HIGH,25.959999999999997
10.67,1.77,37.14,28.86,9.35,44.8,LOW,-8.84
24.71,2.84,15.0,33.57,65.68,11.17,CRITICAL,56.820000000000014
25.85,0.97,37.67,8.83,38.6,66.47,CRITICAL,55.620000000000005
11.09,1.23,49.33,51.89,10.19,87.93,LOW,-30.61
7.28,3.19,57.68,31.41,17.94,85.55,MODERATE,-6.189999999999998
5.43,1.09,48.25,42.47,29.32,89.98,LOW,-7.719999999999999
14.23,2.46,59.06,49.07,40.25,78.0,MODERATE,5.410000000000004
11.78,4.17,34.72,5.0,23.22,66.26,CRITICAL,30.0
17.19,0.95,54.07,8.82,0.49,47.51,MODERATE,8.86
8.32,4.57,35.91,34.69,8.88,90.84,HIGH,-17.489999999999995
4.57,0.67,71.67,42.04,17.95,43.3,LOW,-19.52
4.73,6.8,46.61,16.58,24.51,62.99,CRITICAL,12.660000000000004
7.96,6.52,66.53,20.93,10.28,33.14,HIGH,-2.6900000000000013
32.89,5.7,56.14,23.19,15.31,81.2,CRITICAL,25.01
2.67,1.26,53.23,35.02,25.18,72.83,LOW,-7.170000000000002
4.7,2.69,18.48,43.59,42.22,51.77,HIGH,3.3299999999999983
24.51,2.88,42.28,66.55,40.35,14.16,MODERATE,-1.6899999999999977
6.95,3.38,59.16,33.45,46.1,51.86,HIGH,19.6
8.4,2.6,44.75,14.91,3.47,80.48,HIGH,-3.039999999999999
11.52,3.14,34.66,61.22,2.74,31.83,LOW,-46.96
10.72,3.57,52.41,27.67,5.97,36.99,MODERATE,-10.98
6.62,2.94,57.37,17.46,35.63,80.43,HIGH,24.79
22.99,2.89,31.42,36.08,2.48,34.36,MODERATE,-10.61
7.88,1.25,35.23,5.0,19.4,56.73,HIGH,22.279999999999998
7.43,4.27,70.52,42.11,16.78,86.45,HIGH,-17.9
19.55,6.54,39.93,5.0,2.57,63.32,CRITICAL,17.12
12.07,3.2,17.9,52.64,0.91,52.67,LOW,-39.66
18.56,1.02,47.93,53.28,0.46,84.6,LOW,-34.260000000000005
15.33,1.2,37.61,37.11,12.26,51.56,LOW,-9.52
29.59,10.32,39.77,52.03,18.97,73.13,CRITICAL,-3.469999999999999
5.58,2.9,70.42,49.14,5.48,33.42,LOW,-38.08
2.78,2.44,82.92,47.38,17.68,72.04,LOW,-26.92
13.18,2.75,53.1,14.89,15.74,36.81,HIGH,14.030000000000001
4.49,4.96,29.96,25.92,27.48,19.64,HIGH,6.049999999999997
3.73,2.13,62.03,60.84,46.74,34.72,LOW,-10.370000000000005
13.93,2.04,65.6,47.01,7.37,26.19,LOW,-25.709999999999997
3.77,0.84,46.18,19.0,1.49,31.56,LOW,-13.74
3.44,1.05,46.72,31.61,11.54,22.85,LOW,-16.630000000000003
24.48,3.24,44.82,31.86,0.14,79.82,HIGH,-7.239999999999998
35.0,4.27,33.41,5.0,1.91,44.33,CRITICAL,31.909999999999997
9.88,0.86,51.42,39.89,20.8,37.66,LOW,-9.21
10.54,0.9,51.0,23.17,59.0,81.08,HIGH,46.36999999999999
25.83,1.18,46.7,15.67,32.08,50.6,HIGH,42.239999999999995
39.81,2.58,63.7,23.02,0.2,13.12,HIGH,16.990000000000006
3.14,3.11,48.11,53.91,12.74,47.8,LOW,-38.029999999999994
11.51,1.97,40.06,50.91,1.37,51.33,LOW,-38.03
40.38,4.08,52.21,66.46,0.52,63.48,HIGH,-25.559999999999988
3.73,2.63,66.74,31.88,10.61,42.51,LOW,-17.54
6.95,4.26,42.49,48.97,14.02,78.76,MODERATE,-28.0
13.39,6.04,47.68,57.15,50.64,53.99,CRITICAL,6.880000000000003
14.85,1.22,38.42,26.84,11.78,57.71,MODERATE,-0.21000000000000085
21.77,2.31,39.77,44.06,41.91,10.76,HIGH,19.61999999999999
6.06,3.05,55.6,37.96,0.4,46.48,LOW,-31.5
34.12,3.17,36.82,24.46,81.87,51.03,CRITICAL,91.53
13.57,0.28,47.12,5.0,1.16,42.86,MODERATE,9.73
58.99,4.71,45.52,49.07,25.96,62.96,CRITICAL,35.88
10.8,3.4,28.38,43.26,13.77,77.52,HIGH,-18.689999999999998
7.31,1.63,47.28,23.83,13.68,47.78,LOW,-2.84
5.03,4.22,26.87,29.68,7.11,38.82,HIGH,-17.54
10.85,2.0,35.11,15.33,9.77,66.88,HIGH,5.289999999999997
16.22,2.33,67.06,11.66,13.51,10.0,HIGH,18.069999999999997
9.84,3.91,69.07,52.05,24.69,54.94,MODERATE,-17.519999999999996
23.12,1.96,44.88,28.77,19.76,76.03,HIGH,14.110000000000003
34.66,4.0,36.83,39.84,11.49,73.88,CRITICAL,6.309999999999995
25.21,3.24,57.03,22.4,8.54,55.32,HIGH,11.350000000000001
29.25,1.6,53.9,51.09,17.03,35.19,MODERATE,-4.810000000000002
3.93,0.25,40.04,27.05,1.24,74.97,LOW,-21.880000000000003
22.46,0.75,51.53,62.4,3.22,75.23,LOW,-36.72
18.01,0.25,53.45,41.8,71.26,36.93,HIGH,47.47000000000001
1.73,0.79,35.51,41.02,8.32,90.7,LOW,-30.970000000000002
15.68,2.06,61.76,57.2,7.1,82.32,LOW,-34.42
14.92,2.7,43.55,31.05,3.29,55.47,MODERATE,-12.84
13.46,3.69,28.58,63.45,33.07,93.5,HIGH,-16.92
6.25,2.73,43.16,42.4,7.76,80.63,LOW,-28.39
16.03,1.24,49.78,27.81,21.67,51.38,MODERATE,9.890000000000004
22.0,2.43,34.28,60.3,7.47,97.95,MODERATE,-30.83
20.23,2.72,44.88,42.64,16.39,39.75,MODERATE,-6.019999999999996
11.94,7.81,39.63,34.08,8.52,53.31,CRITICAL,-13.619999999999997
44.22,5.06,51.68,37.88,0.84,53.9,CRITICAL,7.18
12.17,1.26,41.16,5.72,78.77,41.37,CRITICAL,85.22
21.98,0.93,42.12,42.97,0.58,15.75,LOW,-20.41
24.67,1.59,28.95,21.83,25.57,32.93,HIGH,28.410000000000004
41.09,3.8,73.43,24.72,1.98,58.88,CRITICAL,18.35
15.98,1.43,43.92,44.83,38.11,83.81,HIGH,9.260000000000005
16.41,2.2,39.64,59.35,29.81,53.85,MODERATE,-13.130000000000003
16.77,3.04,68.61,29.77,3.19,29.27,MODERATE,-9.809999999999999
21.33,1.14,34.63,41.69,31.39,23.98,MODERATE,11.030000000000001
18.73,4.86,86.86,16.3,10.57,49.63,HIGH,13.0
28.69,9.83,41.17,21.84,20.64,12.66,CRITICAL,27.49
18.21,2.83,21.2,27.43,12.79,22.73,HIGH,3.5700000000000003
25.88,4.97,46.75,36.28,9.46,30.41,HIGH,-0.9399999999999977
6.75,1.66,46.57,5.0,1.83,59.92,MODERATE,3.58
13.47,1.02,75.28,62.94,42.33,17.1,LOW,-7.140000000000001
18.07,1.49,29.68,49.95,3.49,32.79,LOW,-28.39
12.81,0.89,30.75,5.0,39.23,67.77,CRITICAL,47.04
15.32,1.33,61.94,42.77,5.81,49.62,LOW,-21.640000000000004
17.09,2.53,30.02,45.5,22.18,77.88,HIGH,-6.230000000000004
10.93,1.26,45.83,22.75,45.92,37.35,HIGH,34.1
27.04,0.65,27.89,5.0,66.62,46.06,CRITICAL,88.66
1.93,5.43,45.68,50.49,2.12,42.83,LOW,-46.440000000000005
21.43,1.15,47.86,26.7,26.09,18.35,MODERATE,20.819999999999997
30.97,1.68,21.39,25.15,33.24,22.91,CRITICAL,39.06000000000001
12.23,1.5,48.04,28.16,1.27,82.01,MODERATE,-14.66
6.0,0.57,28.81,56.12,10.62,15.93,LOW,-39.5
9.62,0.89,44.86,41.24,7.85,91.06,LOW,-23.770000000000003
13.08,1.27,42.1,13.82,9.96,25.04,MODERATE,9.219999999999999
12.95,0.73,57.84,48.98,2.78,84.77,LOW,-33.25
4.86,4.89,44.74,65.42,4.83,89.65,LOW,-55.730000000000004
17.95,0.56,62.03,9.91,5.79,62.76,MODERATE,13.829999999999998
33.85,1.78,33.03,29.67,60.07,74.39,CRITICAL,64.25
11.18,6.78,47.92,25.39,1.12,69.03,CRITICAL,-13.09
4.76,1.23,64.58,19.07,5.43,57.31,LOW,-8.88
21.99,0.31,16.41,5.0,15.65,30.5,HIGH,32.64
17.5,3.19,43.12,56.51,15.29,86.14,MODERATE,-23.72
23.69,2.23,48.77,45.75,18.33,42.27,MODERATE,-3.730000000000004
6.84,2.34,68.73,62.93,5.74,10.0,LOW,-50.35
6.41,1.68,17.44,25.23,19.25,57.78,MODERATE,0.4299999999999997
5.94,4.71,50.31,56.68,13.53,54.34,MODERATE,-37.21
6.1,1.41,34.4,34.01,1.53,18.22,LOW,-26.38
18.65,5.3,50.64,23.8,6.96,84.31,CRITICAL,1.8099999999999987
12.93,2.06,39.11,40.67,11.69,78.05,MODERATE,-16.050000000000004
11.57,2.05,46.89,36.86,18.85,17.79,MODERATE,-6.439999999999998
4.29,9.4,26.54,13.41,29.07,89.74,CRITICAL,19.95
10.74,4.78,53.27,26.33,2.01,70.47,HIGH,-13.579999999999998
5.01,6.5,49.39,44.48,44.26,55.01,CRITICAL,4.789999999999999
4.79,2.6,45.44,37.89,24.42,88.29,MODERATE,-8.68
8.38,1.86,55.34,33.56,3.46,37.78,LOW,-21.720000000000002
3.26,4.34,69.81,42.32,32.5,64.44,MODERATE,-6.560000000000002
17.18,4.62,38.4,26.88,24.19,60.22,CRITICAL,14.490000000000006
20.05,5.55,39.87,46.24,4.19,58.57,HIGH,-22.0
53.35,2.03,24.3,35.66,24.02,72.36,CRITICAL,41.71000000000001
5.37,1.9,57.99,30.59,3.9,23.21,LOW,-21.32
26.92,8.24,35.41,36.16,20.13,96.03,CRITICAL,10.89
13.52,3.09,51.53,43.61,30.75,25.23,MODERATE,0.6599999999999966
13.12,1.69,46.98,22.18,21.58,46.26,MODERATE,12.519999999999996
21.9,3.31,55.99,9.13,41.5,31.97,CRITICAL,54.269999999999996
15.16,0.89,58.37,14.32,20.66,79.56,MODERATE,21.5
26.28,3.01,44.0,41.8,77.52,80.49,CRITICAL,62.0
18.14,6.39,34.96,5.0,4.8,48.22,CRITICAL,17.94
6.63,8.3,48.8,26.39,1.81,88.63,CRITICAL,-17.950000000000003
8.09,2.15,52.32,42.34,13.97,64.65,LOW,-20.28
9.19,2.34,16.36,22.47,8.36,89.39,MODERATE,-4.920000000000002
16.72,1.06,29.04,43.92,22.99,24.82,LOW,-4.210000000000008
13.19,2.89,37.43,23.18,24.95,86.7,HIGH,14.96
9.61,4.43,36.43,28.92,17.35,41.27,HIGH,-1.9600000000000009
5.51,4.59,38.72,55.47,32.75,51.84,MODERATE,-17.21
10.66,1.26,39.6,33.57,9.65,63.88,LOW,-13.259999999999998
36.03,4.98,49.71,27.88,12.33,57.93,CRITICAL,20.48
19.21,4.5,37.62,41.41,26.37,34.64,HIGH,4.170000000000002
17.13,1.89,74.08,37.53,20.38,32.68,MODERATE,-0.020000000000003126
13.66,1.28,42.02,16.42,22.61,67.72,HIGH,19.849999999999994
6.85,0.51,42.38,23.15,88.45,92.38,CRITICAL,72.15
1.75,2.11,57.89,32.39,3.97,68.01,LOW,-26.67
14.54,2.23,50.61,49.36,10.58,58.8,LOW,-24.240000000000002
2.21,4.16,27.07,5.38,13.12,63.28,CRITICAL,9.95
12.1,6.16,40.83,28.74,15.16,51.61,CRITICAL,-1.4800000000000004
12.98,3.53,25.41,34.42,22.78,56.34,HIGH,1.3400000000000034
16.59,1.24,28.7,24.6,68.35,72.41,CRITICAL,60.339999999999996
25.45,2.05,50.38,18.34,1.61,10.0,MODERATE,8.719999999999999
8.5,4.44,61.42,27.56,8.18,41.23,MODERATE,-10.879999999999999
38.14,2.44,55.98,25.73,3.34,73.33,CRITICAL,15.750000000000004
22.95,12.47,45.77,10.9,18.69,94.08,CRITICAL,30.740000000000002
62.85,0.38,55.6,44.54,14.03,64.3,CRITICAL,32.339999999999996
10.48,2.85,42.4,14.45,44.29,52.26,CRITICAL,40.31999999999999
3.46,5.64,54.06,53.56,5.07,72.64,MODERATE,-45.03
31.27,2.12,44.92,14.28,1.66,65.75,CRITICAL,18.65
10.61,7.03,40.59,24.36,1.94,57.67,CRITICAL,-11.81
19.25,2.09,51.42,19.34,12.52,30.23,MODERATE,12.43
11.04,1.17,49.74,26.8,46.14,43.39,MODERATE,30.38
33.01,0.49,42.88,26.41,11.75,14.42,MODERATE,18.349999999999998
8.75,1.59,43.74,51.75,1.88,51.11,LOW,-41.120000000000005
43.45,3.75,46.76,52.17,54.59,41.52,CRITICAL,45.870000000000005
10.47,1.03,34.01,62.67,1.96,19.91,LOW,-50.24
11.87,1.04,55.11,17.53,30.87,82.77,HIGH,25.21
1.67,0.53,54.78,27.3,6.56,76.19,LOW,-19.07
5.32,4.39,65.14,34.89,8.06,50.21,MODERATE,-21.509999999999998
21.18,5.59,57.16,47.52,2.22,77.73,HIGH,-24.120000000000005
14.82,0.31,62.49,5.0,6.81,74.0,MODERATE,16.63
16.74,2.47,38.35,5.0,62.51,30.73,CRITICAL,74.25
3.8,2.94,36.02,32.43,4.45,16.27,LOW,-24.18
27.81,4.77,68.8,33.58,15.52,68.04,HIGH,9.75
8.53,1.48,59.79,23.85,27.64,67.19,MODERATE,12.32
28.7,2.72,15.0,57.09,56.93,10.0,HIGH,28.539999999999992
26.06,1.24,49.26,28.47,0.17,33.44,MODERATE,-2.2399999999999984
14.91,1.66,21.3,38.02,1.0,36.77,LOW,-22.110000000000003
8.47,0.89,45.68,25.7,0.04,35.95,LOW,-17.189999999999998
30.82,1.06,23.27,35.75,23.13,50.84,HIGH,18.200000000000003
8.86,4.17,38.8,44.26,5.75,27.04,MODERATE,-29.65
7.54,3.22,53.5,39.01,0.67,49.1,LOW,-30.799999999999997
14.16,3.68,43.14,52.54,71.75,31.31,HIGH,33.37
22.27,2.56,43.34,31.8,40.44,24.8,HIGH,30.909999999999993
68.94,2.47,63.54,17.52,8.13,74.58,CRITICAL,59.55
25.3,1.33,21.21,32.66,34.19,33.64,HIGH,26.83
11.22,7.38,65.81,66.51,13.8,23.15,MODERATE,-41.49
11.95,1.34,44.55,21.53,21.44,29.59,MODERATE,11.86
3.54,2.53,49.02,25.73,22.11,82.26,MODERATE,-0.08000000000000185
15.29,3.58,62.33,26.13,34.33,85.89,CRITICAL,23.49
10.24,3.82,39.66,29.23,7.43,66.49,HIGH,-11.559999999999999
3.76,1.41,70.34,33.46,47.68,10.0,MODERATE,17.979999999999997
3.01,6.39,32.09,8.08,0.55,39.95,CRITICAL,-4.5200000000000005
12.58,2.96,26.78,35.48,1.34,83.28,MODERATE,-21.559999999999995
40.79,1.66,48.06,5.0,32.53,46.87,CRITICAL,68.32
12.85,4.28,44.72,35.29,6.03,85.66,HIGH,-16.41
11.14,4.25,39.15,15.3,27.35,41.51,CRITICAL,23.19
10.93,0.42,16.93,27.63,4.61,39.08,LOW,-12.09
14.3,1.96,41.66,46.39,1.17,77.17,LOW,-30.92
17.73,0.28,44.34,5.0,29.56,51.93,HIGH,42.29
9.44,1.83,38.5,61.39,9.35,75.11,LOW,-42.6
13.52,2.23,54.58,37.55,4.98,73.46,MODERATE,-19.049999999999997
18.35,1.06,36.63,31.63,11.76,43.2,MODERATE,-1.5199999999999996
27.6,3.0,71.29,22.76,0.55,61.52,HIGH,5.390000000000001
14.18,1.5,55.22,37.2,25.33,98.0,MODERATE,2.309999999999995
21.0,0.85,45.66,27.06,4.26,90.85,MODERATE,-1.8000000000000007
17.93,3.31,51.79,24.77,5.14,79.91,HIGH,-1.6999999999999993
4.12,5.77,53.22,42.57,21.28,47.0,HIGH,-17.169999999999998
16.57,2.54,63.23,35.61,4.39,41.34,MODERATE,-14.649999999999999
23.4,1.3,55.64,26.92,10.53,61.39,MODERATE,7.009999999999998
7.69,8.69,47.34,32.22,80.68,86.85,CRITICAL,56.150000000000006
26.68,4.94,35.8,5.0,24.46,78.02,CRITICAL,46.14
30.45,3.88,55.18,32.71,12.04,65.24,HIGH,9.779999999999994
61.05,1.87,47.64,48.45,4.35,76.91,CRITICAL,16.94999999999999
5.53,1.12,39.24,45.83,4.63,75.69,LOW,-35.67
5.37,3.53,66.67,27.42,6.13,48.54,MODERATE,-15.920000000000002
19.96,1.5,36.45,41.35,6.77,60.6,MODERATE,-14.620000000000001
0.25,0.36,37.37,26.03,23.7,91.94,LOW,-2.080000000000002
24.72,0.47,50.35,17.65,17.59,47.15,HIGH,24.660000000000004
8.45,0.5,31.74,22.32,5.91,48.92,LOW,-7.960000000000001
25.4,4.01,40.64,46.68,11.55,42.36,HIGH,-9.729999999999997
8.72,2.16,47.23,13.5,10.9,53.59,MODERATE,6.120000000000001
7.77,4.43,38.34,43.92,12.37,69.72,MODERATE,-23.78
23.63,3.65,57.32,58.2,9.7,87.79,MODERATE,-24.870000000000005
10.57,1.47,35.06,41.01,35.07,55.03,MODERATE,4.630000000000003
14.66,0.81,36.4,47.01,3.85,52.17,LOW,-28.499999999999996
12.59,3.34,25.27,26.4,24.05,68.91,CRITICAL,10.240000000000002
21.84,2.97,53.06,47.61,31.91,77.9,HIGH,6.140000000000001
21.75,5.06,36.38,39.43,11.57,65.6,CRITICAL,-6.109999999999999
8.9,4.58,31.25,5.0,46.7,81.56,CRITICAL,50.6
2.07,2.33,51.07,38.38,2.59,67.99,LOW,-33.72
23.84,5.5,32.88,52.51,5.64,28.62,HIGH,-23.029999999999998
7.08,0.71,51.09,40.6,43.04,44.68,LOW,9.519999999999996
5.36,2.52,55.3,35.49,10.14,61.63,MODERATE,-19.990000000000002
23.39,5.69,16.91,43.42,1.41,86.45,CRITICAL,-18.62
31.57,1.74,57.07,24.54,11.0,83.67,HIGH,18.03
8.43,0.79,59.96,27.53,37.03,11.48,LOW,17.93
8.35,7.68,33.32,41.77,9.4,28.11,HIGH,-24.020000000000003
40.92,4.84,39.15,46.58,6.41,67.35,CRITICAL,0.75
11.79,1.08,16.65,7.49,10.42,78.04,HIGH,14.72
22.23,3.54,38.55,35.07,16.25,67.06,HIGH,3.4100000000000037
36.6,1.66,40.52,38.3,17.78,86.33,CRITICAL,16.080000000000005
8.87,3.7,49.74,38.11,8.19,90.36,MODERATE,-21.05
14.42,3.85,61.71,39.42,19.15,24.93,MODERATE,-5.850000000000001
8.11,0.54,32.36,59.49,21.66,73.42,LOW,-29.720000000000002
16.94,3.81,67.59,62.61,28.19,79.18,MODERATE,-17.479999999999997
10.41,1.12,28.72,36.52,2.6,63.69,LOW,-23.510000000000005
8.94,2.12,42.73,38.43,15.68,65.57,MODERATE,-13.810000000000002
3.82,1.14,69.59,5.0,0.44,65.41,LOW,-0.7400000000000002
17.01,4.43,33.88,34.84,54.45,73.1,CRITICAL,36.620000000000005
8.6,1.13,30.02,82.74,66.42,65.87,MODERATE,-7.719999999999999
10.45,1.36,55.11,15.43,41.21,70.3,HIGH,36.23
10.54,3.4,15.48,47.48,6.41,20.34,LOW,-30.529999999999998
35.45,5.35,42.31,41.5,61.57,16.46,CRITICAL,55.52000000000001
10.31,0.25,57.97,36.2,45.72,88.22,MODERATE,19.83
17.07,1.05,22.41,51.62,10.36,93.77,LOW,-24.189999999999998
12.69,3.68,40.34,57.75,36.02,73.79,HIGH,-9.04
12.19,1.64,63.49,6.05,1.49,50.91,MODERATE,7.63
22.4,2.78,56.75,42.73,15.86,11.37,MODERATE,-4.469999999999999
50.86,2.03,20.83,19.1,10.4,80.48,CRITICAL,42.16
10.91,0.41,40.47,33.76,20.92,42.44,LOW,-1.9299999999999962
14.57,2.3,47.32,46.39,27.7,82.85,MODERATE,-4.1200000000000045
30.61,1.48,57.76,37.17,41.5,19.49,HIGH,34.94
16.59,0.57,22.08,29.55,4.65,88.69,LOW,-8.309999999999999
8.46,6.94,36.97,23.12,102.66,70.89,CRITICAL,88.0
20.11,1.56,60.09,17.57,17.6,53.06,HIGH,20.14
15.16,7.7,42.2,54.85,5.28,65.73,CRITICAL,-34.41
7.96,6.72,54.68,25.51,22.66,50.84,CRITICAL,5.109999999999999
24.23,4.26,30.61,29.31,1.11,62.23,CRITICAL,-3.969999999999999
16.62,6.31,85.62,51.18,21.89,32.35,MODERATE,-12.669999999999995
2.11,1.49,66.23,17.37,12.95,82.88,LOW,-2.3100000000000023
4.71,4.71,41.74,48.75,4.27,68.41,MODERATE,-39.769999999999996
12.74,0.92,32.4,54.27,29.77,62.13,LOW,-11.760000000000005
3.4,6.17,26.53,51.39,10.7,74.94,HIGH,-37.29
12.86,0.58,22.89,25.69,26.98,85.07,MODERATE,14.150000000000002
15.37,2.16,52.6,51.79,35.82,30.65,MODERATE,-0.6000000000000014
33.57,2.96,55.65,35.13,61.04,69.32,CRITICAL,59.48
18.23,6.67,19.77,20.76,83.15,59.99,CRITICAL,80.62
5.66,6.05,49.68,60.77,29.62,66.72,HIGH,-25.490000000000002
17.11,1.59,25.21,38.04,12.79,82.34,MODERATE,-8.14
1.64,0.92,38.22,37.14,60.75,67.42,MODERATE,25.25
10.08,1.48,52.7,56.09,2.54,33.8,LOW,-43.47
6.79,5.62,65.73,57.65,42.94,73.31,HIGH,-7.920000000000002
14.87,4.03,47.19,37.09,2.19,97.97,HIGH,-20.030000000000005
3.62,1.27,37.1,53.01,0.2,60.49,LOW,-49.19
14.23,8.13,21.54,17.65,36.07,76.85,CRITICAL,32.65
44.16,1.17,20.96,29.53,38.77,15.0,CRITICAL,53.400000000000006
25.18,3.16,58.07,51.92,24.49,56.9,HIGH,-2.25
13.78,0.78,27.08,24.8,53.95,41.2,HIGH,42.93000000000001
27.92,1.36,62.51,62.05,4.96,44.13,LOW,-29.169999999999995
19.26,5.43,51.9,49.92,7.67,74.8,HIGH,-22.990000000000002
13.11,3.28,24.71,41.76,15.61,81.17,HIGH,-13.04
6.74,0.99,39.18,13.47,9.58,19.74,LOW,2.8499999999999996
55.68,1.97,59.39,13.54,58.76,74.26,CRITICAL,100.9
18.75,3.87,45.95,34.74,1.61,80.51,HIGH,-14.380000000000003
58.29,1.58,43.52,52.35,15.85,62.55,CRITICAL,21.79
23.86,8.06,63.65,45.82,2.25,84.45,CRITICAL,-19.71
1.6,3.22,66.19,37.81,2.35,36.64,LOW,-33.86
14.93,3.39,51.69,18.55,42.45,44.96,CRITICAL,38.83
3.82,2.21,56.02,39.46,7.2,75.88,LOW,-28.44
6.02,6.8,48.61,27.98,1.94,45.41,HIGH,-20.020000000000003
4.04,2.87,40.31,42.73,10.32,65.18,LOW,-28.369999999999997
0.37,1.35,49.3,58.33,21.96,79.36,LOW,-36.0
5.16,3.15,31.2,23.37,17.28,71.68,MODERATE,-0.9299999999999997
17.89,5.46,22.29,38.4,15.8,33.51,HIGH,-4.710000000000001
7.35,5.76,32.74,42.59,5.42,67.82,HIGH,-29.820000000000004
8.36,3.29,54.23,12.91,0.62,61.87,MODERATE,-3.9300000000000015
8.73,2.78,39.51,59.09,26.31,54.99,LOW,-24.050000000000004
14.02,3.02,52.41,42.55,12.88,50.03,MODERATE,-15.649999999999999
0.97,3.2,41.53,37.99,39.59,47.91,MODERATE,2.5700000000000003
5.29,1.08,76.77,45.3,49.2,43.48,LOW,9.190000000000005
5.07,3.06,63.19,22.92,18.17,74.26,MODERATE,0.3200000000000003
13.46,5.14,48.44,31.2,34.28,36.57,CRITICAL,16.540000000000003
15.13,4.82,47.33,25.13,8.2,53.16,HIGH,-1.8000000000000007
17.56,1.94,41.38,21.81,0.63,51.35,MODERATE,-3.620000000000001
8.61,8.48,57.53,40.77,22.23,86.68,CRITICAL,-9.930000000000003
36.92,0.59,41.64,47.81,76.24,47.31,CRITICAL,65.35
10.39,7.58,47.38,60.42,17.97,32.69,HIGH,-32.06
11.13,2.81,36.48,15.29,7.29,75.78,HIGH,3.1300000000000026
38.74,8.92,34.43,32.22,6.58,77.65,CRITICAL,13.100000000000001
13.55,2.43,31.52,17.16,69.65,76.1,CRITICAL,66.04
13.13,4.63,36.6,44.44,0.0,50.75,MODERATE,-31.309999999999995
13.88,0.56,40.94,40.27,47.38,76.39,HIGH,20.990000000000002
6.8,3.31,39.16,50.43,4.71,20.45,LOW,-38.92
14.39,4.66,38.71,37.82,59.09,54.05,CRITICAL,35.660000000000004
6.62,3.31,51.38,39.25,5.19,65.04,LOW,-27.439999999999998
13.0,1.11,66.0,72.84,23.71,24.29,LOW,-36.13
8.42,1.28,36.35,52.85,11.68,26.47,LOW,-32.75
7.22,3.2,30.37,54.02,13.39,37.0,LOW,-33.410000000000004
5.58,2.43,20.18,16.94,14.6,66.39,HIGH,3.2399999999999984
27.25,3.68,39.5,27.35,27.13,38.51,CRITICAL,27.029999999999994
13.65,3.51,60.65,51.96,5.18,21.33,LOW,-33.13
16.13,0.56,23.1,21.55,0.56,59.39,LOW,-4.860000000000003
15.42,7.84,89.91,67.18,29.99,39.87,MODERATE,-21.77000000000001
3.15,1.17,28.73,23.26,12.86,79.2,LOW,-7.2500000000000036
14.26,3.39,48.5,36.83,3.05,10.0,LOW,-19.52
9.2,4.95,15.0,26.83,2.58,58.67,HIGH,-15.049999999999999
27.55,3.24,57.42,36.93,22.41,49.35,HIGH,13.030000000000001
19.43,1.85,37.54,7.09,0.36,66.79,HIGH,12.7
7.96,9.19,44.18,25.11,2.06,85.19,CRITICAL,-15.09
12.18,1.44,60.63,35.04,19.02,58.36,LOW,-3.84
44.99,4.08,66.08,22.82,20.23,88.52,CRITICAL,42.4
6.6,1.62,64.59,47.29,30.36,52.1,LOW,-10.329999999999998
16.53,1.41,20.01,40.66,10.42,84.93,MODERATE,-13.709999999999994
22.83,1.75,43.58,32.78,1.99,74.87,MODERATE,-7.960000000000004
13.01,1.52,24.25,45.05,4.68,15.99,LOW,-27.36
21.65,0.29,40.39,26.39,6.2,67.93,MODERATE,1.4599999999999973
8.57,1.84,59.92,48.26,10.99,81.2,LOW,-28.699999999999996
10.51,1.79,52.19,48.75,7.41,53.52,LOW,-30.83
54.64,4.53,55.78,32.09,27.1,73.21,CRITICAL,49.650000000000006
12.71,0.87,76.04,41.65,39.29,95.68,MODERATE,10.350000000000001
23.52,2.38,66.18,46.97,3.11,66.18,MODERATE,-20.34
24.58,8.26,35.92,58.97,23.96,25.86,CRITICAL,-10.43
11.23,1.62,35.99,44.83,11.76,83.86,LOW,-21.839999999999996
2.11,2.0,48.59,64.49,7.11,58.4,LOW,-55.269999999999996
5.47,4.3,37.22,30.15,24.25,51.67,HIGH,-0.4299999999999997
21.12,3.58,16.36,29.19,1.98,10.0,HIGH,-6.09
4.97,1.85,53.99,34.16,57.33,27.86,MODERATE,28.14
45.39,4.54,22.44,49.83,29.74,42.91,CRITICAL,25.299999999999997
29.61,0.58,31.03,15.42,10.01,23.19,HIGH,24.199999999999996
23.24,2.23,57.54,23.21,5.4,73.0,MODERATE,5.43
10.94,2.75,46.35,49.8,30.59,92.16,MODERATE,-8.269999999999996
11.1,0.41,32.2,10.35,0.42,74.41,LOW,1.17
33.19,3.36,34.02,42.01,7.36,73.65,CRITICAL,-1.4600000000000009
9.75,8.46,16.79,24.01,8.28,65.05,CRITICAL,-5.98
40.07,1.13,35.56,41.45,10.23,48.16,HIGH,8.849999999999994
4.39,4.18,22.87,56.07,37.65,61.22,MODERATE,-14.030000000000001
38.44,1.08,24.57,33.06,33.36,40.28,CRITICAL,38.739999999999995
19.29,3.66,32.57,8.48,15.02,80.77,CRITICAL,25.830000000000002
13.55,1.62,64.68,24.37,12.17,51.76,MODERATE,1.3499999999999979
17.76,0.25,25.39,41.03,25.88,27.22,MODERATE,2.6099999999999994
12.34,4.27,43.88,20.22,20.18,58.33,CRITICAL,12.299999999999997
20.77,0.79,51.36,5.0,24.92,39.05,HIGH,40.69
18.92,2.0,26.1,39.75,1.38,93.68,MODERATE,-19.45
11.07,1.77,32.68,38.24,11.07,37.12,LOW,-16.1
9.89,1.66,59.05,14.69,0.46,85.0,MODERATE,-4.339999999999998
4.72,8.73,45.36,51.75,17.0,66.1,CRITICAL,-30.03
40.32,1.54,24.12,24.92,61.48,41.09,CRITICAL,76.88
15.29,0.81,41.75,45.85,4.72,31.04,LOW,-25.840000000000003
15.79,3.36,40.52,5.81,21.44,75.93,CRITICAL,31.420000000000005
8.69,0.8,56.73,43.32,22.8,10.0,LOW,-11.829999999999998
20.08,1.31,52.98,36.6,8.29,53.99,MODERATE,-8.230000000000004
31.6,1.24,70.62,12.33,33.58,47.69,HIGH,52.85000000000001
0.99,2.09,30.89,60.03,31.18,48.5,LOW,-27.86
19.27,4.36,60.02,53.33,6.83,51.71,MODERATE,-27.229999999999997
9.96,4.78,46.56,30.11,22.14,95.12,CRITICAL,1.990000000000002
7.17,5.15,75.25,59.57,1.56,88.63,MODERATE,-50.84
11.08,2.55,54.23,41.22,19.95,55.67,LOW,-10.189999999999998
6.55,0.25,85.01,10.41,8.28,68.69,LOW,4.419999999999998
5.12,4.67,36.81,25.97,20.93,14.43,HIGH,0.08000000000000185
20.71,0.46,67.69,17.86,15.56,30.63,MODERATE,18.410000000000004
9.84,2.29,51.4,42.89,38.11,38.58,MODERATE,5.060000000000002
14.37,6.37,70.08,23.95,4.91,88.48,CRITICAL,-4.669999999999998
13.57,0.87,15.0,46.63,19.28,60.47,MODERATE,-13.780000000000001
19.3,3.34,35.0,11.75,43.4,45.86,CRITICAL,50.95
21.65,0.46,37.76,18.11,36.2,36.66,HIGH,39.74
13.69,3.99,43.61,20.33,1.54,78.58,HIGH,-5.099999999999998
13.36,1.19,30.7,58.34,41.12,24.77,LOW,-3.8600000000000065
21.5,0.95,35.33,38.18,12.09,80.59,MODERATE,-4.589999999999996
0.24,2.18,24.95,56.22,38.98,34.1,LOW,-17.0
8.65,4.53,34.9,24.81,30.65,73.96,CRITICAL,14.489999999999998
15.7,5.43,48.09,18.47,64.0,67.08,CRITICAL,61.230000000000004
19.33,1.12,64.9,26.06,45.55,42.59,HIGH,38.81999999999999
7.55,2.75,24.56,43.09,14.69,53.17,MODERATE,-20.850000000000005
7.83,6.82,37.61,5.0,1.71,53.09,CRITICAL,4.539999999999999
24.93,2.79,23.05,40.88,37.38,67.28,CRITICAL,21.43
7.09,2.17,26.96,25.8,2.05,95.23,MODERATE,-16.66
32.45,2.18,15.0,35.91,36.22,68.67,CRITICAL,32.760000000000005
26.09,6.84,20.15,9.53,35.13,46.53,CRITICAL,51.69
12.05,5.78,19.63,27.57,8.54,81.38,CRITICAL,-6.98
26.68,2.43,72.23,25.05,1.53,52.75,MODERATE,3.16
27.12,2.22,43.54,25.54,35.67,91.11,CRITICAL,37.25000000000001
15.33,0.51,77.78,58.02,3.51,39.57,LOW,-39.18000000000001
14.59,3.78,38.71,53.65,7.68,97.06,HIGH,-31.38
45.51,2.17,30.71,34.51,22.1,66.6,CRITICAL,33.1
10.8,2.59,15.0,15.82,6.01,19.13,MODERATE,0.990000000000002
2.61,3.93,64.41,15.85,38.74,65.48,HIGH,25.5
19.65,11.59,48.31,9.64,6.79,23.14,CRITICAL,16.799999999999997
53.51,1.34,25.32,22.13,13.63,74.46,CRITICAL,45.010000000000005
21.84,1.52,44.6,38.31,49.07,62.33,HIGH,32.599999999999994
1.35,2.55,34.67,28.85,9.68,67.14,LOW,-17.82
23.93,5.29,31.47,28.34,2.01,22.35,CRITICAL,-2.400000000000002
23.87,1.45,58.24,45.82,18.2,18.66,LOW,-3.75
44.97,4.62,52.43,35.18,65.15,96.31,CRITICAL,74.94
10.91,0.98,52.25,11.15,28.48,81.48,HIGH,28.240000000000002
5.12,7.1,34.86,20.47,3.67,54.52,CRITICAL,-11.68
32.09,4.09,26.66,44.57,9.02,31.8,HIGH,-3.460000000000001
6.43,2.7,31.55,15.27,53.81,85.21,CRITICAL,44.97
25.83,1.62,50.53,34.57,23.14,66.39,HIGH,14.399999999999999
15.24,1.95,51.83,37.55,123.86,89.35,CRITICAL,101.55
15.74,2.03,48.04,57.59,2.68,58.8,LOW,-39.17
36.47,0.5,36.96,16.51,12.18,71.56,CRITICAL,32.14
21.55,1.53,59.78,20.62,9.32,85.18,HIGH,10.25
9.84,2.68,65.33,46.18,0.07,74.5,LOW,-36.269999999999996
28.05,0.25,61.89,14.75,2.02,75.46,MODERATE,15.32
39.81,3.5,15.0,32.81,1.19,63.66,CRITICAL,8.189999999999998
36.84,2.48,48.02,57.76,6.91,69.53,HIGH,-14.009999999999998
18.19,0.92,49.77,58.0,8.37,15.26,LOW,-31.439999999999998
18.52,5.7,58.54,63.33,4.35,58.05,MODERATE,-40.46
6.33,2.77,41.04,5.0,28.12,35.92,HIGH,29.450000000000003
22.78,6.85,38.67,44.69,9.26,21.11,CRITICAL,-12.649999999999999
9.8,3.71,35.55,18.72,17.37,28.29,HIGH,8.450000000000003
6.97,1.15,40.01,22.39,111.25,72.38,CRITICAL,95.83
22.59,6.27,36.56,55.62,20.58,61.85,CRITICAL,-12.449999999999996
15.09,5.08,45.56,30.92,9.75,75.98,CRITICAL,-6.080000000000002
11.87,3.75,49.22,35.15,21.83,56.97,HIGH,-1.4500000000000028
14.94,8.69,46.82,41.23,3.41,10.0,HIGH,-22.879999999999995
19.33,1.68,29.06,36.75,38.95,70.92,HIGH,21.53
12.03,1.07,55.32,51.79,10.21,95.8,LOW,-29.549999999999997
31.82,1.35,40.25,49.9,0.52,70.78,MODERATE,-17.559999999999995
19.97,1.67,32.65,25.9,6.46,90.15,HIGH,0.5300000000000011
1.58,6.06,42.37,16.29,21.77,17.79,HIGH,7.060000000000002
6.54,2.16,29.42,66.75,9.49,36.03,LOW,-50.72
10.28,2.4,46.24,47.26,13.81,10.0,LOW,-23.169999999999998
19.66,3.02,55.1,36.99,29.75,32.57,HIGH,12.419999999999995
12.35,0.35,59.09,22.39,29.25,25.73,MODERATE,19.21
4.74,1.18,46.59,11.38,12.98,63.53,MODERATE,6.339999999999998
11.06,8.68,43.34,44.62,15.19,16.62,CRITICAL,-18.369999999999997
12.9,2.63,26.22,21.38,10.53,55.82,HIGH,2.0500000000000007
9.38,3.21,19.14,33.15,39.23,66.33,CRITICAL,15.46
21.17,1.65,51.56,41.2,9.78,86.86,MODERATE,-10.25
29.05,5.45,40.73,31.73,37.64,71.83,CRITICAL,34.959999999999994
19.81,3.43,25.02,31.62,27.82,15.45,HIGH,16.009999999999994
22.22,1.95,33.34,21.88,72.98,69.06,CRITICAL,73.32000000000001
14.81,0.82,64.52,19.43,9.22,55.82,MODERATE,4.600000000000001
10.17,1.61,65.39,53.13,13.98,54.45,LOW,-28.980000000000004
8.05,2.89,78.97,56.17,2.28,78.31,LOW,-45.84
28.7,1.82,22.47,5.0,20.7,50.38,CRITICAL,44.4
15.84,7.07,69.45,26.4,35.54,91.31,CRITICAL,24.979999999999997
13.49,5.07,46.25,42.32,63.08,52.37,CRITICAL,34.24999999999999
8.71,1.1,40.81,23.23,28.14,57.44,HIGH,13.620000000000001
7.07,3.23,54.79,29.66,7.45,48.41,MODERATE,-15.14
4.34,0.82,26.13,29.93,21.4,23.19,LOW,-4.190000000000001
9.98,3.15,69.92,48.85,4.67,58.95,LOW,-34.2
19.09,2.8,26.58,9.31,3.26,75.36,CRITICAL,13.040000000000001
17.65,1.25,47.8,26.04,8.93,54.07,MODERATE,0.5399999999999991
12.7,3.42,80.25,24.9,6.35,75.71,MODERATE,-5.850000000000001
18.83,2.16,52.24,15.23,36.62,84.97,CRITICAL,40.22
25.88,3.71,69.39,26.06,71.11,94.01,CRITICAL,70.92999999999999
31.97,3.76,47.98,27.95,9.49,86.59,CRITICAL,13.510000000000002
12.41,0.57,25.35,22.98,21.02,86.93,MODERATE,10.45
4.77,1.0,61.65,47.02,53.27,41.2,LOW,11.020000000000003
6.3,2.97,56.1,51.84,40.74,51.0,MODERATE,-4.800000000000004
11.68,0.88,49.98,34.86,12.2,47.31,LOW,-10.98
36.27,3.13,33.33,39.1,4.75,38.61,HIGH,1.9200000000000017
5.88,3.62,47.87,14.9,49.41,56.08,CRITICAL,40.39
6.62,11.04,56.86,17.34,0.24,24.85,CRITICAL,-10.48
4.96,2.88,49.17,38.36,16.6,68.81,MODERATE,-16.799999999999997
15.43,4.61,38.53,29.86,62.98,62.93,CRITICAL,48.55
15.9,0.59,49.91,39.59,3.46,96.64,LOW,-20.230000000000004
12.44,2.17,27.75,40.36,16.44,57.05,MODERATE,-11.479999999999997
28.68,3.18,51.17,27.4,1.94,57.84,HIGH,3.2200000000000024
11.96,0.66,15.0,10.71,26.67,55.44,HIGH,27.92
37.16,3.55,56.23,32.36,30.47,66.75,CRITICAL,35.269999999999996
23.73,1.03,25.61,34.53,4.14,96.54,MODERATE,-6.66
20.84,3.92,63.19,5.0,23.91,94.98,CRITICAL,39.75
2.41,1.68,24.65,32.72,0.56,13.13,LOW,-29.75
8.04,1.43,38.87,26.36,2.07,53.25,LOW,-16.25
11.44,0.36,39.0,21.75,20.98,36.42,LOW,10.670000000000002
48.69,0.61,63.58,38.14,4.08,71.5,HIGH,14.629999999999995
1.59,2.44,50.75,27.97,4.2,69.26,LOW,-22.18
30.08,3.22,49.0,55.43,14.9,62.28,HIGH,-10.450000000000003
4.47,1.68,55.82,22.14,3.03,49.33,LOW,-14.64
20.35,0.83,50.34,25.92,15.56,76.62,MODERATE,9.990000000000002
17.96,2.13,45.4,5.0,5.81,48.6,HIGH,18.77
4.91,12.79,53.22,30.19,5.41,42.5,CRITICAL,-19.87
16.2,0.81,30.78,45.19,25.55,46.23,LOW,-3.4399999999999977
6.84,1.81,15.0,26.68,12.6,33.46,MODERATE,-7.240000000000002
23.24,0.28,36.72,24.3,0.89,96.13,MODERATE,-0.1700000000000017
30.91,0.88,27.04,25.76,33.21,53.99,CRITICAL,38.36
14.06,0.25,60.38,38.9,4.97,83.17,LOW,-19.869999999999997
9.35,1.76,67.03,11.75,4.62,68.78,MODERATE,2.219999999999999
5.56,0.97,71.73,44.08,83.59,76.13,HIGH,45.07000000000001
7.81,1.14,32.12,32.78,52.74,87.1,HIGH,27.770000000000003
25.91,5.44,25.59,22.83,14.41,70.0,CRITICAL,17.490000000000002
28.99,0.44,52.5,36.11,38.33,24.05,MODERATE,31.209999999999994
14.95,0.92,62.68,19.74,87.42,17.17,CRITICAL,82.63000000000001
10.13,1.43,33.58,32.73,19.96,72.56,MODERATE,-2.6399999999999935
24.47,3.84,27.58,34.48,3.2,75.78,CRITICAL,-6.809999999999999
29.85,1.93,27.84,39.71,14.26,71.28,HIGH,4.399999999999999
13.0,2.96,44.91,39.13,20.93,75.43,HIGH,-5.200000000000003
25.03,5.25,54.79,35.36,21.87,88.13,CRITICAL,11.540000000000006
44.76,0.83,44.62,32.86,43.9,49.3,CRITICAL,55.8
13.89,0.7,38.68,18.13,15.87,67.39,MODERATE,11.629999999999999
1.63,3.02,38.31,24.82,4.48,95.86,MODERATE,-18.71
2.4,2.97,53.89,35.11,0.89,79.14,LOW,-31.82
4.23,5.54,36.79,40.54,32.58,11.27,HIGH,-3.729999999999997
5.5,3.06,78.14,45.22,54.78,65.94,MODERATE,15.060000000000002
12.78,1.58,64.26,57.93,38.95,52.99,LOW,-6.199999999999996
5.14,1.39,54.43,46.78,6.21,93.11,LOW,-35.43
4.82,1.19,34.57,24.25,37.92,56.93,MODERATE,18.490000000000002
24.34,3.63,60.56,32.04,27.9,62.86,CRITICAL,20.199999999999996
26.58,3.02,60.74,50.26,46.0,69.03,CRITICAL,22.32
13.28,1.64,61.7,5.0,9.69,29.27,MODERATE,17.97
9.78,2.44,16.09,5.0,8.92,44.06,HIGH,13.7
5.72,0.91,31.36,29.77,8.76,21.85,LOW,-15.29
10.25,0.46,34.88,35.28,4.47,96.76,LOW,-20.560000000000002
22.92,1.19,41.16,41.98,103.98,84.62,CRITICAL,84.92000000000002
4.44,1.98,45.86,24.06,9.6,53.28,LOW,-10.02
21.56,6.37,35.22,29.07,20.92,41.81,CRITICAL,13.410000000000004
19.01,0.58,63.45,57.35,18.27,52.91,LOW,-20.07
7.98,2.04,34.0,28.64,1.51,65.48,LOW,-19.15
24.85,4.0,48.04,34.38,3.1,79.69,CRITICAL,-6.43
14.64,2.65,70.21,19.48,11.28,76.15,HIGH,6.440000000000001
19.59,3.6,47.95,53.43,4.57,26.86,MODERATE,-29.27
33.31,1.09,54.85,48.12,10.29,50.39,MODERATE,-4.519999999999996
26.93,1.01,62.83,42.51,37.27,78.12,HIGH,21.690000000000005
12.61,1.23,16.18,33.74,9.15,79.72,MODERATE,-11.980000000000004
1.55,1.26,39.32,18.98,21.41,97.07,MODERATE,3.9800000000000004
34.68,0.26,43.22,36.69,34.81,54.22,HIGH,32.80000000000001
3.82,2.85,41.53,43.77,17.39,20.49,LOW,-22.560000000000002
1.87,1.88,33.39,32.97,1.87,15.36,LOW,-29.229999999999997
24.04,6.51,33.37,40.41,2.15,81.39,CRITICAL,-14.219999999999999
1.93,0.82,45.86,40.05,12.07,83.81,LOW,-26.049999999999997
11.17,4.3,24.71,48.67,26.1,34.04,HIGH,-11.399999999999999
11.25,1.25,42.9,21.15,2.01,15.97,LOW,-7.889999999999999
6.92,8.39,39.3,27.64,5.79,57.59,CRITICAL,-14.93
5.16,5.34,72.05,40.81,6.47,50.17,MODERATE,-29.180000000000003
21.74,2.27,36.82,48.19,10.68,12.71,LOW,-15.769999999999996
22.65,3.15,50.89,44.01,7.2,77.49,HIGH,-14.16
6.72,2.17,17.79,44.75,24.47,85.14,MODERATE,-13.560000000000002
6.36,1.41,31.29,6.77,2.51,78.45,MODERATE,2.1000000000000014
40.2,1.87,54.38,15.11,37.69,33.6,CRITICAL,62.78
18.06,2.77,64.11,11.73,24.01,42.78,HIGH,30.34
34.17,2.57,47.22,58.68,20.33,72.63,HIGH,-4.18
14.94,0.69,61.63,51.79,5.04,33.65,LOW,-31.81
22.19,1.92,39.55,34.8,6.59,21.96,MODERATE,-6.019999999999996
14.88,3.16,55.98,5.0,23.74,28.77,HIGH,33.62
29.24,0.82,49.79,29.6,29.07,10.0,MODERATE,28.71
2.44,1.91,28.35,44.53,34.87,45.79,MODERATE,-7.220000000000006
29.43,1.64,54.75,33.77,20.22,93.95,HIGH,15.879999999999995
43.44,2.64,27.15,41.47,31.21,33.34,CRITICAL,33.18000000000001
43.88,4.4,42.85,44.67,38.46,73.47,CRITICAL,37.67
9.86,4.49,56.8,38.41,20.07,46.94,MODERATE,-8.479999999999997
2.85,10.0,32.68,42.5,23.22,79.92,CRITICAL,-16.43
12.95,4.65,49.56,19.57,22.35,86.62,CRITICAL,15.729999999999997
3.16,2.67,61.25,27.86,25.47,71.59,MODERATE,0.7699999999999996
25.65,0.96,55.14,57.04,16.43,86.77,MODERATE,-14.96
27.19,2.58,18.39,31.18,21.3,50.57,CRITICAL,17.310000000000002
17.65,8.96,38.22,52.73,15.64,87.13,CRITICAL,-19.439999999999998
5.24,5.33,47.35,54.22,5.96,70.56,MODERATE,-43.019999999999996
23.86,4.94,51.94,5.0,17.63,15.29,CRITICAL,36.489999999999995
18.59,3.27,53.48,58.33,7.89,63.52,MODERATE,-31.849999999999998
3.96,2.67,71.02,23.81,15.34,57.34,LOW,-4.509999999999998
27.06,1.02,61.31,22.62,8.0,14.18,MODERATE,12.440000000000001
8.77,1.55,44.41,30.91,28.29,53.83,MODERATE,6.150000000000002
3.52,3.9,44.51,29.58,23.29,16.79,MODERATE,-2.7699999999999996
22.81,7.61,51.06,5.0,42.12,55.71,CRITICAL,59.92999999999999
20.85,9.44,34.7,34.81,19.59,47.34,CRITICAL,5.6299999999999955
9.9,1.2,62.81,45.76,9.78,82.23,LOW,-26.08
12.68,6.09,42.45,47.33,33.02,41.19,CRITICAL,-1.6299999999999955
1.71,1.81,56.43,43.02,0.49,38.3,LOW,-40.82
20.09,1.94,22.06,8.92,4.78,89.85,CRITICAL,15.950000000000001
11.49,1.7,42.8,71.27,15.02,18.05,LOW,-44.76
21.41,2.57,53.55,64.61,15.27,54.96,LOW,-27.93
34.08,3.03,45.34,48.94,4.2,46.98,MODERATE,-10.659999999999997
43.0,2.9,56.28,47.43,52.42,26.87,CRITICAL,47.99
20.77,3.65,27.73,39.14,2.3,40.8,HIGH,-16.07
8.01,1.42,77.39,42.69,43.64,63.52,MODERATE,8.96
7.35,5.44,74.72,24.5,9.7,57.99,MODERATE,-7.450000000000003
12.15,2.69,51.3,37.1,20.14,19.86,MODERATE,-4.810000000000002
25.05,0.44,43.95,8.63,48.45,39.49,CRITICAL,64.87
21.99,2.92,28.07,36.99,30.35,91.39,CRITICAL,15.350000000000001
35.06,2.09,60.59,30.95,26.35,67.94,CRITICAL,30.460000000000004
31.18,7.93,30.37,55.45,25.98,33.32,CRITICAL,1.7099999999999937
13.48,4.23,44.61,47.69,13.36,87.01,HIGH,-20.849999999999998
10.55,5.58,62.8,42.9,0.0,21.66,LOW,-32.349999999999994
16.59,1.4,52.37,26.32,18.13,50.56,MODERATE,8.399999999999999
11.87,8.64,48.3,38.03,35.27,72.06,CRITICAL,9.11
5.02,0.54,65.42,47.66,22.98,47.07,LOW,-19.659999999999997
18.76,1.91,61.59,5.03,1.13,28.58,MODERATE,14.86
22.41,1.18,66.06,44.33,44.73,65.14,HIGH,22.810000000000002
3.29,3.09,50.56,18.81,3.27,41.26,LOW,-12.249999999999998
8.44,3.0,58.6,29.95,77.23,64.91,CRITICAL,55.72
18.42,5.08,52.95,31.98,16.12,51.26,HIGH,2.560000000000006
11.7,6.16,72.89,39.54,24.4,85.98,HIGH,-3.440000000000005
2.84,0.68,70.77,50.33,34.95,79.28,LOW,-12.539999999999992
25.77,1.24,54.61,7.35,12.69,79.91,HIGH,31.11
22.34,2.32,30.24,59.8,12.6,63.92,MODERATE,-24.86
43.5,6.55,63.15,60.91,0.46,75.34,CRITICAL,-16.949999999999996
11.34,4.05,62.23,23.46,25.89,86.12,CRITICAL,13.770000000000003
14.91,2.06,34.14,30.81,1.82,64.11,MODERATE,-14.079999999999998
34.51,4.07,63.67,28.69,11.06,39.64,CRITICAL,16.88
15.49,2.36,47.13,21.12,84.25,68.1,CRITICAL,78.61999999999999
1.04,1.97,74.0,43.82,10.45,86.03,LOW,-32.33
28.92,2.14,72.14,40.78,32.1,65.54,HIGH,20.240000000000002
15.46,1.68,59.86,46.96,9.9,91.58,LOW,-21.6
12.85,1.91,33.95,57.63,101.02,20.07,HIGH,56.23999999999999
18.11,2.8,43.6,53.39,19.2,73.75,MODERATE,-16.08
5.9,1.05,43.25,47.86,25.27,88.38,LOW,-16.689999999999998
5.65,3.99,65.52,5.0,21.12,35.67,HIGH,21.770000000000003
7.95,4.26,28.14,9.96,0.44,48.67,HIGH,-1.5700000000000003
16.95,2.97,19.0,18.65,114.96,29.02,CRITICAL,113.25999999999999
3.95,6.75,83.14,24.98,18.52,34.37,HIGH,-2.5100000000000016
10.34,2.94,20.37,34.38,14.61,47.87,MODERATE,-9.430000000000003
6.61,1.84,45.9,13.66,1.69,68.41,MODERATE,-5.359999999999999
24.13,0.4,49.55,14.03,125.64,39.49,CRITICAL,135.74
20.66,0.7,53.95,29.18,10.63,31.8,LOW,2.1099999999999994
16.62,4.69,44.98,40.3,35.3,44.6,HIGH,11.620000000000005
13.87,1.3,68.74,42.89,20.06,90.87,LOW,-8.96
1.85,4.27,63.35,25.02,34.77,49.79,HIGH,11.600000000000005
6.59,2.11,70.92,35.71,3.43,80.41,LOW,-25.69
15.27,1.58,35.37,15.29,14.93,61.04,HIGH,14.91
18.41,5.15,20.99,39.47,0.76,16.08,HIGH,-20.299999999999997
93.08,4.03,44.78,32.62,33.32,46.08,CRITICAL,93.78
22.78,2.32,28.23,53.99,6.44,63.64,MODERATE,-24.77
16.08,4.1,48.28,61.78,20.54,84.19,MODERATE,-25.160000000000004
8.01,1.23,60.74,28.32,8.92,49.37,LOW,-11.39
9.2,2.15,45.42,18.23,24.71,10.0,MODERATE,15.679999999999996
5.92,0.87,35.12,43.21,31.39,37.1,LOW,-5.899999999999999
4.3,0.33,67.81,43.88,12.97,45.95,LOW,-26.610000000000003
13.76,4.08,23.56,39.55,7.65,92.84,HIGH,-18.139999999999997
17.43,5.59,45.15,42.9,3.43,98.0,HIGH,-22.04
31.83,5.96,44.74,46.76,9.46,15.93,CRITICAL,-5.469999999999999
5.02,1.09,46.1,28.03,13.9,33.81,LOW,-9.11
13.55,0.97,71.84,12.4,8.22,89.57,MODERATE,9.370000000000003
11.69,3.09,46.3,6.6,1.06,64.77,HIGH,6.15
37.39,1.19,28.34,42.3,2.17,62.61,MODERATE,-2.739999999999995
21.17,1.8,43.41,11.98,34.76,83.3,CRITICAL,43.95
11.92,0.51,34.44,12.6,17.98,95.8,MODERATE,17.299999999999997
10.27,1.81,57.49,42.32,0.75,80.22,LOW,-31.3
29.17,1.41,52.95,23.49,16.67,36.18,HIGH,22.350000000000005
16.61,3.53,54.93,32.33,30.32,66.42,HIGH,14.600000000000001
7.82,2.32,53.16,9.54,44.7,47.58,HIGH,42.980000000000004
7.04,2.26,60.9,32.66,2.57,33.96,LOW,-23.049999999999997
24.22,5.65,75.72,45.1,15.34,37.35,HIGH,-5.539999999999999
29.95,1.44,20.21,39.86,7.03,21.11,MODERATE,-2.8800000000000026
27.34,1.24,32.73,49.48,12.43,10.0,MODERATE,-9.71
10.64,2.68,33.3,44.74,23.11,10.66,MODERATE,-10.990000000000002
1.79,2.06,56.29,49.21,2.96,84.34,LOW,-44.46
12.28,0.39,53.76,56.07,39.32,85.5,LOW,-4.469999999999999
21.63,6.41,59.69,43.76,6.39,63.92,CRITICAL,-15.739999999999998
16.46,0.79,21.27,41.63,34.84,15.72,MODERATE,9.670000000000002
6.97,4.04,29.77,58.53,46.59,81.38,HIGH,-4.969999999999999
18.37,9.92,31.98,24.09,31.75,11.62,CRITICAL,26.030000000000005
15.53,2.92,47.26,57.15,18.5,55.59,LOW,-23.119999999999997
21.07,2.37,38.55,48.63,3.7,66.17,MODERATE,-23.860000000000003
20.92,1.94,27.71,7.71,43.41,43.59,CRITICAL,56.62
5.16,3.07,70.21,18.8,8.5,60.56,MODERATE,-5.140000000000001
34.68,5.08,35.73,33.27,5.81,63.8,CRITICAL,7.219999999999999
16.29,3.86,15.0,27.35,30.18,66.66,CRITICAL,19.119999999999997
5.35,3.88,25.9,41.3,8.96,47.42,MODERATE,-26.989999999999995
9.13,1.25,15.0,58.25,8.83,86.96,LOW,-40.29
8.72,3.4,50.91,38.97,16.49,44.36,MODERATE,-13.759999999999998
27.18,2.51,54.27,26.77,34.3,73.8,CRITICAL,34.709999999999994
2.48,1.8,30.78,37.24,1.92,81.24,LOW,-32.84
13.95,4.22,42.76,35.63,15.58,17.35,HIGH,-6.100000000000001
10.16,1.51,53.15,13.51,39.89,71.71,HIGH,36.54
17.14,4.47,65.97,19.3,1.33,70.85,HIGH,-0.8300000000000018
7.06,3.71,46.98,23.71,12.23,25.25,MODERATE,-4.420000000000002
19.56,1.61,33.29,50.07,11.79,61.35,MODERATE,-18.720000000000002
14.17,1.95,50.01,8.65,6.37,25.47,MODERATE,11.889999999999999
4.5,4.45,41.29,11.48,24.3,65.6,CRITICAL,17.32
37.88,0.99,31.8,41.78,29.85,45.51,HIGH,25.950000000000003
4.26,1.82,29.99,50.98,43.17,80.01,MODERATE,-3.549999999999997
7.33,3.04,22.78,34.71,12.96,24.09,MODERATE,-14.420000000000002
17.91,6.51,32.27,51.02,10.08,49.29,CRITICAL,-23.03
1.12,0.78,15.87,38.13,27.97,36.08,LOW,-9.040000000000003
15.53,1.14,33.39,31.3,46.35,77.31,HIGH,30.580000000000002
28.33,1.63,44.35,33.2,21.44,89.03,HIGH,16.569999999999993
4.27,8.64,52.15,57.72,13.04,74.65,HIGH,-40.41
7.4,2.26,33.76,21.7,7.3,43.55,MODERATE,-7.0
18.21,0.63,47.41,25.02,31.93,84.34,HIGH,25.12
29.19,6.71,64.48,26.43,0.82,85.2,CRITICAL,3.580000000000002
11.19,3.86,38.16,8.26,16.44,66.73,HIGH,19.370000000000005
14.14,2.99,51.05,37.7,14.64,52.1,MODERATE,-8.920000000000002
10.39,6.31,55.85,31.32,0.55,60.93,HIGH,-20.38
4.67,0.95,63.98,51.77,16.57,57.72,LOW,-30.53
38.47,1.85,37.63,5.33,5.21,47.15,CRITICAL,38.35
39.27,3.11,42.98,65.81,1.2,29.2,MODERATE,-25.339999999999996
25.25,6.22,49.68,39.21,17.66,53.48,CRITICAL,3.6999999999999957
9.74,1.49,48.67,41.74,18.2,90.83,MODERATE,-13.800000000000004
18.77,4.0,39.58,51.0,4.46,72.67,HIGH,-27.77
16.53,6.11,34.48,38.99,20.71,31.34,HIGH,-1.75
6.58,3.97,44.85,37.08,13.76,95.99,MODERATE,-16.74
41.26,1.72,23.36,16.51,45.38,27.48,CRITICAL,70.13
16.74,1.98,34.96,22.67,0.62,80.44,MODERATE,-5.310000000000002
14.37,5.34,54.79,5.0,15.0,83.05,CRITICAL,24.369999999999997
14.25,3.05,51.06,36.44,89.27,77.25,CRITICAL,67.08
6.33,0.9,44.77,26.99,24.12,64.18,MODERATE,3.4600000000000044
11.55,4.28,57.59,37.44,55.75,97.26,CRITICAL,29.86
12.01,0.96,52.53,13.9,27.31,70.44,HIGH,25.42
17.14,0.65,37.53,20.89,1.35,95.33,MODERATE,-2.3999999999999986
47.5,1.22,47.92,33.73,12.99,63.41,CRITICAL,26.760000000000005
0.61,1.6,47.04,36.03,14.17,26.46,LOW,-21.25
9.03,1.79,72.28,30.81,46.38,40.72,MODERATE,24.600000000000005
3.68,1.85,33.98,28.74,34.45,68.73,MODERATE,9.390000000000004
5.72,1.09,47.73,49.86,12.19,74.05,LOW,-31.95
12.92,4.96,51.86,39.75,1.94,61.48,HIGH,-24.89
13.63,1.82,25.47,53.81,43.06,60.68,MODERATE,2.8800000000000026
20.71,1.12,56.78,34.24,18.07,37.63,MODERATE,4.539999999999999
17.69,1.46,27.39,61.6,20.02,22.61,LOW,-23.89
9.58,5.65,24.89,5.0,11.75,39.54,CRITICAL,16.33
12.68,4.32,28.77,24.68,12.52,36.58,HIGH,0.5199999999999996
12.24,2.6,41.24,31.04,0.31,38.06,MODERATE,-18.49
26.94,5.66,60.63,11.73,0.22,70.07,CRITICAL,15.43
9.82,5.59,72.57,57.94,20.78,62.06,MODERATE,-27.339999999999996
16.66,1.58,43.86,10.11,6.45,65.53,HIGH,13.0
18.68,0.87,88.53,11.83,6.81,79.08,MODERATE,13.659999999999998
10.39,2.33,52.22,23.78,25.26,61.57,HIGH,11.870000000000005
6.04,0.75,29.15,17.37,32.77,70.94,MODERATE,21.44
2.35,1.96,46.65,16.41,3.62,77.88,LOW,-10.44
16.63,5.4,25.34,39.67,8.71,96.75,CRITICAL,-14.330000000000002
17.14,0.43,48.98,19.51,24.69,34.9,MODERATE,22.319999999999997
15.9,3.73,57.71,48.2,14.02,75.05,MODERATE,-18.28
9.11,0.85,37.45,39.76,14.58,65.84,LOW,-16.07
22.25,4.31,43.39,56.02,1.84,64.3,MODERATE,-31.930000000000003
45.66,3.78,41.14,34.81,38.49,53.09,CRITICAL,49.34
25.53,3.38,73.84,13.39,50.66,35.18,CRITICAL,62.8
15.47,4.07,40.81,44.23,27.0,77.23,HIGH,-1.759999999999998
8.3,2.02,46.68,40.96,4.73,10.4,LOW,-27.93
11.58,4.61,37.57,10.37,2.32,60.53,HIGH,3.530000000000001
24.51,2.08,66.12,28.76,6.12,48.87,MODERATE,1.870000000000001
16.93,3.49,71.17,5.0,25.43,42.35,CRITICAL,37.36
14.13,1.66,60.71,34.42,20.29,70.11,MODERATE,0.0
14.36,1.82,24.16,31.48,6.83,33.99,MODERATE,-10.290000000000003
20.29,0.59,60.15,24.59,1.95,68.96,LOW,-2.3500000000000014
37.6,0.77,50.14,14.48,16.09,84.81,CRITICAL,39.209999999999994
4.87,5.06,57.69,42.95,13.83,59.73,MODERATE,-24.250000000000004
9.24,2.44,42.9,62.88,52.3,55.34,MODERATE,-1.3400000000000034
23.23,2.04,52.9,22.25,47.86,32.4,HIGH,48.84
18.55,5.4,76.21,41.87,18.42,21.6,HIGH,-4.899999999999999
8.92,0.83,53.95,27.03,8.55,63.05,LOW,-9.560000000000002
2.38,3.84,44.46,45.52,13.16,26.41,LOW,-29.980000000000004
29.71,8.04,38.14,45.83,31.97,64.6,CRITICAL,15.850000000000001
4.74,0.87,65.87,28.81,40.76,52.97,MODERATE,16.69
25.64,3.19,74.68,55.41,3.62,32.5,LOW,-26.149999999999995
23.95,0.96,54.19,46.37,4.84,95.67,LOW,-17.58
9.22,2.75,22.5,32.06,18.03,97.12,HIGH,-4.810000000000002
10.11,4.67,46.94,62.68,22.89,56.8,MODERATE,-29.68
5.98,1.92,25.34,45.96,1.54,44.67,LOW,-38.44
18.87,3.33,24.08,45.69,50.58,10.0,HIGH,23.760000000000005
4.2,2.5,51.7,44.87,22.99,27.79,LOW,-17.68
11.19,2.63,53.79,12.13,17.51,31.41,HIGH,16.57
9.78,1.65,39.95,30.85,8.63,69.42,LOW,-12.440000000000001
10.47,6.17,40.64,26.94,0.88,35.61,HIGH,-15.59
18.47,4.23,65.48,24.0,0.51,78.26,HIGH,-5.02
12.55,4.44,44.04,44.89,23.62,80.79,HIGH,-8.719999999999999
2.82,2.5,23.83,52.24,12.57,41.39,LOW,-36.85
20.65,2.21,36.05,29.53,13.83,87.95,HIGH,4.949999999999996
7.49,2.55,24.91,59.08,26.25,10.0,LOW,-25.339999999999996
23.06,2.18,44.35,10.37,44.62,93.23,CRITICAL,57.309999999999995
13.25,2.03,45.15,22.29,2.31,81.5,MODERATE,-6.729999999999999
11.58,0.65,37.74,42.97,1.92,45.58,LOW,-29.47
13.32,3.96,66.96,56.96,63.18,68.95,HIGH,19.54
14.85,0.32,15.0,21.39,17.78,73.94,MODERATE,11.240000000000002
12.95,2.89,15.0,17.91,54.96,65.83,CRITICAL,50.0
37.71,2.25,16.86,37.53,8.57,73.49,CRITICAL,8.75
22.06,1.07,18.25,23.27,8.23,82.2,HIGH,7.02
11.84,3.1,48.33,36.48,0.3,90.43,MODERATE,-24.339999999999996
5.22,0.58,39.73,42.15,36.15,71.67,LOW,-0.7800000000000011
16.35,0.47,30.11,52.32,4.96,22.55,LOW,-31.009999999999998
6.54,3.44,71.82,5.0,9.15,64.8,HIGH,10.690000000000001
14.04,0.78,37.77,23.09,63.08,54.89,HIGH,54.03
13.67,1.7,32.23,60.4,18.58,16.84,LOW,-28.15
77.04,1.12,18.81,36.25,37.2,81.48,CRITICAL,77.99000000000001
4.85,0.29,29.58,48.47,6.88,28.85,LOW,-36.739999999999995
4.33,1.84,61.72,51.35,1.83,45.73,LOW,-45.19
10.78,1.31,28.23,43.35,35.08,31.57,MODERATE,2.509999999999998
9.83,3.45,71.83,49.22,37.66,43.13,MODERATE,-1.730000000000004
28.09,6.48,60.9,53.41,8.55,51.74,HIGH,-16.769999999999996
12.58,1.76,55.99,29.48,11.78,42.15,MODERATE,-5.120000000000001
20.47,1.44,66.91,9.9,144.63,80.07,CRITICAL,155.2
34.57,2.96,63.89,29.12,2.51,89.25,HIGH,7.959999999999997
29.74,1.07,39.87,26.96,55.7,74.27,CRITICAL,58.48
12.5,2.86,31.31,36.19,32.66,76.67,HIGH,8.969999999999999
11.17,1.8,56.04,23.91,16.29,52.49,MODERATE,3.5500000000000007
8.91,1.65,41.51,47.31,38.65,22.1,MODERATE,0.25
21.55,4.07,42.04,24.62,32.3,29.66,CRITICAL,29.229999999999993
22.63,3.92,58.37,30.19,45.01,92.93,CRITICAL,37.45
30.29,2.7,36.41,55.05,74.86,89.02,CRITICAL,50.10000000000001
12.19,0.25,29.58,35.13,47.4,78.83,HIGH,24.459999999999994
15.78,3.49,54.78,51.85,28.54,84.39,HIGH,-7.530000000000001
6.85,2.85,88.37,20.1,57.28,64.4,HIGH,44.029999999999994
23.81,0.78,47.96,38.95,2.03,56.24,LOW,-13.110000000000003
18.18,3.31,53.57,39.43,5.96,65.13,MODERATE,-15.29
17.97,3.49,52.27,11.61,71.09,48.46,CRITICAL,77.45
22.09,1.84,64.67,60.67,24.89,86.38,MODERATE,-13.689999999999998
11.15,2.74,41.41,23.66,0.7,66.36,MODERATE,-11.81
11.12,1.87,71.43,44.06,19.28,50.02,LOW,-13.660000000000004
6.44,1.53,46.03,29.22,5.05,10.24,LOW,-17.729999999999997
9.85,0.43,41.41,11.41,57.79,10.0,HIGH,56.230000000000004
5.65,7.18,62.68,18.05,33.32,24.8,CRITICAL,20.919999999999998
16.63,3.34,33.13,34.33,46.71,52.5,CRITICAL,29.010000000000005
11.63,1.29,63.74,21.68,50.07,35.92,HIGH,40.02
16.92,2.4,69.38,52.7,7.98,69.22,LOW,-27.8
14.58,2.72,59.13,60.16,21.55,76.97,LOW,-24.029999999999994
18.84,7.33,15.0,12.82,10.8,20.38,CRITICAL,16.82
1.98,3.12,61.94,42.92,14.6,24.72,LOW,-26.340000000000003
8.33,4.75,57.49,24.44,6.48,84.83,HIGH,-9.63
30.01,3.88,65.25,31.58,34.57,95.74,CRITICAL,33.0
3.41,7.09,71.05,51.98,22.72,76.87,HIGH,-25.849999999999998
12.1,1.7,38.27,16.33,14.74,79.77,HIGH,10.510000000000002
